date,index_close,index_volume,index_amount,index_turnover
2014-01-02,2321.978,4519429100,49012211124.0,0
2014-01-03,2290.779,5978264500,57739709924.0,0
2014-01-06,2238.637,6630040300,59979360128.0,0
2014-01-07,2238.001,4375310300,42565648108.0,0
2014-01-08,2241.911,5134885400,50691488898.0,0
2014-01-09,2222.221,5598704100,54399491333.0,0
2014-01-10,2204.851,5416929300,47572309533.0,0
2014-01-13,2193.679,5012277200,46123003754.0,0
2014-01-14,2212.846,5404994700,46785099888.0,0
2014-01-15,2208.941,4896239500,45755914348.0,0
2014-01-16,2211.844,5229890200,49842784005.0,0
2014-01-17,2178.488,5027315500,46268159163.0,0
2014-01-20,2165.993,4056015400,39157227541.0,0
2014-01-21,2187.41,4030624700,38590992772.0,0
2014-01-22,2243.796,7064137500,64803357078.0,0
2014-01-23,2231.889,5634595100,55726417393.0,0
2014-01-24,2245.678,6116767000,59563444873.0,0
2014-01-27,2215.919,7034424600,63503992484.0,0
2014-01-28,2219.855,5326913000,49408754555.0,0
2014-01-29,2227.781,5022271700,48788682770.0,0
2014-01-30,2202.45,4363230400,43475960839.0,0
2014-02-07,2212.483,5045931500,49597106433.0,0
2014-02-10,2267.534,8306571600,81103244127.0,0
2014-02-11,2285.562,9922982900,92688969126.0,0
2014-02-12,2291.246,7659216100,73487379679.0,0
2014-02-13,2279.554,9621778900,87352124305.0,0
2014-02-14,2295.575,6708299700,64613327719.0,0
2014-02-17,2311.647,8783166600,86871352624.0,0
2014-02-18,2282.442,8704974300,88107267954.0,0
2014-02-19,2308.656,9935256100,88341900374.0,0
2014-02-20,2287.436,10643953300,91771595713.0,0
2014-02-21,2264.294,7636899300,69908188663.0,0
2014-02-24,2214.509,8921593900,79599146389.0,0
2014-02-25,2157.909,9323755100,88306571728.0,0
2014-02-26,2163.405,7799329700,68640581126.0,0
2014-02-27,2154.108,9010429600,81587999653.0,0
2014-02-28,2178.971,7666805700,70216798972.0,0
2014-03-03,2190.37,8207231400,69408739897.0,0
2014-03-04,2184.273,7306925000,64691438035.0,0
2014-03-05,2163.976,6133201500,55669679402.0,0
2014-03-06,2173.634,6909376700,61495023657.0,0
2014-03-07,2168.358,6426517700,58693177974.0,0
2014-03-10,2097.787,7141640700,63086412572.0,0
2014-03-11,2108.661,5762124300,53075782462.0,0
2014-03-12,2114.134,7006974700,60115239174.0,0
2014-03-13,2140.333,6922602800,59163094375.0,0
2014-03-14,2122.836,5861773700,49805247510.0,0
2014-03-17,2143.038,5240944500,47571288733.0,0
2014-03-18,2138.133,5535413200,54188441365.0,0
2014-03-19,2120.87,5930390500,55283943974.0,0
2014-03-20,2086.967,6763128500,58951601970.0,0
2014-03-21,2158.798,10402480700,83560511769.0,0
2014-03-24,2176.554,10449198400,81203913733.0,0
2014-03-25,2174.44,8687751000,67548473561.0,0
2014-03-26,2171.047,5827617600,50116023097.0,0
2014-03-27,2155.707,7127513200,62175860350.0,0
2014-03-28,2151.965,7008607300,60123341093.0,0
2014-03-31,2146.305,5545748800,48105020054.0,0
2014-04-01,2163.115,4886640300,43659064291.0,0
2014-04-02,2180.727,6503925700,56777151867.0,0
2014-04-03,2165.008,7153603200,57708859685.0,0
2014-04-04,2185.472,4794588800,43912624261.0,0
2014-04-08,2237.316,9721911700,85692893370.0,0
2014-04-09,2238.62,6635726800,61178630422.0,0
2014-04-10,2273.761,11454540500,101616815025.0,0
2014-04-11,2270.666,9061589700,86154853765.0,0
2014-04-14,2268.613,6226499800,60254151500.0,0
2014-04-15,2229.463,6821813000,62599115638.0,0
2014-04-16,2232.526,5167801000,47770218198.0,0
2014-04-17,2224.803,4833362800,45096433749.0,0
2014-04-18,2224.479,5075799500,45709617096.0,0
2014-04-21,2187.248,5627828000,51856112765.0,0
2014-04-22,2196.795,5709469400,52351993061.0,0
2014-04-23,2194.668,4776353100,45191150830.0,0
2014-04-24,2190.474,4505891100,41927012945.0,0
2014-04-25,2167.826,6024538300,52092022381.0,0
2014-04-28,2134.969,6048518700,49998809829.0,0
2014-04-29,2158.47,4820493100,41550353157.0,0
2014-04-30,2158.659,4533462400,39493022295.0,0
2014-05-05,2156.47,4934407300,41470449799.0,0
2014-05-06,2157.328,4808651900,41486451628.0,0
2014-05-07,2137.316,4460747000,37751019661.0,0
2014-05-08,2135.496,4833245200,40729772017.0,0
2014-05-09,2133.911,4918113500,40242745273.0,0
2014-05-12,2180.054,8347256000,66275508636.0,0
2014-05-13,2174.852,6491251800,50241276089.0,0
2014-05-14,2172.372,4851420600,39214123931.0,0
2014-05-15,2144.084,4673403200,38938529216.0,0
2014-05-16,2145.952,4225319700,34987586802.0,0
2014-05-19,2115.143,4289360700,37135950607.0,0
2014-05-20,2115.771,3729968300,31576339037.0,0
2014-05-21,2135.905,3894604200,32246807970.0,0
2014-05-22,2130.868,4625273600,39227549718.0,0
2014-05-23,2148.414,3762310500,32420020159.0,0
2014-05-26,2155.976,3955065600,37788482728.0,0
2014-05-27,2147.28,3589717100,32374256462.0,0
2014-05-28,2169.352,5005626000,45627619375.0,0
2014-05-29,2155.164,4489155600,41076912680.0,0
2014-05-30,2156.464,4392386300,39769199791.0,0
2014-06-03,2149.918,4198295400,37906226058.0,0
2014-06-04,2128.274,4181724900,35607022812.0,0
2014-06-05,2150.602,3647742400,33050774675.0,0
2014-06-06,2134.716,3573805800,32415599488.0,0
2014-06-09,2134.281,3931106000,35326732064.0,0
2014-06-10,2161.268,5050790200,44416141206.0,0
2014-06-11,2160.766,4256371800,37311080748.0,0
2014-06-12,2153.41,4302584300,37252041741.0,0
2014-06-13,2176.242,5925287600,51765511450.0,0
2014-06-16,2191.855,6329687500,56904298384.0,0
2014-06-17,2169.674,4993366500,46244977817.0,0
2014-06-18,2160.239,4946389700,42538095511.0,0
2014-06-19,2126.907,5316264500,46029744918.0,0
2014-06-20,2136.729,4239371900,35425712925.0,0
2014-06-23,2134.11,4117925800,37112428752.0,0
2014-06-24,2144.821,4016435600,38778505304.0,0
2014-06-25,2133.371,3766610000,33809315524.0,0
2014-06-26,2149.076,4435116600,40601836632.0,0
2014-06-27,2150.258,5272289600,45525673947.0,0
2014-06-30,2165.118,5430418800,50277570814.0,0
2014-07-01,2164.559,5332310000,49936284309.0,0
2014-07-02,2170.867,5968550100,53273658927.0,0
2014-07-03,2180.192,6369069000,56024939299.0,0
2014-07-04,2178.695,5285110600,47990033413.0,0
2014-07-07,2176.289,5024233400,47663876919.0,0
2014-07-08,2180.473,5074359900,46017266874.0,0
2014-07-09,2148.71,6202204600,58980248398.0,0
2014-07-10,2142.847,5573249700,50931668887.0,0
2014-07-11,2148.009,6137427400,51551825645.0,0
2014-07-14,2171.758,6615886300,60467088864.0,0
2014-07-15,2174.976,7181569400,64304875149.0,0
2014-07-16,2170.868,8156023000,61126054498.0,0
2014-07-17,2157.068,5945356800,46354646289.0,0
2014-07-18,2164.144,6547329500,53758919136.0,0
2014-07-21,2166.295,5417226000,47731629577.0,0
2014-07-22,2192.698,7854258300,66806114430.0,0
2014-07-23,2197.833,8421387200,69177998063.0,0
2014-07-24,2237.015,11943553400,99964367602.0,0
2014-07-25,2260.454,9897283800,81994560081.0,0
2014-07-28,2323.897,17986933300,145277424291.0,0
2014-07-29,2331.369,13426964100,112176546316.0,0
2014-07-30,2322.011,12302283200,103362308865.0,0
2014-07-31,2350.251,11098776900,93135566963.0,0
2014-08-01,2329.402,12631739000,106125190266.0,0
2014-08-04,2375.62,11671375400,101301888277.0,0
2014-08-05,2369.353,11186178900,97906971246.0,0
2014-08-06,2363.221,11634182900,96681298733.0,0
2014-08-07,2327.457,11672921000,94254453994.0,0
2014-08-08,2331.134,8673969400,72605666133.0,0
2014-08-11,2365.349,9160117100,82973900360.0,0
2014-08-12,2357.052,9182260800,82973769642.0,0
2014-08-13,2358.901,11044778900,94185266458.0,0
2014-08-14,2335.945,9796949300,84251435869.0,0
2014-08-15,2360.635,9359254600,81888217001.0,0
2014-08-18,2374.562,10450955400,90148909855.0,0
2014-08-19,2374.768,11585002000,102742759960.0,0
2014-08-20,2366.14,10128808800,91374802730.0,0
2014-08-21,2354.244,10069021100,92192063269.0,0
2014-08-22,2365.364,8982393800,85642463757.0,0
2014-08-25,2342.863,9737371700,85182493960.0,0
2014-08-26,2324.092,9384422200,83135033150.0,0
2014-08-27,2327.595,6767622100,62448675179.0,0
2014-08-28,2311.278,7049065500,66195966855.0,0
2014-08-29,2338.287,6321142300,58359967752.0,0
2014-09-01,2355.317,7732087000,73362240553.0,0
2014-09-02,2386.46,11443673300,106925790139.0,0
2014-09-03,2408.838,12973420400,123629189433.0,0
2014-09-04,2426.224,11127229800,108294703239.0,0
2014-09-05,2449.259,13355176400,123349320057.0,0
2014-09-09,2445.224,11819434400,107795213548.0,0
2014-09-10,2432.433,10917551700,97472682969.0,0
2014-09-11,2423.454,13298258300,127203381658.0,0
2014-09-12,2438.358,10916017000,96625765409.0,0
2014-09-15,2437.189,12224715900,112507690398.0,0
2014-09-16,2388.765,18674279100,147250169859.0,0
2014-09-17,2401.326,12526902800,98039470145.0,0
2014-09-18,2408.664,11592637600,92105332013.0,0
2014-09-19,2425.211,10181357700,88221038707.0,0
2014-09-22,2378.92,10224087000,88958056522.0,0
2014-09-23,2399.462,8403334100,75463683722.0,0
2014-09-24,2441.864,14271353000,120389934642.0,0
2014-09-25,2436.965,13866189100,119612625726.0,0
2014-09-26,2437.201,10029949400,87757377938.0,0
2014-09-29,2447.799,12340172700,111463779824.0,0
2014-09-30,2450.988,11580422900,101906558841.0,0
2014-10-08,2478.383,12195360400,116500107810.0,0
2014-10-09,2481.955,13792392000,120752628433.0,0
2014-10-10,2466.789,14763430700,121924973049.0,0
2014-10-13,2454.946,13159336200,112784478808.0,0
2014-10-14,2446.562,12739370500,106356643094.0,0
2014-10-15,2463.874,13580188200,114837290107.0,0
2014-10-16,2444.395,15816660300,128340525473.0,0
2014-10-17,2441.732,13275998800,112685625525.0,0
2014-10-20,2454.711,9143540100,84843604900.0,0
2014-10-21,2433.391,9624191200,86622201933.0,0
2014-10-22,2418.641,8865619300,82251744245.0,0
2014-10-23,2395.936,10349183900,86045452830.0,0
2014-10-24,2390.706,7497486900,65601225156.0,0
2014-10-27,2368.832,7386244700,65956480803.0,0
2014-10-28,2416.653,10152305500,90529903107.0,0
2014-10-29,2451.384,15858406200,134541723619.0,0
2014-10-30,2468.925,18962635300,139157358014.0,0
2014-10-31,2508.325,23917241200,181604617039.0,0
2014-11-03,2512.548,20580122800,151406835108.0,0
2014-11-04,2513.172,21824700500,155291882550.0,0
2014-11-05,2503.448,19049186200,146130895120.0,0
2014-11-06,2506.067,14965111700,118839203631.0,0
2014-11-07,2502.153,20876091100,176868665325.0,0
2014-11-10,2565.73,22659973500,187612569248.0,0
2014-11-11,2558.612,32371165600,265840509803.0,0
2014-11-12,2594.318,18468626100,157847382809.0,0
2014-11-13,2579.75,21981561500,192985452900.0,0
2014-11-14,2581.093,16504996500,145409933865.0,0
2014-11-17,2567.101,15847809500,147724645089.0,0
2014-11-18,2541.416,14294135600,124246649435.0,0
2014-11-19,2537.223,12214697400,113031721938.0,0
2014-11-20,2537.099,10614986400,98145538650.0,0
2014-11-21,2583.455,15102813900,143750813260.0,0
2014-11-24,2649.258,27983972000,264974912281.0,0
2014-11-25,2685.561,22261169900,206879208489.0,0
2014-11-26,2723.018,24396248500,239333899163.0,0
2014-11-27,2754.49,26546473000,261164877169.0,0
2014-11-28,2808.819,37532366200,330256023242.0,0
2014-12-01,2819.812,36548741700,338833084229.0,0
2014-12-02,2923.94,36146532200,341185189116.0,0
2014-12-03,2967.549,46615668500,464857500377.0,0
2014-12-04,3104.351,42681292800,433875560243.0,0
2014-12-05,3124.885,52488126000,554362904944.0,0
2014-12-08,3252.881,48446234400,515773683037.0,0
2014-12-09,3106.913,63287456700,702150099247.0,0
2014-12-10,3221.546,42501870800,477300103105.0,0
2014-12-11,3183.012,36709169100,392944833604.0,0
2014-12-12,3193.227,30106532500,337817436996.0,0
2014-12-15,3217.228,29019383400,326668040798.0,0
2014-12-16,3303.402,35812384700,425665729151.0,0
2014-12-17,3360.598,44814077000,527748937956.0,0
2014-12-18,3345.927,35597020700,416260448852.0,0
2014-12-19,3383.167,41121159000,435516864940.0,0
2014-12-22,3394.481,54980167100,537021101759.0,0
2014-12-23,3324.924,36973609300,377227774057.0,0
2014-12-24,3230.385,31744958700,339475799573.0,0
2014-12-25,3335.419,30979954700,330128939928.0,0
2014-12-26,3445.839,38461412400,438838427110.0,0
2014-12-29,3455.455,42501503700,505004508391.0,0
2014-12-30,3457.554,32823387300,394607772399.0,0
2014-12-31,3533.705,34593476000,403710888146.0,0
2015-01-05,3641.541,45119809800,519849817448.0,0
2015-01-06,3641.059,42096218500,498529588258.0,0
2015-01-07,3643.79,32019123200,398731720502.0,0
2015-01-08,3559.259,29500304500,355831967325.0,0
2015-01-09,3546.723,34998267200,430210592272.0,0
2015-01-12,3513.576,26656717500,334257133083.0,0
2015-01-13,3514.04,18715396500,250796676069.0,0
2015-01-14,3502.423,19601251000,241285837533.0,0
2015-01-15,3604.121,23781233800,303445351108.0,0
2015-01-16,3635.146,28268161400,355568710742.0,0
2015-01-19,3355.155,32950527500,366017532103.0,0
2015-01-20,3396.222,29784323200,381917903845.0,0
2015-01-21,3548.885,33792821000,425433704264.0,0
2015-01-22,3567.613,26885359900,345026040998.0,0
2015-01-23,3571.732,28017217200,361835546416.0,0
2015-01-26,3607.985,23976620300,309585710088.0,0
2015-01-27,3574.931,28766917900,357548249621.0,0
2015-01-28,3525.323,21622021400,278749164896.0,0
2015-01-29,3481.798,21161886000,251897926442.0,0
2015-01-30,3434.39,19647915700,237420793858.0,0
2015-02-02,3353.96,19518369900,224837769887.0,0
2015-02-03,3437.445,19284609600,241100023193.0,0
2015-02-04,3401.768,19130434900,244034297155.0,0
2015-02-05,3366.946,25043060900,311523669172.0,0
2015-02-06,3312.42,19266418600,221433183351.0,0
2015-02-09,3345.921,17235382000,220766525021.0,0
2015-02-10,3406.943,15930908800,199120680699.0,0
2015-02-11,3434.124,14461377200,185979219656.0,0
2015-02-12,3442.874,15608169100,191285873488.0,0
2015-02-13,3469.828,20108997100,247076153339.0,0
2015-02-16,3499.483,16564134300,222799721247.0,0
2015-02-17,3522.322,16532831300,214457267905.0,0
2015-02-25,3478.729,16553935100,211739059322.0,0
2015-02-26,3566.295,22932843800,279809075234.0,0
2015-02-27,3572.843,22278643800,271861944608.0,0
2015-03-02,3601.265,24817612500,325164897145.0,0
2015-03-03,3507.9,26186648900,335700118167.0,0
2015-03-04,3530.822,19966398100,257468790961.0,0
2015-03-05,3496.344,21750880500,279030592350.0,0
2015-03-06,3478.52,18151805400,233468244766.0,0
2015-03-09,3537.75,23394041100,277860471571.0,0
2015-03-10,3520.611,19426765700,245366625918.0,0
2015-03-11,3524.653,18894782500,235772755479.0,0
2015-03-12,3592.844,26566462500,322141249344.0,0
2015-03-13,3617.657,24686476800,297298516465.0,0
2015-03-16,3705.671,27543830700,358497570207.0,0
2015-03-17,3757.122,37162566600,455003825887.0,0
2015-03-18,3846.055,41519001100,484465529242.0,0
2015-03-19,3839.739,39154763000,463212821639.0,0
2015-03-20,3892.574,40181755200,544468374302.0,0
2015-03-23,3972.061,39111992200,519760220709.0,0
2015-03-24,3973.046,46858131200,591066800604.0,0
2015-03-25,3940.412,37996885100,501733891680.0,0
2015-03-26,3949.999,34675631500,468538490771.0,0
2015-03-27,3971.697,29875606400,393132347578.0,0
2015-03-30,4088.178,42829702000,546211078887.0,0
2015-03-31,4051.204,43606563500,598121732643.0,0
2015-04-01,4123.895,32951285300,466596904663.0,0
2015-04-02,4124.776,33907048700,476617837707.0,0
2015-04-03,4170.538,32130376600,466965600575.0,0
2015-04-07,4260.044,41536265400,564646323685.0,0
2015-04-08,4295.803,45867671500,658308062760.0,0
2015-04-09,4262.138,43969990200,650419151486.0,0
2015-04-10,4344.416,34819017000,509354291196.0,0
2015-04-13,4421.073,43415303600,598518139930.0,0
2015-04-14,4438.184,43443212600,602127441917.0,0
2015-04-15,4380.513,47215413100,596822875636.0,0
2015-04-16,4513.546,42260374800,564722844124.0,0
2015-04-17,4596.136,55280266300,733953610122.0,0
2015-04-20,4521.919,68643907500,939264904128.0,0
2015-04-21,4619.164,49031499100,685365027867.0,0
2015-04-22,4739.814,51621379200,769924803864.0,0
2015-04-23,4740.892,49743095400,752258236225.0,0
2015-04-24,4702.641,48015293600,721273097490.0,0
2015-04-27,4807.592,51307654800,765910402328.0,0
2015-04-28,4741.861,60863854500,860349875255.0,0
2015-04-29,4774.326,39505698000,601676350605.0,0
2015-04-30,4749.886,39972744400,612511415165.0,0
2015-05-04,4787.741,37784385300,565453373624.0,0
2015-05-05,4596.837,46041962600,660020218474.0,0
2015-05-06,4553.327,37607370200,586033987365.0,0
2015-05-07,4470.089,29775920300,427189953161.0,0
2015-05-08,4558.404,30240796700,452090694881.0,0
2015-05-11,4690.532,37383842000,583260408778.0,0
2015-05-12,4747.421,37705389100,607123299939.0,0
2015-05-13,4718.436,37073042400,590479847838.0,0
2015-05-14,4700.778,33772515200,513219655550.0,0
2015-05-15,4617.47,32843116600,506695010176.0,0
2015-05-18,4575.14,26918048900,434083129375.0,0
2015-05-19,4731.222,31478595200,524232160128.0,0
2015-05-20,4754.919,36318074800,589956272979.0,0
2015-05-21,4840.976,30505453700,505346105539.0,0
2015-05-22,4951.335,45584671800,719129953200.0,0
2015-05-25,5099.495,46573659000,757085825931.0,0
2015-05-26,5198.918,48794935900,802295843467.0,0
2015-05-27,5181.434,47079873000,777826309129.0,0
2015-05-28,4834.007,57182904700,873207363731.0,0
2015-05-29,4840.829,42787885900,636008152610.0,0
2015-06-01,5076.179,41750374100,637843681462.0,0
2015-06-02,5161.87,41297319600,658452859697.0,0
2015-06-03,5143.59,41425827000,672056532157.0,0
2015-06-04,5181.416,48276726800,735170669363.0,0
2015-06-05,5230.552,54596119600,855224403052.0,0
2015-06-08,5353.751,63731323700,949498013951.0,0
2015-06-09,5317.461,57042726300,871431819564.0,0
2015-06-10,5309.112,44216567600,711509256785.0,0
2015-06-11,5306.59,39233875500,660584867997.0,0
2015-06-12,5335.115,43013138600,694213173337.0,0
2015-06-15,5221.167,47574570300,766237730233.0,0
2015-06-16,5064.821,41167563800,651522532247.0,0
2015-06-17,5138.831,39712418700,589868366440.0,0
2015-06-18,4930.549,36439581400,555646755662.0,0
2015-06-19,4637.052,35810474400,519609575034.0,0
2015-06-23,4786.091,36508794400,536984113004.0,0
2015-06-24,4880.126,43463872300,615374085939.0,0
2015-06-25,4706.516,44613598200,640246401379.0,0
2015-06-26,4336.195,44663979000,612959478689.0,0
2015-06-29,4191.549,52566248200,704014548847.0,0
2015-06-30,4472.998,52704528000,716045824698.0,0
2015-07-01,4253.021,43172141100,623330596858.0,0
2015-07-02,4107.996,45706219400,593506685518.0,0
2015-07-03,3885.917,42930085000,538216869728.0,0
2015-07-06,3998.537,64809453000,779558044352.0,0
2015-07-07,3928.002,67938500700,795962644454.0,0
2015-07-08,3663.038,58146709700,640122398881.0,0
2015-07-09,3897.626,50387061000,564744043358.0,0
2015-07-10,4106.556,50070180200,629079512954.0,0
2015-07-13,4211.812,50209218600,659251724205.0,0
2015-07-14,4112.149,45442200900,597521262486.0,0
2015-07-15,3966.759,42195636700,514064532339.0,0
2015-07-16,3997.355,33053134500,410050894560.0,0
2015-07-17,4151.496,33110713100,435597103716.0,0
2015-07-20,4160.612,35267347200,483493894661.0,0
2015-07-21,4166.006,31837494500,431695843789.0,0
2015-07-22,4157.16,31894599700,441832505196.0,0
2015-07-23,4250.805,35447175900,483972220006.0,0
2015-07-24,4176.279,39204537300,535901647230.0,0
2015-07-27,3818.731,36505451100,477952010794.0,0
2015-07-28,3811.093,38352721600,482654543336.0,0
2015-07-29,3930.379,27697284500,372287868068.0,0
2015-07-30,3815.412,27154866500,376351170573.0,0
2015-07-31,3816.699,22237676700,299312543754.0,0
2015-08-03,3829.235,24580503000,309631297700.0,0
2015-08-04,3948.156,22023655600,288756503266.0,0
2015-08-05,3866.9,20048426900,272693513971.0,0
2015-08-06,3831.852,14727869400,195532363765.0,0
2015-08-07,3906.945,18334915300,246546119056.0,0
2015-08-10,4084.365,30678054000,401702020648.0,0
2015-08-11,4066.669,32203419100,416996541243.0,0
2015-08-12,4016.126,25514619600,339799364935.0,0
2015-08-13,4075.463,24283697900,319887602964.0,0
2015-08-14,4073.54,25339299600,340076813259.0,0
2015-08-17,4077.872,25693963800,336830563044.0,0
2015-08-18,3825.412,31988107000,424924184411.0,0
2015-08-19,3886.136,26904983900,340923470856.0,0
2015-08-20,3761.454,21216796500,270576698834.0,0
2015-08-21,3589.536,21798640300,267498426435.0,0
2015-08-24,3275.534,25543665200,273124228208.0,0
2015-08-25,3042.927,27608130600,281160333742.0,0
2015-08-26,3025.692,30827062300,312188248685.0,0
2015-08-27,3205.637,26729493000,278769983405.0,0
2015-08-28,3342.286,29949842600,318763482694.0,0
2015-08-31,3366.536,28025040300,306610891136.0,0
2015-09-01,3362.083,35245852800,351387828324.0,0
2015-09-02,3365.832,34778941200,348986389305.0,0
2015-09-07,3250.485,20422443100,221756790269.0,0
2015-09-08,3334.023,15459963100,168294750030.0,0
2015-09-09,3399.305,22046742100,258815794996.0,0
2015-09-10,3357.561,14488297100,168108269695.0,0
2015-09-11,3347.188,10854750800,130262410873.0,0
2015-09-14,3281.132,20545725100,226168550065.0,0
2015-09-15,3152.232,14355564100,145989213753.0,0
2015-09-16,3309.248,15970999400,168269840344.0,0
2015-09-17,3236.999,16940188100,190270181393.0,0
2015-09-18,3251.273,10690348100,121752531747.0,0
2015-09-21,3308.247,12278866800,145323018237.0,0
2015-09-22,3339.03,14622198500,172492862561.0,0
2015-09-23,3263.028,12317143900,136885975737.0,0
2015-09-24,3284.999,10201123800,120820642496.0,0
2015-09-25,3231.951,12141927800,137602168790.0,0
2015-09-28,3242.752,7421946800,88007466971.0,0
2015-09-29,3178.854,8715063300,96691510035.0,0
2015-09-30,3202.948,7855934900,95881598729.0,0
2015-10-08,3296.482,13208176800,164120601354.0,0
2015-10-09,3340.116,12435250000,144731343186.0,0
2015-10-12,3447.693,22140046800,263706468495.0,0
2015-10-13,3445.043,14543378600,174978937957.0,0
2015-10-14,3406.112,15217393800,174599255680.0,0
2015-10-15,3486.815,17115829900,201881880361.0,0
2015-10-16,3534.065,20896470900,252211491386.0,0
2015-10-19,3534.182,20760674400,254890985147.0,0
2015-10-20,3577.703,17902510800,226525577194.0,0
2015-10-21,3473.254,28207605000,326886985805.0,0
2015-10-22,3524.534,18430558000,223583606540.0,0
2015-10-23,3571.241,19829447800,247059685203.0,0
2015-10-26,3589.261,20424886300,270489759134.0,0
2015-10-27,3592.879,19205614000,239042538536.0,0
2015-10-28,3524.92,17097709800,213303023833.0,0
2015-10-29,3533.306,12701044600,161051885808.0,0
2015-10-30,3534.079,13914191400,183317149529.0,0
2015-11-02,3475.962,13000256800,167455101934.0,0
2015-11-03,3465.493,10140187600,132231502584.0,0
2015-11-04,3628.538,20542386500,266955889953.0,0
2015-11-05,3705.97,39804656800,495138171518.0,0
2015-11-06,3793.374,29875307600,389779446699.0,0
2015-11-09,3840.355,35680482300,463161707601.0,0
2015-11-10,3833.238,28651960300,380910629424.0,0
2015-11-11,3833.646,23223429600,307008336072.0,0
2015-11-12,3795.324,21753764700,302446791881.0,0
2015-11-13,3746.242,20348989100,281961129453.0,0
2015-11-16,3764.126,16169090100,227483711616.0,0
2015-11-17,3758.387,24853307100,365138598381.0,0
2015-11-18,3715.58,18568949500,254137953313.0,0
2015-11-19,3774.969,15463198900,204557606993.0,0
2015-11-20,3774.383,18695168900,242295089781.0,0
2015-11-23,3753.335,17562681200,234640979610.0,0
2015-11-24,3753.889,14338328300,192495095083.0,0
2015-11-25,3781.607,15194494100,215125047954.0,0
2015-11-26,3759.429,17352546800,239797205559.0,0
2015-11-27,3556.992,20893935800,269758168475.0,0
2015-11-30,3566.412,17320116300,220098287801.0,0
2015-12-01,3591.696,13653655400,176598805608.0,0
2015-12-02,3721.955,21353886500,260938692616.0,0
2015-12-03,3749.299,19776212600,236698987440.0,0
2015-12-04,3677.592,15119952200,196455597757.0,0
2015-12-07,3687.607,11388315000,161220059836.0,0
2015-12-08,3623.02,12578108300,163317229186.0,0
2015-12-09,3635.938,11332542200,154319992100.0,0
2015-12-10,3623.084,12021562500,168622188283.0,0
2015-12-11,3608.059,11032248100,145248640244.0,0
2015-12-14,3711.322,15176911900,203291513291.0,0
2015-12-15,3694.388,12648171000,186795461663.0,0
2015-12-16,3685.44,11134272300,160118243242.0,0
2015-12-17,3755.888,17792407500,242543823434.0,0
2015-12-18,3767.913,17346598000,232281458171.0,0
2015-12-21,3865.965,21743527500,289905289214.0,0
2015-12-22,3876.732,18030366100,243797366698.0,0
2015-12-23,3866.381,20701714700,294710770246.0,0
2015-12-24,3829.402,14718139700,203683543579.0,0
2015-12-25,3838.201,11962401300,163314511431.0,0
2015-12-28,3727.632,15398844000,210026020459.0,0
2015-12-29,3761.875,10188555500,140405054699.0,0
2015-12-30,3765.175,10562995500,155744099319.0,0
2015-12-31,3731.005,10187355600,145043696235.0,0
2016-01-04,3469.066,11537067400,145968206095.0,0
2016-01-05,3478.78,16211698400,196017085879.0,0
2016-01-06,3539.808,14596614400,160947198402.0,0
2016-01-07,3294.384,4410264100,47130795628.0,0
2016-01-08,3361.563,18595945100,203498868289.0,0
2016-01-11,3192.45,17463838700,184464050180.0,0
2016-01-12,3215.71,12822579600,142048909710.0,0
2016-01-13,3155.879,12066649400,130886082444.0,0
2016-01-14,3221.571,13453767100,144771580596.0,0
2016-01-15,3118.73,12460177900,131882737252.0,0
2016-01-18,3130.729,10112838600,109458287764.0,0
2016-01-19,3223.125,12765389300,142907686296.0,0
2016-01-20,3174.378,13065050400,143313337192.0,0
2016-01-21,3081.345,11118973300,121856195433.0,0
2016-01-22,3113.463,8995108700,96885673842.0,0
2016-01-25,3128.886,8154006100,85777891364.0,0
2016-01-26,2940.509,12693392100,127250652518.0,0
2016-01-27,2930.352,13222936600,126997670778.0,0
2016-01-28,2853.756,9922275600,95663874927.0,0
2016-01-29,2946.09,11330425900,109462356680.0,0
2016-02-01,2901.048,8679534200,82931453498.0,0
2016-02-02,2961.334,8860196300,88740230428.0,0
2016-02-03,2948.639,7738900000,74817092259.0,0
2016-02-04,2984.76,9177972400,91550346872.0,0
2016-02-05,2963.789,7685080800,77443222334.0,0
2016-02-15,2946.707,7291943400,71285049141.0,0
2016-02-16,3037.035,11257964300,112300492317.0,0
2016-02-17,3063.32,12829160700,122279340234.0,0
2016-02-18,3053.698,12440146400,122618612161.0,0
2016-02-19,3051.585,8733801200,90849341804.0,0
2016-02-22,3118.867,14094696800,141684080627.0,0
2016-02-23,3089.363,11256739100,117476469063.0,0
2016-02-24,3109.545,11178265000,112918607549.0,0
2016-02-25,2918.75,15782975200,153493008194.0,0
2016-02-26,2948.031,10694972900,102531571946.0,0
2016-02-29,2877.467,12934102000,118440829598.0,0
2016-03-01,2930.694,11604591800,110491037808.0,0
2016-03-02,3051.333,17597234700,164025161471.0,0
2016-03-03,3058.422,17310574400,165509087742.0,0
2016-03-04,3093.889,21917253400,205520475543.0,0
2016-03-07,3104.84,13246203700,127790344488.0,0
2016-03-08,3107.673,13623574200,128758488144.0,0
2016-03-09,3071.907,11146624500,106298652785.0,0
2016-03-10,3013.146,7607219700,78180468559.0,0
2016-03-11,3018.284,7333356400,74367296548.0,0
2016-03-14,3065.69,11710865500,123539094703.0,0
2016-03-15,3074.78,9831194100,101302845698.0,0
2016-03-16,3090.033,12473644800,126128854001.0,0
2016-03-17,3124.204,12166177700,136603715775.0,0
2016-03-18,3171.963,19730256400,210017810346.0,0
2016-03-21,3249.437,23326946400,256836636273.0,0
2016-03-22,3225.79,16102089700,194211982989.0,0
2016-03-23,3236.092,12567928600,155567074583.0,0
2016-03-24,3181.851,13313112200,162436036415.0,0
2016-03-25,3197.817,9739533000,115195604431.0,0
2016-03-28,3169.728,10344193300,123844044128.0,0
2016-03-29,3135.41,9729474700,113844280553.0,0
2016-03-30,3216.275,11780251200,140721774451.0,0
2016-03-31,3218.088,12155207400,147267617416.0,0
2016-04-01,3221.895,11812213900,127050098456.0,0
2016-04-05,3264.486,14604777200,159296543667.0,0
2016-04-06,3257.528,12019630500,137206268587.0,0
2016-04-07,3209.29,11240946700,128273067720.0,0
2016-04-08,3185.726,10100562500,113920716519.0,0
2016-04-11,3230.096,12521270900,142759491340.0,0
2016-04-12,3218.45,9286943700,99086557951.0,0
2016-04-13,3261.383,19561386600,200159601290.0,0
2016-04-14,3275.832,11315732700,117989443450.0,0
2016-04-15,3272.205,9980752900,107963982334.0,0
2016-04-18,3228.453,9709006900,103956150095.0,0
2016-04-19,3238.303,8087144000,90976236261.0,0
2016-04-20,3181.026,16220785800,172324694469.0,0
2016-04-21,3160.603,10475265100,110324379038.0,0
2016-04-22,3174.901,7707849200,82442921903.0,0
2016-04-25,3162.033,6751935100,74734848036.0,0
2016-04-26,3179.16,5902073400,68871554173.0,0
2016-04-27,3165.916,6000414700,70620405995.0,0
2016-04-28,3160.581,6987066000,78876767222.0,0
2016-04-29,3156.745,5802977600,70807704222.0,0
2016-05-03,3213.54,9816483500,115733867591.0,0
2016-05-04,3209.461,9086240800,97797134813.0,0
2016-05-05,3213.92,7473368100,83946496908.0,0
2016-05-06,3130.354,10868024000,119265216104.0,0
2016-05-09,3065.615,9923047700,100409213488.0,0
2016-05-10,3069.112,6884993500,70650764147.0,0
2016-05-11,3082.809,8179425800,87323408342.0,0
2016-05-12,3090.137,7876572600,81418792606.0,0
2016-05-13,3074.935,6262975500,65850995649.0,0
2016-05-16,3095.309,5946185600,64405200020.0,0
2016-05-17,3086.025,6527812500,75389385458.0,0
2016-05-18,3068.036,8271536900,88458847115.0,0
2016-05-19,3062.5,6044416600,68679060392.0,0
2016-05-20,3078.218,5608084200,65124251092.0,0
2016-05-23,3087.222,5969721600,70337514484.0,0
2016-05-24,3063.556,5873438500,61106015446.0,0
2016-05-25,3059.226,5665280300,63316562530.0,0
2016-05-26,3064.211,6039298100,65985183919.0,0
2016-05-27,3062.499,6046875000,59371777079.0,0
2016-05-30,3066.709,6309857900,63496565009.0,0
2016-05-31,3169.56,13886311100,151398175957.0,0
2016-06-01,3160.547,11314848200,131700821152.0,0
2016-06-02,3167.1,8600342700,97093625345.0,0
2016-06-03,3189.325,10149178300,136332027087.0,0
2016-06-06,3178.788,7669375100,101176231366.0,0
2016-06-07,3177.054,6892831400,88711618425.0,0
2016-06-08,3163.986,7629177500,97682790861.0,0
2016-06-13,3066.341,9297594700,114091320004.0,0
2016-06-14,3075.983,6627945700,78622305350.0,0
2016-06-15,3116.368,8739325700,106170177872.0,0
2016-06-16,3094.675,8297470300,93496238871.0,0
2016-06-17,3110.357,8540298500,97953389320.0,0
2016-06-20,3112.674,6358714100,74647802462.0,0
2016-06-21,3106.317,8796534500,107233643632.0,0
2016-06-22,3133.961,6648711300,81348715848.0,0
2016-06-23,3117.317,6775173800,81732552159.0,0
2016-06-24,3077.156,10479220800,118967441702.0,0
2016-06-27,3120.544,8326725900,104066083791.0,0
2016-06-28,3136.401,9202463700,117197791504.0,0
2016-06-29,3151.39,10372366800,117958861189.0,0
2016-06-30,3153.921,7969261700,100627912925.0,0
2016-07-01,3154.2,7174628300,91215027688.0,0
2016-07-04,3204.696,13331052900,149894780037.0,0
2016-07-05,3207.383,13022689500,143899100428.0,0
2016-07-06,3216.803,12489745800,147232471496.0,0
2016-07-07,3209.954,11859520200,140488833675.0,0
2016-07-08,3192.281,8973485500,111063465417.0,0
2016-07-11,3203.33,13852951100,155288151673.0,0
2016-07-12,3273.182,17253421700,190853738897.0,0
2016-07-13,3282.868,17519609000,196592300322.0,0
2016-07-14,3276.764,10752579800,128090420917.0,0
2016-07-15,3276.278,10266502600,125179812929.0,0
2016-07-18,3262.022,11031251800,129785706199.0,0
2016-07-19,3248.234,8888686100,107108911172.0,0
2016-07-20,3237.605,7270125500,91367448994.0,0
2016-07-21,3252.523,8600482500,107464072513.0,0
2016-07-22,3225.162,8602912800,107416887320.0,0
2016-07-25,3230.885,7020318500,92015844035.0,0
2016-07-26,3269.588,8105108900,103745762758.0,0
2016-07-27,3218.243,16018866500,186928366498.0,0
2016-07-28,3221.136,11277996400,137295892753.0,0
2016-07-29,3203.93,8804483700,103787029748.0,0
2016-08-01,3176.809,8700349700,98818634361.0,0
2016-08-02,3189.053,6216763900,70640763842.0,0
2016-08-03,3193.507,7286410200,79754323301.0,0
2016-08-04,3201.289,7350437300,86919591121.0,0
2016-08-05,3205.11,7719636600,94429542391.0,0
2016-08-08,3234.183,8667605100,102638114597.0,0
2016-08-09,3256.981,9106525900,105924052436.0,0
2016-08-10,3243.341,9043037200,106157448028.0,0
2016-08-11,3233.36,10104121300,116996159046.0,0
2016-08-12,3294.234,11625404400,129354686387.0,0
2016-08-15,3393.424,22054342100,258897463910.0,0
2016-08-16,3378.245,19638974000,226785231085.0,0
2016-08-17,3373.048,13884768800,167917530856.0,0
2016-08-18,3364.485,14238016900,172256533000.0,0
2016-08-19,3365.02,11996150800,135382706293.0,0
2016-08-22,3336.795,10795100800,128201783812.0,0
2016-08-23,3341.83,9292451600,108503692377.0,0
2016-08-24,3329.863,8119142900,94012832200.0,0
2016-08-25,3308.972,10058915300,112578140010.0,0
2016-08-26,3307.09,8153069100,93213205560.0,0
2016-08-29,3307.781,7703633300,88011642022.0,0
2016-08-30,3311.987,7572598700,89513016667.0,0
2016-08-31,3327.794,7957080500,99215044445.0,0
2016-09-01,3301.577,8494721900,100911462823.0,0
2016-09-02,3314.114,8279180300,99396378584.0,0
2016-09-05,3319.68,7829247700,87531089645.0,0
2016-09-06,3342.626,9828399800,118366533426.0,0
2016-09-07,3340.817,10294010600,115119908617.0,0
2016-09-08,3339.564,7191615800,83742346850.0,0
2016-09-09,3318.044,8265703600,95471188732.0,0
2016-09-12,3262.604,12291768200,134456630927.0,0
2016-09-13,3260.333,6718028800,76862644231.0,0
2016-09-14,3238.73,7043269700,79780746436.0,0
2016-09-19,3263.124,5883108200,67678031642.0,0
2016-09-20,3257.403,5278420600,61626150818.0,0
2016-09-21,3266.636,5914297900,68957744044.0,0
2016-09-22,3291.121,7575354200,89991761655.0,0
2016-09-23,3275.667,5799398600,68046257250.0,0
2016-09-26,3220.284,7045218600,78700835132.0,0
2016-09-27,3240.755,5846055000,66651130361.0,0
2016-09-28,3230.89,4472749800,51996404752.0,0
2016-09-29,3244.387,5545255600,62220302312.0,0
2016-09-30,3253.285,4497802200,52655734553.0,0
2016-10-10,3293.869,8051926000,89607989896.0,0
2016-10-11,3306.557,8771316300,88213421183.0,0
2016-10-12,3300.01,6866978100,72386912616.0,0
2016-10-13,3302.646,8122419800,79923748596.0,0
2016-10-14,3305.848,8231627100,81485597806.0,0
2016-10-17,3277.879,8611350900,88199418936.0,0
2016-10-18,3321.333,10286071400,104625044142.0,0
2016-10-19,3316.241,10116772500,96354442199.0,0
2016-10-20,3318.604,7923887100,82481095277.0,0
2016-10-21,3327.74,10978517600,107114926126.0,0
2016-10-24,3367.578,15301434500,150063007899.0,0
2016-10-25,3367.455,11119169300,110576512916.0,0
2016-10-26,3354.8,9802478600,104719318220.0,0
2016-10-27,3345.695,7762985100,85241012414.0,0
2016-10-28,3340.126,9313330900,104797971448.0,0
2016-10-31,3336.278,7135286300,80701820968.0,0
2016-11-01,3359.052,7493819900,84717683750.0,0
2016-11-02,3333.352,9119710400,100348995733.0,0
2016-11-03,3365.085,12622350400,137386468361.0,0
2016-11-04,3354.175,10406965500,110813764577.0,0
2016-11-07,3356.592,9987798800,94370876771.0,0
2016-11-08,3371.118,10314828200,105138256061.0,0
2016-11-09,3353.055,13911005900,145186921690.0,0
2016-11-10,3390.612,13470553500,133277399553.0,0
2016-11-11,3417.221,19878149600,190647270040.0,0
2016-11-14,3430.248,21324710500,208353308629.0,0
2016-11-15,3429.87,13456632000,135206770523.0,0
2016-11-16,3429.592,12980851100,128944599173.0,0
2016-11-17,3436.535,12156173100,121576882948.0,0
2016-11-18,3417.455,11595120500,117345607612.0,0
2016-11-21,3441.111,14643452900,147542589349.0,0
2016-11-22,3468.364,16852344600,167250665827.0,0
2016-11-23,3474.729,16238850400,171247116196.0,0
2016-11-24,3488.74,14574630100,165071453531.0,0
2016-11-25,3521.298,15362150600,166832181108.0,0
2016-11-28,3535.081,20737548300,219859766828.0,0
2016-11-29,3564.04,23691835600,248322816339.0,0
2016-11-30,3538.001,17856017800,190681227631.0,0
2016-12-01,3565.036,18017076100,199637742998.0,0
2016-12-02,3528.955,19635548000,203742147476.0,0
2016-12-05,3469.407,18085235500,190175061733.0,0
2016-12-06,3459.153,11552909000,125727753193.0,0
2016-12-07,3475.747,11434510300,115282194223.0,0
2016-12-08,3470.143,11738392200,119188508676.0,0
2016-12-09,3493.7,15030330800,152674867707.0,0
2016-12-12,3409.179,18746775100,199163540831.0,0
2016-12-13,3405.035,12110509700,124454188749.0,0
2016-12-14,3378.945,12400774400,126182669414.0,0
2016-12-15,3340.434,11496066000,121507811540.0,0
2016-12-16,3346.031,9077542200,98112206845.0,0
2016-12-19,3328.983,8164067800,86095693838.0,0
2016-12-20,3309.064,8756959200,88527345889.0,0
2016-12-21,3338.536,10825499500,106205485213.0,0
2016-12-22,3335.672,9227724900,92564877570.0,0
2016-12-23,3307.599,9744471300,99575473231.0,0
2016-12-26,3322.401,8979398200,95493219936.0,0
2016-12-27,3316.385,7548635900,79617133030.0,0
2016-12-28,3301.889,6900043700,71759839566.0,0
2016-12-29,3297.765,7008792300,75972960431.0,0
2016-12-30,3310.081,7174411600,76921368838.0,0
2017-01-03,3342.227,8656789600,87612765768.0,0
2017-01-04,3368.312,9005082700,98014355468.0,0
2017-01-05,3367.789,8833635700,91189339582.0,0
2017-01-06,3347.667,8745911400,91072256748.0,0
2017-01-09,3363.901,8370794200,87916115243.0,0
2017-01-10,3358.271,8381916000,82533965080.0,0
2017-01-11,3334.495,9107143800,86750457122.0,0
2017-01-12,3317.624,8123913500,75031886874.0,0
2017-01-13,3319.912,8418058900,84556101403.0,0
2017-01-16,3319.446,15777913500,153262520121.0,0
2017-01-17,3326.356,6945332800,74754505696.0,0
2017-01-18,3339.365,7062322700,75680677264.0,0
2017-01-19,3329.289,6615980800,63869709163.0,0
2017-01-20,3354.889,6530046200,70831324310.0,0
2017-01-23,3364.081,7555749800,76492660154.0,0
2017-01-24,3364.451,6619422600,66049651289.0,0
2017-01-25,3375.904,5837693100,62483395802.0,0
2017-01-26,3387.961,6531664700,66488818305.0,0
2017-02-03,3364.492,5518886100,57113853255.0,0
2017-02-06,3373.205,6852136000,73408134768.0,0
2017-02-07,3365.685,6375446200,69758178999.0,0
2017-02-08,3383.288,7540287900,82869735773.0,0
2017-02-09,3396.292,9755851500,102134228699.0,0
2017-02-10,3413.487,12376872000,121908580284.0,0
2017-02-13,3436.275,12014453800,125332998844.0,0
2017-02-14,3435.804,9480946500,98537165438.0,0
2017-02-15,3421.713,12764333800,124653179488.0,0
2017-02-16,3440.933,10827696200,101809767504.0,0
2017-02-17,3421.442,11460003600,118033129670.0,0
2017-02-20,3471.393,13262886200,134681505159.0,0
2017-02-21,3482.823,11484200900,120675429543.0,0
2017-02-22,3489.757,10281599400,109232425841.0,0
2017-02-23,3473.323,9953633000,106555922466.0,0
2017-02-24,3473.852,9553513300,99875164759.0,0
2017-02-27,3446.223,9867216000,106830874529.0,0
2017-02-28,3452.81,7521526000,81979307361.0,0
2017-03-01,3458.438,10326035400,109317781348.0,0
2017-03-02,3435.096,8989807700,97876187925.0,0
2017-03-03,3427.863,8099465200,90009618835.0,0
2017-03-06,3446.484,8307088200,95178548496.0,0
2017-03-07,3453.957,8033472000,94483824245.0,0
2017-03-08,3448.731,7958769000,89124904682.0,0
2017-03-09,3426.944,8457038100,90090049490.0,0
2017-03-10,3427.892,7001619900,82161714923.0,0
2017-03-13,3458.098,9168412400,108489140923.0,0
2017-03-14,3456.693,7707796300,95317564129.0,0
2017-03-15,3463.644,7910495400,94056256667.0,0
2017-03-16,3481.507,10633391300,124695573677.0,0
2017-03-17,3445.805,10375556000,122368918550.0,0
2017-03-20,3449.613,8873432200,103769403897.0,0
2017-03-21,3466.347,8770785500,113528201390.0,0
2017-03-22,3450.05,10493589400,123865640377.0,0
2017-03-23,3461.978,9431806200,115813813702.0,0
2017-03-24,3489.6,12564583300,141752526681.0,0
2017-03-27,3478.039,10701537700,124388012134.0,0
2017-03-28,3469.809,8419482000,97495938765.0,0
2017-03-29,3465.193,10485170600,114663468279.0,0
2017-03-30,3436.758,11637692200,122088021630.0,0
2017-03-31,3456.045,9157749100,100984904830.0,0
2017-04-05,3503.893,14339901700,160742981172.0,0
2017-04-06,3514.047,13676700400,145221644165.0,0
2017-04-07,3517.463,14029320400,144559675567.0,0
2017-04-10,3505.139,14188738000,155747834572.0,0
2017-04-11,3517.328,16594583200,189457268655.0,0
2017-04-12,3509.439,18182453700,202154571423.0,0
2017-04-13,3514.566,12998181300,133345929014.0,0
2017-04-14,3486.504,13547407800,130425385379.0,0
2017-04-17,3479.942,11716496100,123884371227.0,0
2017-04-18,3462.743,11092782300,126790853425.0,0
2017-04-19,3445.876,12134926400,127050362407.0,0
2017-04-20,3461.548,11418420800,133977258346.0,0
2017-04-21,3466.787,10441911000,115208831746.0,0
2017-04-24,3431.259,11466079100,122778154321.0,0
2017-04-25,3440.974,9407214800,107599357209.0,0
2017-04-26,3445.183,11194002900,131316579235.0,0
2017-04-27,3446.72,12329842500,134610947828.0,0
2017-04-28,3439.753,10163235100,113761006698.0,0
2017-05-02,3426.577,9279746200,101635858602.0,0
2017-05-03,3413.128,9166962400,97854119098.0,0
2017-05-04,3404.386,10348207500,106985952575.0,0
2017-05-05,3382.55,10989533300,117464939578.0,0
2017-05-08,3358.813,12374928700,126885426472.0,0
2017-05-09,3352.532,7677166800,85528831749.0,0
2017-05-10,3337.701,9208262800,102194980791.0,0
2017-05-11,3356.646,10925289000,111576379054.0,0
2017-05-12,3385.379,9338646600,97522124594.0,0
2017-05-15,3399.194,8297761100,92183332845.0,0
2017-05-16,3428.649,10524241600,112814103201.0,0
2017-05-17,3409.966,9973683700,110553451835.0,0
2017-05-18,3398.113,8575958900,88091166041.0,0
2017-05-19,3403.849,7147352500,78397081602.0,0
2017-05-22,3411.239,9253955900,99021121578.0,0
2017-05-23,3424.194,11691103300,126767856025.0,0
2017-05-24,3424.167,8355316100,92620045548.0,0
2017-05-25,3485.658,13072163100,136634020807.0,0
2017-05-26,3480.435,10324115300,112585907354.0,0
2017-05-31,3492.884,10482974464,115968724992.0,0
2017-06-01,3497.738,10312772352,116088766464.0,0
2017-06-02,3486.507,8266800896,92850745344.0,0
2017-06-05,3468.753,7973815296,85609467904.0,0
2017-06-06,3492.881,6408938752,77868793856.0,0
2017-06-07,3533.871,10441996800,124189290496.0,0
2017-06-08,3560.978,9022490624,112035618816.0,0
2017-06-09,3576.17,10118826496,121700585472.0,0
2017-06-12,3574.389,9038116608,117690802176.0,0
2017-06-13,3582.267,7517713920,94223085568.0,0
2017-06-14,3535.298,8381078272,106105319424.0,0
2017-06-15,3528.792,8263253504,106053902336.0,0
2017-06-16,3518.761,7645270784,91462287360.0,0
2017-06-19,3553.665,7979714048,98572357632.0,0
2017-06-20,3546.494,8050956032,98187595776.0,0
2017-06-21,3587.955,8785982464,117147795456.0,0
2017-06-22,3590.342,13552698624,169418805248.0,0
2017-06-23,3622.883,10512913408,133975113728.0,0
2017-06-26,3668.091,13463799552,170736840704.0,0
2017-06-27,3674.715,9755870208,123057229824.0,0
2017-06-28,3646.166,9792085760,124465946624.0,0
2017-06-29,3668.827,8558949888,111847268352.0,0
2017-06-30,3666.797,8151002880,102459981824.0,0
2017-07-03,3650.846,8882085888,115214688256.0,0
2017-07-04,3619.984,9507141376,125350416384.0,0
2017-07-05,3659.679,8823242496,120351563776.0,0
2017-07-06,3660.096,10237924608,132837126144.0,0
2017-07-07,3655.929,10373549824,123465392128.0,0
2017-07-10,3653.686,12059191040,141034627072.0,0
2017-07-11,3670.808,11876082688,145084362752.0,0
2017-07-12,3658.823,12228779264,143494598656.0,0
2017-07-13,3686.92,12566955008,146388680704.0,0
2017-07-14,3703.094,10551400448,121021448192.0,0
2017-07-17,3663.557,17882160128,196217253888.0,0
2017-07-18,3667.18,12462205696,141472284672.0,0
2017-07-19,3729.746,18247778816,198392451072.0,0
2017-07-20,3747.884,14241004032,169267150848.0,0
2017-07-21,3728.597,11794122496,141432631296.0,0
2017-07-24,3743.468,13486872320,154701873152.0,0
2017-07-25,3719.559,12167205888,133531656192.0,0
2017-07-26,3705.388,13632520960,146518003712.0,0
2017-07-27,3712.194,14500290304,161631223808.0,0
2017-07-28,3721.891,11141139200,125817860096.0,0
2017-07-31,3737.873,14842903808,160890134528.0,0
2017-08-01,3770.382,15254653952,173127577600.0,0
2017-08-02,3760.852,17229338368,189336784896.0,0
2017-08-03,3727.826,14615394304,164710461440.0,0
2017-08-04,3707.579,15747005952,168292663296.0,0
2017-08-07,3726.794,12423152896,134348537856.0,0
2017-08-08,3732.212,13724192768,146481868800.0,0
2017-08-09,3731.044,12467998976,137223598080.0,0
2017-08-10,3715.92,13008512768,148005171200.0,0
2017-08-11,3647.35,15038742016,161083469824.0,0
2017-08-14,3694.683,11530845184,140233895936.0,0
2017-08-15,3706.056,10644485632,124790632448.0,0
2017-08-16,3701.42,10413414144,127282167808.0,0
2017-08-17,3721.277,10865625088,137020002304.0,0
2017-08-18,3724.674,9656170496,123078164480.0,0
2017-08-21,3740.994,10031307264,123911716864.0,0
2017-08-22,3752.298,10029285632,131131076608.0,0
2017-08-23,3756.088,10496157184,124081156096.0,0
2017-08-24,3734.645,8994737152,107736018944.0,0
2017-08-25,3795.754,12994089984,150697082880.0,0
2017-08-28,3842.711,18557632512,236446281728.0,0
2017-08-29,3834.537,12822706944,158978682880.0,0
2017-08-30,3834.3,14135285760,166235123712.0,0
2017-08-31,3822.092,13294493440,157079216128.0,0
2017-09-01,3830.538,15864551168,182770434048.0,0
2017-09-04,3845.616,14956632064,175551070208.0,0
2017-09-05,3857.046,12496415488,145779757056.0,0
2017-09-06,3849.449,13139872256,155883315200.0,0
2017-09-07,3829.871,12388418048,156113395712.0,0
2017-09-08,3825.989,10603650304,134958583808.0,0
2017-09-11,3825.645,12388399616,154793902080.0,0
2017-09-12,3837.934,14419024128,187605311488.0,0
2017-09-13,3842.606,9541078528,126254362624.0,0
2017-09-14,3829.955,11535858432,143111639040.0,0
2017-09-15,3831.296,12242700544,153477214208.0,0
2017-09-18,3843.142,11793440512,152841027584.0,0
2017-09-19,3832.116,11243298816,145528459264.0,0
2017-09-20,3842.435,10112954112,135041884160.0,0
2017-09-21,3837.817,11109819136,144132894720.0,0
2017-09-22,3837.73,10061980160,128360894464.0,0
2017-09-25,3817.791,10394897664,135980240896.0,0
2017-09-26,3820.781,8186940672,101036335104.0,0
2017-09-27,3821.2,8565581056,109299490816.0,0
2017-09-28,3822.538,9354406912,115646337024.0,0
2017-09-29,3836.501,9330602752,116056776704.0,0
2017-10-09,3882.207,13553585152,171941462016.0,0
2017-10-10,3889.863,11253258496,157979738112.0,0
2017-10-11,3902.686,10441815040,144152739840.0,0
2017-10-12,3912.953,9434092032,123147247616.0,0
2017-10-13,3921.001,9014206720,114314854400.0,0
2017-10-16,3913.446,12135503360,150823755776.0,0
2017-10-17,3913.068,8224122624,106708451328.0,0
2017-10-18,3944.162,10096984064,126420381696.0,0
2017-10-19,3931.249,10652725248,133189857280.0,0
2017-10-20,3926.852,7298018048,94529638400.0,0
2017-10-23,3930.798,8148497920,100280909824.0,0
2017-10-24,3959.395,9305815296,120192151552.0,0
2017-10-25,3976.949,8820545792,106820308992.0,0
2017-10-26,3993.575,12989546496,170488619008.0,0
2017-10-27,4021.967,12667284736,152974831616.0,0
2017-10-30,4009.721,15738760192,193489838080.0,0
2017-10-31,4006.717,10917878016,142897205248.0,0
2017-11-01,3996.622,13041737984,166477139968.0,0
2017-11-02,3997.134,12610057984,151981363200.0,0
2017-11-03,3992.697,12940443904,158142058496.0,0
2017-11-06,4020.889,12208115968,158911860736.0,0
2017-11-07,4054.246,15211666432,193990975488.0,0
2017-11-08,4048.005,15082771968,200949739520.0,0
2017-11-09,4075.899,12105633536,159247200256.0,0
2017-11-10,4111.911,14181716480,198869835776.0,0
2017-11-13,4128.073,15144630784,205930795008.0,0
2017-11-14,4099.351,14323693568,199605010432.0,0
2017-11-15,4073.669,12063569664,177753075712.0,0
2017-11-16,4105.012,12138441472,172903882752.0,0
2017-11-17,4120.85,19178412032,253079314432.0,0
2017-11-20,4143.833,13744725760,191589638144.0,0
2017-11-21,4217.701,18035081984,253302198272.0,0
2017-11-22,4227.566,18647700224,254298361856.0,0
2017-11-23,4102.396,17814722816,237536706560.0,0
2017-11-24,4104.203,13085804032,182912192512.0,0
2017-11-27,4049.947,14345526784,183004553216.0,0
2017-11-28,4055.823,10205809408,135539646464.0,0
2017-11-29,4053.752,12455364096,165743341568.0,0
2017-11-30,4006.099,10798334464,145829949440.0,0
2017-12-01,3998.136,9738691328,136010928128.0,0
2017-12-04,4018.857,10264721920,138223054848.0,0
2017-12-05,4040.17,15408707584,196337659904.0,0
2017-12-06,4015.821,10928620544,144114954240.0,0
2017-12-07,3971.056,9025404416,119651201024.0,0
2017-12-08,4003.379,8928286208,124371230720.0,0
2017-12-11,4069.499,9714894592,148476588032.0,0
2017-12-12,4016.016,8433871872,123515183104.0,0
2017-12-13,4050.092,7754612992,115006382080.0,0
2017-12-14,4026.151,8076886272,115086946304.0,0
2017-12-15,3980.855,8904438784,118474145792.0,0
2017-12-18,3985.291,7785337600,111724351488.0,0
2017-12-19,4035.329,7752898560,115998203904.0,0
2017-12-20,4030.489,9060450304,126812876800.0,0
2017-12-21,4067.848,9683608832,137819521024.0,0
2017-12-22,4054.598,7347368448,104426496000.0,0
2017-12-25,4041.54,9192696320,129938837504.0,0
2017-12-26,4053.622,9111878912,119725101056.0,0
2017-12-27,3991.207,10515357696,140516909056.0,0
2017-12-28,4018.897,11854288640,153636696064.0,0
2017-12-29,4030.854,9048668416,121257037824.0,0
2018-01-02,4087.401,14693543424,178402033664.0,0
2018-01-03,4111.392,15185221888,205726887936.0,0
2018-01-04,4128.811,13454379520,174523555840.0,0
2018-01-05,4138.75,14900987136,185206292480.0,0
2018-01-08,4160.159,17387766528,226403872768.0,0
2018-01-09,4189.297,13903429376,181975080960.0,0
2018-01-10,4207.813,15112166656,194850254848.0,0
2018-01-11,4205.586,12157853952,170407305216.0,0
2018-01-12,4225.001,11135479296,157606211584.0,0
2018-01-15,4225.239,17090789632,234986586112.0,0
2018-01-16,4258.473,16149496320,228271226880.0,0
2018-01-17,4248.116,21431103232,284554358784.0,0
2018-01-18,4271.416,17203284736,225289687040.0,0
2018-01-19,4285.395,20949057024,258554724352.0,0
2018-01-22,4336.597,17464319488,233960222720.0,0
2018-01-23,4382.612,20186758400,257113358336.0,0
2018-01-24,4389.885,21981889024,284470808576.0,0
2018-01-25,4365.079,19537495040,250308091904.0,0
2018-01-26,4381.299,17722723584,223331307520.0,0
2018-01-29,4302.018,19110035456,256176324608.0,0
2018-01-30,4256.102,13903472896,186650566656.0,0
2018-01-31,4275.898,14521016320,194401800192.0,0
2018-02-01,4245.897,19000293376,239230300160.0,0
2018-02-02,4271.232,14606682624,191169867776.0,0
2018-02-05,4274.146,16134779904,217360146432.0,0
2018-02-06,4148.885,21491045120,279415083008.0,0
2018-02-07,4050.497,20312749312,261507026944.0,0
2018-02-08,4012.047,15926998528,199061770240.0,0
2018-02-09,3840.652,20634982912,246774829056.0,0
2018-02-12,3890.104,11618263808,149858041856.0,0
2018-02-13,3935.632,11256588544,144479354880.0,0
2018-02-14,3966.961,7108133888,93110202368.0,0
2018-02-22,4052.733,10581157120,138334363648.0,0
2018-02-23,4071.088,9945874688,128195833856.0,0
2018-02-26,4118.418,13788100096,179013095424.0,0
2018-02-27,4058.98,12593446912,169684901888.0,0
2018-02-28,4023.641,10934359296,152493907968.0,0
2018-03-01,4049.086,11019985152,146003456000.0,0
2018-03-02,4016.461,9616499968,130931179520.0,0
2018-03-05,4018.097,8795254784,118197858304.0,0
2018-03-06,4066.564,13876244480,171370655744.0,0
2018-03-07,4036.653,10695242496,136572305408.0,0
2018-03-08,4077.6,9115580928,123634638848.0,0
2018-03-09,4108.865,11370180864,150024118272.0,0
2018-03-12,4127.666,14090673920,190367592448.0,0
2018-03-13,4091.253,11176643072,141174161408.0,0
2018-03-14,4073.344,9901340928,131537960960.0,0
2018-03-15,4096.162,8816115712,126882451456.0,0
2018-03-16,4056.422,8489618688,122125340672.0,0
2018-03-19,4074.247,8150288128,118183817216.0,0
2018-03-20,4077.704,8060528128,111980232704.0,0
2018-03-21,4061.05,9760948736,139330412544.0,0
2018-03-22,4020.349,8909526016,127664336896.0,0
2018-03-23,3904.935,18008044800,218905030656.0,0
2018-03-26,3879.893,11513912832,156604526592.0,0
2018-03-27,3913.268,11370071040,162291548160.0,0
2018-03-28,3842.715,10149490688,155848949760.0,0
2018-03-29,3894.049,11662906624,164996784128.0,0
2018-03-30,3898.497,9751227136,137959280640.0,0
2018-04-02,3886.918,11124266496,159356080128.0,0
2018-04-03,3862.479,9513736960,132049936384.0,0
2018-04-04,3854.862,8873060864,131593068544.0,0
2018-04-09,3852.929,8410546176,118167273472.0,0
2018-04-10,3927.172,10617372160,137941299200.0,0
2018-04-11,3938.343,11193302016,139989291008.0,0
2018-04-12,3898.635,8269948928,108075565056.0,0
2018-04-13,3871.144,7154420224,98921828352.0,0
2018-04-16,3808.863,9921776896,131566866432.0,0
2018-04-17,3748.641,9061079040,126518751232.0,0
2018-04-18,3766.282,10667670528,143077675008.0,0
2018-04-19,3811.843,9905405952,127520120832.0,0
2018-04-20,3760.854,9928292608,123550662656.0,0
2018-04-23,3766.325,9035629056,111763030016.0,0
2018-04-24,3843.488,11421952512,145700511744.0,0
2018-04-25,3828.701,7817261312,105750450176.0,0
2018-04-26,3755.494,8715064064,125772304384.0,0
2018-04-27,3756.876,8953172736,142113628160.0,0
2018-05-02,3763.646,8330103552,120083484672.0,0
2018-05-03,3793.0,9396111872,122740170752.0,0
2018-05-04,3774.598,7155428864,98315255808.0,0
2018-05-07,3834.187,8728619520,126354800640.0,0
2018-05-08,3878.676,9421515776,135445864448.0,0
2018-05-09,3871.615,6671296512,92322897920.0,0
2018-05-10,3893.056,7066780928,103255142400.0,0
2018-05-11,3872.838,7335660288,107715457024.0,0
2018-05-14,3909.293,8197600000,122520047616.0,0
2018-05-15,3924.097,7604955392,106091905024.0,0
2018-05-16,3892.844,7191364608,106533928960.0,0
2018-05-17,3864.05,5903012352,87104163840.0,0
2018-05-18,3903.063,7261395712,96823853056.0,0
2018-05-21,3921.242,9264173824,120528728064.0,0
2018-05-22,3906.208,7536877824,102883344384.0,0
2018-05-23,3854.582,8372231936,110684504064.0,0
2018-05-24,3827.217,6834502144,93408219136.0,0
2018-05-25,3816.498,7083638528,95667544064.0,0
2018-05-28,3833.259,7152113152,100001640448.0,0
2018-05-29,3804.009,8155266304,117288579072.0,0
2018-05-30,3723.372,8791328512,115858976768.0,0
2018-05-31,3802.375,9266689536,130545422336.0,0
2018-06-01,3770.589,7782181376,105934864384.0,0
2018-06-04,3807.578,7662434048,115146469376.0,0
2018-06-05,3845.316,7868736000,121261465600.0,0
2018-06-06,3837.351,7311723776,107142041600.0,0
2018-06-07,3831.012,8025614592,112365711360.0,0
2018-06-08,3779.615,8333733632,107818799104.0,0
2018-06-11,3779.981,6870983424,105597923328.0,0
2018-06-12,3825.953,7320624384,116217139200.0,0
2018-06-13,3788.339,6637797120,97185497088.0,0
2018-06-14,3773.365,6847132160,99234013184.0,0
2018-06-15,3753.433,8548889344,109534900224.0,0
2018-06-19,3621.116,16070654208,193848799232.0,0
2018-06-20,3635.443,8671809792,112804814848.0,0
2018-06-21,3592.965,9390855168,115584147456.0,0
2018-06-22,3608.904,7511786496,89687281664.0,0
2018-06-25,3560.477,7987707904,106690347008.0,0
2018-06-26,3531.111,8498526976,108132167680.0,0
2018-06-27,3459.262,8149181696,107628896256.0,0
2018-06-28,3423.525,7591805184,98570526720.0,0
2018-06-29,3510.984,7725703168,97616367616.0,0
2018-07-02,3407.963,8435144960,107601539072.0,0
2018-07-03,3409.28,9527869184,129898020864.0,0
2018-07-04,3363.747,7515799808,93648560128.0,0
2018-07-05,3342.437,8158798080,97544617984.0,0
2018-07-06,3365.122,8609757952,109481943040.0,0
2018-07-09,3459.183,7660154624,100918861824.0,0
2018-07-10,3467.515,6954882304,90127446016.0,0
2018-07-11,3407.529,7204094976,89661505536.0,0
2018-07-12,3481.055,9635356416,117805514752.0,0
2018-07-13,3492.689,7295589632,99800186880.0,0
2018-07-16,3472.085,6828199936,90754289664.0,0
2018-07-17,3449.377,6198307584,85720563712.0,0
2018-07-18,3431.322,6653032960,88556871680.0,0
2018-07-19,3428.343,6847771648,88804909056.0,0
2018-07-20,3492.893,10198472704,122196955136.0,0
2018-07-23,3525.75,11903662592,143960932352.0,0
2018-07-24,3581.705,15691243520,177448955904.0,0
2018-07-25,3577.752,9675849984,112176693248.0,0
2018-07-26,3536.245,9034964224,105577283584.0,0
2018-07-27,3521.226,7017810432,81192173568.0,0
2018-07-30,3515.079,8211699456,96183099392.0,0
2018-07-31,3517.656,6798081792,80022151168.0,0
2018-08-01,3447.388,9034861824,107477213184.0,0
2018-08-02,3370.957,10130872832,122401284096.0,0
2018-08-03,3315.283,7079691008,91395985408.0,0
2018-08-06,3273.272,7797508352,97517989888.0,0
2018-08-07,3368.869,9178391552,107512225792.0,0
2018-08-08,3314.507,7928486400,90958913536.0,0
2018-08-09,3397.529,9195757312,108802314240.0,0
2018-08-10,3405.019,6896729856,85634523136.0,0
2018-08-13,3390.344,7619153152,90869288960.0,0
2018-08-14,3372.913,6065144576,72121991168.0,0
2018-08-15,3291.976,6817405440,83402194944.0,0
2018-08-16,3276.727,7654736640,89269174272.0,0
2018-08-17,3229.619,6739541248,84452454400.0,0
2018-08-20,3267.249,7090422784,88963383296.0,0
2018-08-21,3326.648,7520558336,97925840896.0,0
2018-08-22,3307.954,5078705664,66548536320.0,0
2018-08-23,3320.025,6111233536,80212787200.0,0
2018-08-24,3325.334,6376589824,77197848576.0,0
2018-08-27,3406.573,9427008256,114960965632.0,0
2018-08-28,3400.17,7544536320,94945951744.0,0
2018-08-29,3386.573,6702040320,79072301056.0,0
2018-08-30,3351.094,6838529024,80226054144.0,0
2018-08-31,3334.503,7620562944,96091893760.0,0
2018-09-03,3321.824,6642985472,81305681920.0,0
2018-09-04,3363.898,6708880640,85892034560.0,0
2018-09-05,3298.141,6430188800,80656674816.0,0
2018-09-06,3262.88,6230028800,79373139968.0,0
2018-09-07,3277.643,6394740736,81263439872.0,0
2018-09-10,3230.068,6381705216,76175581184.0,0
2018-09-11,3224.211,5849130496,67722118912.0,0
2018-09-12,3202.024,5462789888,68887019520.0,0
2018-09-13,3236.566,6729032704,85887963136.0,0
2018-09-14,3242.09,6013063936,76481212416.0,0
2018-09-17,3204.922,5225954816,60650940928.0,0
2018-09-18,3269.431,7042503424,83899138048.0,0
2018-09-19,3312.482,8917066496,109395423232.0,0
2018-09-20,3310.125,6456105728,76660846592.0,0
2018-09-21,3410.485,10841600512,123573116928.0,0
2018-09-25,3379.804,6905469184,82870030336.0,0
2018-09-26,3417.241,9317334272,119113318400.0,0
2018-09-27,3403.59,6976524032,87573299200.0,0
2018-09-28,3438.864,8437775616,94880276480.0,0
2018-10-08,3290.898,9788898816,114164219904.0,0
2018-10-09,3288.69,6672327424,78372941824.0,0
2018-10-10,3281.597,6449282816,79166808064.0,0
2018-10-11,3124.113,12094134272,125723082752.0,0
2018-10-12,3170.726,9861115136,104423075840.0,0
2018-10-15,3126.451,6960502272,77137698816.0,0
2018-10-16,3100.973,6888772096,75206471680.0,0
2018-10-17,3118.246,7683713792,86132695040.0,0
2018-10-18,3044.391,7377196800,79703732224.0,0
2018-10-19,3134.945,9883968768,110951370752.0,0
2018-10-22,3270.273,14586204416,170651308032.0,0
2018-10-23,3183.425,12101324032,142589177856.0,0
2018-10-24,3188.201,11090974464,120954388480.0,0
2018-10-25,3194.308,10695181824,113291747328.0,0
2018-10-26,3173.635,10129935360,106070368256.0,0
2018-10-29,3076.888,9183979008,108479492096.0,0
2018-10-30,3110.26,11607010048,131767103488.0,0
2018-10-31,3153.823,11120745472,117099696128.0,0
2018-11-01,3177.033,13265337856,145919303680.0,0
2018-11-02,3290.245,15346610432,178340642816.0,0
2018-11-05,3262.835,10970668288,123630923776.0,0
2018-11-06,3243.15,8386913792,91703898112.0,0
2018-11-07,3221.91,9161552896,101814919168.0,0
2018-11-08,3212.773,7641454080,85221666816.0,0
2018-11-09,3167.444,8428276224,88194191360.0,0
2018-11-12,3205.14,8806239232,97363050496.0,0
2018-11-13,3237.382,12649346304,125603045376.0,0
2018-11-14,3204.942,11380865792,105386565632.0,0
2018-11-15,3242.371,9855880960,100119191552.0,0
2018-11-16,3257.673,12687683584,135379804160.0,0
2018-11-19,3294.603,11595659520,123188776960.0,0
2018-11-20,3218.407,10936115456,114155065344.0,0
2018-11-21,3226.491,8411972608,87813275648.0,0
2018-11-22,3214.427,6509829120,70083371008.0,0
2018-11-23,3143.475,8463825408,86864945152.0,0
2018-11-26,3141.243,5937914112,61899479552.0,0
2018-11-27,3137.241,5540783104,61946260992.0,0
2018-11-28,3178.932,7488195584,77620551680.0,0
2018-11-29,3137.654,8049846528,86927613952.0,0
2018-11-30,3172.69,7092104448,77297696768.0,0
2018-12-03,3260.95,12148715776,145828417536.0,0
2018-12-04,3267.709,7941504000,90543599616.0,0
2018-12-05,3252.004,7615305216,90909093888.0,0
2018-12-06,3181.673,7632877056,95678881792.0,0
2018-12-07,3181.564,5336192512,66323970560.0,0
2018-12-10,3144.763,6343727360,73717202944.0,0
2018-12-11,3159.815,5322387712,60014969856.0,0
2018-12-12,3170.609,5330991360,60536223488.0,0
2018-12-13,3219.692,9044275456,103375478784.0,0
2018-12-14,3165.91,8430125056,91576901632.0,0
2018-12-17,3161.196,6649700608,77151490048.0,0
2018-12-18,3128.426,6382031872,72035450880.0,0
2018-12-19,3091.125,5552229888,67872922368.0,0
2018-12-20,3067.416,6974946304,78181425152.0,0
2018-12-21,3029.395,7675810048,84824064000.0,0
2018-12-24,3038.198,5729961472,63880740608.0,0
2018-12-25,3017.281,7868942592,80413569024.0,0
2018-12-26,3002.032,5564703232,58574969088.0,0
2018-12-27,2990.505,8054178560,81159270400.0,0
2018-12-28,3010.653,7105377792,78145310720.0,0
2019-01-02,2969.535,6866302208,76105572352.0,0
2019-01-03,2964.842,7086710272,76664799232.0,0
2019-01-04,3035.874,10331897088,107141038080.0,0
2019-01-07,3054.303,10116435968,105703940096.0,0
2019-01-08,3047.703,8617058560,79628881920.0,0
2019-01-09,3078.475,10736434944,117129678848.0,0
2019-01-10,3072.686,8527175680,90206871552.0,0
2019-01-11,3094.778,7178642432,77420240896.0,0
2019-01-14,3067.784,6612170240,68115969024.0,0
2019-01-15,3127.99,8877296128,99976892416.0,0
2019-01-16,3128.651,8021434112,85781590016.0,0
2019-01-17,3111.416,8017487104,82888208384.0,0
2019-01-18,3168.173,10396383488,106780659712.0,0
2019-01-21,3185.636,9391502336,105536987136.0,0
2019-01-22,3143.317,7299052800,78150877184.0,0
2019-01-23,3141.053,5987047936,62669651968.0,0
2019-01-24,3158.781,7293463552,80963878912.0,0
2019-01-25,3184.469,8396772864,93207953408.0,0
2019-01-28,3183.777,8262243072,97371496448.0,0
2019-01-29,3193.969,7765833472,85943910400.0,0
2019-01-30,3168.482,6374651648,73005121536.0,0
2019-01-31,3201.633,8624783872,97509924864.0,0
2019-02-01,3247.397,8201964032,94766411776.0,0
2019-02-11,3306.472,9881843456,114752356352.0,0
2019-02-12,3330.335,12223246336,122834100224.0,0
2019-02-13,3397.027,16382833152,168866263040.0,0
2019-02-14,3402.14,15112729088,138649288704.0,0
2019-02-15,3338.704,14366860288,141555060736.0,0
2019-02-18,3445.744,18288609024,180449742848.0,0
2019-02-19,3439.607,17908378624,185762746368.0,0
2019-02-20,3451.927,14739031040,145570263040.0,0
2019-02-21,3442.705,18014328832,185197154304.0,0
2019-02-22,3520.118,18723797504,202869288960.0,0
2019-02-25,3729.483,34255712256,376382394368.0,0
2019-02-26,3684.693,35803869696,387632861184.0,0
2019-02-27,3678.392,28623600640,307306147840.0,0
2019-02-28,3669.37,18481021952,206010957824.0,0
2019-03-01,3749.714,20471100416,235620622336.0,0
2019-03-04,3794.104,32349012736,376397283328.0,0
2019-03-05,3816.013,23085316608,261464121344.0,0
2019-03-06,3848.09,31807737088,331155615744.0,0
2019-03-07,3808.849,32984654848,359339151360.0,0
2019-03-08,3657.579,31799007744,349296693248.0,0
2019-03-11,3729.954,23091286528,268718460928.0,0
2019-03-12,3755.351,27492638208,325180620800.0,0
2019-03-13,3724.194,23368224768,286171049984.0,0
2019-03-14,3698.485,19081723648,231820148736.0,0
2019-03-15,3745.005,17517454336,224194363392.0,0
2019-03-18,3851.747,21692805888,276473450496.0,0
2019-03-19,3833.962,18172710912,224096890880.0,0
2019-03-20,3835.439,17563208960,215406993408.0,0
2019-03-21,3836.891,19631031040,231993446400.0,0
2019-03-22,3833.801,17135699200,198518386688.0,0
2019-03-25,3742.825,19858632960,223396564992.0,0
2019-03-26,3700.438,17304657920,196547809280.0,0
2019-03-27,3743.387,13875845376,177507528704.0,0
2019-03-28,3728.395,13327212800,172604391424.0,0
2019-03-29,3872.341,21563910400,283022299136.0,0
2019-04-01,3973.928,27138270464,340799401984.0,0
2019-04-02,3971.285,22600034048,281892057088.0,0
2019-04-03,4022.156,23191736832,284826497024.0,0
2019-04-04,4062.23,26041093888,313539432448.0,0
2019-04-08,4057.228,26750557696,324670451712.0,0
2019-04-09,4075.43,18295680768,243187912704.0,0
2019-04-10,4085.847,19468761344,278282027008.0,0
2019-04-11,3997.577,16904964096,236259155968.0,0
2019-04-12,3988.616,13586211840,178795937792.0,0
2019-04-15,3975.524,18264557056,236298723328.0,0
2019-04-16,4085.789,20204196608,250569207808.0,0
2019-04-17,4087.239,18036711680,228824428544.0,0
2019-04-18,4072.075,14656212224,187812687872.0,0
2019-04-19,4120.607,15079491072,194701692928.0,0
2019-04-22,4025.61,18935374592,244380549120.0,0
2019-04-23,4019.005,15561165056,204121505792.0,0
2019-04-24,4030.088,14549869568,186497961984.0,0
2019-04-25,3941.816,15972207104,197530996736.0,0
2019-04-26,3889.274,14200806912,186572136448.0,0
2019-04-29,3900.333,15387092736,203946553344.0,0
2019-04-30,3913.211,11623337728,161665925120.0,0
2019-05-06,3684.616,19747288320,254115401728.0,0
2019-05-07,3720.668,13284765440,183659159552.0,0
2019-05-08,3667.457,11286735616,145058488320.0,0
2019-05-09,3599.7,10103739392,141829095424.0,0
2019-05-10,3730.451,14800384768,195067170816.0,0
2019-05-13,3668.725,10339185920,135053926400.0,0
2019-05-14,3645.15,10231345920,135262867456.0,0
2019-05-15,3727.092,11016176896,152534548480.0,0
2019-05-16,3743.963,11625827328,139851939840.0,0
2019-05-17,3648.76,12845324544,154092351488.0,0
2019-05-20,3617.792,10896347648,134194262016.0,0
2019-05-21,3666.776,11102291968,133071380480.0,0
2019-05-22,3649.379,9834612736,121775243264.0,0
2019-05-23,3583.964,9989778176,125611970560.0,0
2019-05-24,3593.913,8093404928,101337497600.0,0
2019-05-27,3637.197,10883087104,133399052288.0,0
2019-05-28,3672.26,11788624128,148966334464.0,0
2019-05-29,3663.909,9335544064,120002035712.0,0
2019-05-30,3641.183,9420256000,112864079872.0,0
2019-05-31,3629.789,8922226688,108264202240.0,0
2019-06-03,3632.012,10072317952,123902447616.0,0
2019-06-04,3598.466,8709709312,109467238400.0,0
2019-06-05,3597.105,8864201984,114634227712.0,0
2019-06-06,3564.677,8553440256,104367267840.0,0
2019-06-10,3610.743,9237506048,117346607104.0,0
2019-06-11,3719.275,14348280576,180899074048.0,0
2019-06-12,3691.095,11917885184,132296097792.0,0
2019-06-13,3685.393,9633171712,110459904000.0,0
2019-06-14,3654.879,10181700352,116584259584.0,0
2019-06-17,3654.824,7297667840,93092581376.0,0
2019-06-18,3667.618,7069226496,89472839680.0,0
2019-06-19,3715.938,12559571456,172574179328.0,0
2019-06-20,3828.518,16887207424,227726983168.0,0
2019-06-21,3833.938,15363515392,199961616384.0,0
2019-06-24,3841.265,10008462080,143644733440.0,0
2019-06-25,3801.309,12407591168,169358794752.0,0
2019-06-26,3794.331,8182028288,112106860544.0,0
2019-06-27,3834.817,10531635712,156483420160.0,0
2019-06-28,3825.587,8476613888,116512051200.0,0
2019-07-01,3935.811,15837033984,217470251008.0,0
2019-07-02,3937.169,13186349568,173997043712.0,0
2019-07-03,3893.534,11199260416,163145732096.0,0
2019-07-04,3873.101,9934225664,142669254656.0,0
2019-07-05,3893.202,7400652800,116236521472.0,0
2019-07-08,3802.789,10953908736,147198418944.0,0
2019-07-09,3793.129,7484273152,113147604992.0,0
2019-07-10,3786.739,7283394816,101355479040.0,0
2019-07-11,3785.221,7531196416,113674616832.0,0
2019-07-12,3808.731,7546596608,107007922176.0,0
2019-07-15,3824.187,10120522240,142493044736.0,0
2019-07-16,3806.844,8073095168,108449681408.0,0
2019-07-17,3804.638,9518388480,116766781440.0,0
2019-07-18,3768.401,8749644544,111669366784.0,0
2019-07-19,3807.955,8808614912,117797527552.0,0
2019-07-22,3781.683,9210137600,117810446336.0,0
2019-07-23,3789.913,7131334656,103866609664.0,0
2019-07-24,3819.832,9094068480,129940586496.0,0
2019-07-25,3851.066,9374041600,125899501568.0,0
2019-07-26,3858.568,8325929984,110929727488.0,0
2019-07-29,3854.27,8481436928,111679107072.0,0
2019-07-30,3870.317,9412395520,120480280576.0,0
2019-07-31,3835.358,8215115520,111083892736.0,0
2019-08-01,3803.469,8411418112,117649162240.0,0
2019-08-02,3747.437,10833589760,141874786304.0,0
2019-08-05,3675.688,10132598016,133061099520.0,0
2019-08-06,3636.328,12983387136,167267479552.0,0
2019-08-07,3621.431,8423871488,108667666432.0,0
2019-08-08,3669.293,8845770752,114981617664.0,0
2019-08-09,3633.529,8529558016,116355690496.0,0
2019-08-12,3699.104,8208305664,121129345024.0,0
2019-08-13,3665.751,7650030336,103764320256.0,0
2019-08-14,3682.401,9120259072,128301670400.0,0
2019-08-15,3694.0,8859883264,119241080832.0,0
2019-08-16,3710.538,8831916800,132696911872.0,0
2019-08-19,3791.094,13932701184,195448938496.0,0
2019-08-20,3787.732,10860208896,149115342848.0,0
2019-08-21,3781.757,8229988096,121688506368.0,0
2019-08-22,3793.506,8580779264,120708136960.0,0
2019-08-23,3820.863,8795458304,137802153984.0,0
2019-08-26,3765.91,9385926912,142350987264.0,0
2019-08-27,3816.945,12473147904,181748785152.0,0
2019-08-28,3802.584,8875081216,137667276800.0,0
2019-08-29,3790.186,8408338688,126475677696.0,0
2019-08-30,3799.586,9669515008,152408670208.0,0
2019-09-02,3848.319,11028934912,164994457600.0,0
2019-09-03,3853.61,9771463168,146270633984.0,0
2019-09-04,3886.001,12662861568,176839745536.0,0
2019-09-05,3925.323,18165623040,244681224192.0,0
2019-09-06,3948.507,12188237568,181718269952.0,0
2019-09-09,3972.948,14680975360,209545388032.0,0
2019-09-10,3959.265,13088938496,184494350336.0,0
2019-09-11,3930.099,13159487488,190165008384.0,0
2019-09-12,3972.379,11024127232,156750651392.0,0
2019-09-16,3957.715,11025980416,154736553984.0,0
2019-09-17,3891.22,11369431808,154899300352.0,0
2019-09-18,3910.083,8205615104,130159558656.0,0
2019-09-19,3924.382,8598423808,127421792256.0,0
2019-09-20,3935.651,10345595392,153162588160.0,0
2019-09-23,3890.661,9403622400,139223506944.0,0
2019-09-24,3901.075,8778322944,142341398528.0,0
2019-09-25,3870.983,8952083456,133224464384.0,0
2019-09-26,3841.138,10269830144,150806749184.0,0
2019-09-27,3852.653,7400394752,109130485760.0,0
2019-09-30,3814.528,6593131264,100487270400.0,0
2019-10-08,3837.679,7665786112,118365683712.0,0
2019-10-09,3843.239,7585451264,112406208512.0,0
2019-10-10,3874.639,7922269440,127474044928.0,0
2019-10-11,3911.725,9341257728,139817299968.0,0
2019-10-14,3953.241,12239361024,167857131520.0,0
2019-10-15,3936.249,8527394816,125117108224.0,0
2019-10-16,3922.685,8322970624,128558534656.0,0
2019-10-17,3925.221,6486374400,99991851008.0,0
2019-10-18,3869.377,8232113920,122186928128.0,0
2019-10-21,3880.839,7418291712,110858235904.0,0
2019-10-22,3895.88,6891856640,102843371520.0,0
2019-10-23,3871.084,7019862528,99733598208.0,0
2019-10-24,3870.667,7133457408,105096949760.0,0
2019-10-25,3896.792,7745361920,126677483520.0,0
2019-10-28,3926.585,9740602112,150762201088.0,0
2019-10-29,3910.226,8225707520,139611418624.0,0
2019-10-30,3891.225,7787292416,122610503680.0,0
2019-10-31,3886.751,8671453952,135012425728.0,0
2019-11-01,3952.387,10068961280,151471063040.0,0
2019-11-04,3978.121,10419385600,154485362688.0,0
2019-11-05,4002.812,11291187968,163317854208.0,0
2019-11-06,3984.881,9731295232,139859763200.0,0
2019-11-07,3991.874,8725489920,117751554048.0,0
2019-11-08,3973.01,9710694912,139026673664.0,0
2019-11-11,3902.978,9415561984,130330083328.0,0
2019-11-12,3903.688,7654306816,108828237824.0,0
2019-11-13,3899.981,7674907904,112057147392.0,0
2019-11-14,3905.857,8700844544,119791566848.0,0
2019-11-15,3877.089,8373091584,115423019008.0,0
2019-11-18,3907.929,7664599296,107085819904.0,0
2019-11-19,3947.039,8216102400,123227172864.0,0
2019-11-20,3907.864,7681533184,118003064832.0,0
2019-11-21,3889.598,6913053696,104147771392.0,0
2019-11-22,3849.994,9104263936,146981163008.0,0
2019-11-25,3878.206,10606628864,140851077120.0,0
2019-11-26,3891.653,11151353600,140213633024.0,0
2019-11-27,3875.618,7643730432,107238821888.0,0
2019-11-28,3862.302,6523011840,87081787392.0,0
2019-11-29,3828.67,7414433024,116200558592.0,0
2019-12-02,3836.058,7741217280,109992591360.0,0
2019-12-03,3851.087,7361124096,108703715328.0,0
2019-12-04,3849.819,7968338432,109646344192.0,0
2019-12-05,3879.363,8905119232,129357594624.0,0
2019-12-06,3902.385,7864888832,116424777728.0,0
2019-12-09,3895.446,9535380736,130873098240.0,0
2019-12-10,3900.384,8626292736,121118412800.0,0
2019-12-11,3902.749,9976548096,127690403840.0,0
2019-12-12,3891.024,8470832896,117874315264.0,0
2019-12-13,3968.221,14857134848,201018884096.0,0
2019-12-16,3987.546,14848667136,202154897408.0,0
2019-12-17,4041.799,20116293632,251637866496.0,0
2019-12-18,4032.782,15135176448,197620207616.0,0
2019-12-19,4027.149,11790055936,152553807872.0,0
2019-12-20,4017.252,12126766336,158460231680.0,0
2019-12-23,3967.096,12281624576,162048262144.0,0
2019-12-24,3992.958,9598904576,122499162112.0,0
2019-12-25,3990.867,9493889024,131896467456.0,0
2019-12-26,4025.987,10886064128,140814966784.0,0
2019-12-27,4022.027,15092641024,195090415616.0,0
2019-12-30,4081.633,15597148928,216814661632.0,0
2019-12-31,4096.582,12326425856,173119348736.0,0
2020-01-02,4152.24,18211677184,270105530368.0,0
2020-01-03,4144.964,14282624512,215216287744.0,0
2020-01-06,4129.295,17530995200,250182070272.0,0
2020-01-07,4160.227,13948903168,196389060608.0,0
2020-01-08,4112.317,16758585088,212406263808.0,0
2020-01-09,4164.369,13688632320,200150351872.0,0
2020-01-10,4163.184,11303171840,177827414016.0,0
2020-01-13,4203.988,11969198336,199795490816.0,0
2020-01-14,4189.886,12932078336,196221263872.0,0
2020-01-15,4166.734,10463313664,163081932800.0,0
2020-01-16,4149.043,10026764288,156242505728.0,0
2020-01-17,4154.853,9872568320,166591590400.0,0
2020-01-20,4185.83,12240914688,202692288512.0,0
2020-01-21,4114.308,13052750592,204586881024.0,0
2020-01-22,4131.931,12675876352,208136151040.0,0
2020-01-23,4003.901,16035760384,250409357312.0,0
2020-02-03,3688.357,15755964672,243303104512.0,0
2020-02-04,3785.637,21393332736,298165768192.0,0
2020-02-05,3828.527,17492552448,264042921984.0,0
2020-02-06,3899.775,17646223616,262820089856.0,0
2020-02-07,3899.869,15173175808,237508816896.0,0
2020-02-10,3916.005,14840696832,229625442304.0,0
2020-02-11,3952.464,14344167424,219307118592.0,0
2020-02-12,3984.432,12671032064,200776708096.0,0
2020-02-13,3959.918,14500184320,228605964288.0,0
2020-02-14,3987.734,14323980288,222895075328.0,0
2020-02-17,4077.424,18277896960,273067819008.0,0
2020-02-18,4057.51,16323621888,242552516608.0,0
2020-02-19,4051.31,16904644096,257554534400.0,0
2020-02-20,4144.656,21223262464,310835589120.0,0
2020-02-21,4149.49,21721360384,326564003840.0,0
2020-02-24,4132.838,21286930432,326387802112.0,0
2020-02-25,4123.854,24416783104,372213719040.0,0
2020-02-26,4073.015,26109406208,366022418432.0,0
2020-02-27,4084.875,18129097984,282050207744.0,0
2020-02-28,3940.048,23027509248,330358906880.0,0
2020-03-02,4069.666,21931355904,317426204672.0,0
2020-03-03,4091.361,21936977664,330802585600.0,0
2020-03-04,4115.052,18242472960,281784864768.0,0
2020-03-05,4206.725,23182311424,362838831104.0,0
2020-03-06,4138.507,17247571712,253168631808.0,0
2020-03-09,3997.1325,20810203500,305428730303.8,0
2020-03-10,4082.7315,19741640200,296184435851.3,0
2020-03-11,4028.4289,16165611100,244990872685.9,0
2020-03-12,3950.9111,15706045800,233152848759.1,0
2020-03-13,3895.3128,18829672200,280213453213.7,0
2020-03-16,3727.8398,18596826000,282836238271.2,0
2020-03-17,3709.6822,16624612900,250824025696.9,0
2020-03-18,3636.2565,15503754700,244127161535.3,0
2020-03-19,3589.0926,18080740700,271827467961.6,0
2020-03-20,3653.2239,13960300000,211223073323.1,0
2020-03-23,3530.3058,13710879000,197669624970.1,0
2020-03-24,3625.1146,14310302100,208553840688.5,0
2020-03-25,3722.5181,15349595800,231561518761.2,0
2020-03-26,3698.0472,11231066500,169336311861.4,0
2020-03-27,3710.0605,12406099500,186103426334.7,0
2020-03-30,3674.1108,12687667300,180640799409.3,0
2020-03-31,3686.1551,11145302500,161595510008.2,0
2020-04-01,3675.0758,11935262000,170422568804.4,0
2020-04-02,3734.5306,11516820900,168893255656.6,0
2020-04-03,3713.2183,9982508300,150132815028.5,0
2020-04-07,3798.0214,14277803000,207642820316.9,0
2020-04-08,3780.3445,11138951300,161576772320.2,0
2020-04-09,3792.8105,10048503200,154595318812.8,0
2020-04-10,3769.1782,10244495600,162251233800.7,0
2020-04-13,3753.2566,7905334300,119874303204.6,0
2020-04-14,3825.6991,11063758500,170612579792.4,0
2020-04-15,3797.3623,10846198400,169700216633.0,0
2020-04-16,3802.3806,9594796500,147164302056.9,0
2020-04-17,3839.4871,13200430100,203595267033.5,0
2020-04-20,3853.4551,10001311500,151924090117.0,0
2020-04-21,3808.0474,10292188800,155077454132.0,0
2020-04-22,3839.3834,8589946400,135547280790.0,0
2020-04-23,3829.7525,9550845000,142122548831.8,0
2020-04-24,3796.9721,9484413500,138961200282.7,0
2020-04-27,3822.769,9546273500,145301151875.0,0
2020-04-28,3849.1465,12209347600,184179759240.3,0
2020-04-29,3867.032,9585459000,151282103744.2,0
2020-04-30,3912.5772,13291712500,202268288802.3,0
2020-05-06,3936.2539,13985567500,214935962364.4,0
2020-05-07,3924.8946,10551464600,167207801840.2,0
2020-05-08,3963.6217,11694334100,190299584716.9,0
2020-05-11,3960.1803,12267380300,193758093899.8,0
2020-05-12,3960.2378,9825055400,157465780059.9,0
2020-05-13,3968.2529,8819066900,145563383275.8,0
2020-05-14,3925.2177,8853000400,143499177719.8,0
2020-05-15,3912.8159,9261838200,153301505149.4,0
2020-05-18,3922.9117,11280176200,188528121367.6,0
2020-05-19,3956.2495,9401529100,159886222402.2,0
2020-05-20,3935.222,10079115000,157102533276.1,0
2020-05-21,3913.7949,9486103300,149154142257.8,0
2020-05-22,3824.064,10337836000,157286504986.3,0
2020-05-25,3829.3245,7903332600,127011917716.3,0
2020-05-26,3872.7701,7744807600,125445619316.8,0
2020-05-27,3845.6135,8371183100,123737501165.0,0
2020-05-28,3856.6324,9306405400,139108407792.0,0
2020-05-29,3867.0232,9381383200,135658136028.2,0
2020-06-01,3971.3402,13645665200,208436512945.1,0
2020-06-02,3983.5677,14430306000,195563304256.3,0
2020-06-03,3983.6477,13659748300,200882767676.9,0
2020-06-04,3982.1851,10427773700,149057855837.5,0
2020-06-05,4001.2509,10244394200,154311342981.8,0
2020-06-08,4021.9549,13792581300,193047518687.6,0
2020-06-09,4047.0293,11530447900,166533966010.0,0
2020-06-10,4039.7051,11226572800,166778642366.2,0
2020-06-11,3995.8846,12730894100,197079441861.1,0
2020-06-12,4003.0829,13416664900,193504046742.3,0
2020-06-15,3954.9883,13129786000,211125336143.8,0
2020-06-16,4014.5702,11105153900,185104029158.9,0
2020-06-17,4017.5941,10560579900,176977503611.2,0
2020-06-18,4044.3842,13814876100,210192918146.2,0
2020-06-19,4098.7095,15294699000,255549797299.6,0
2020-06-22,4102.0459,15582946500,259200520725.7,0
2020-06-23,4121.7944,12922951000,234806510834.5,0
2020-06-24,4138.9895,12171246500,224551430008.0,0
2020-06-29,4109.7164,13086585400,226522059762.9,0
2020-06-30,4163.9637,12593352100,227935704488.9,0
2020-07-01,4247.7835,16999045600,305711799762.0,0
2020-07-02,4335.8445,25293936800,399571526695.3,0
2020-07-03,4419.5955,29048553900,442335024266.1,0
2020-07-06,4670.0949,40582102500,597438217716.0,0
2020-07-07,4698.1264,40600855300,635254742706.0,0
2020-07-08,4774.0042,34807484700,532849825964.5,0
2020-07-09,4840.7712,35104689300,556718732098.9,0
2020-07-10,4753.1333,31694965100,510472055095.9,0
2020-07-13,4852.9612,32164544600,541105098721.0,0
2020-07-14,4806.6902,29724198500,511211048184.9,0
2020-07-15,4744.4687,27238900600,486748347680.4,0
2020-07-16,4516.2532,28465713300,511237962884.2,0
2020-07-17,4544.7007,20737556300,372973887046.0,0
2020-07-20,4680.3046,24606891400,416714222275.7,0
2020-07-21,4691.0425,20041565900,356069805762.6,0
2020-07-22,4714.4454,22419921100,386470859914.3,0
2020-07-23,4712.4357,23431456900,405175268660.9,0
2020-07-24,4505.5906,24390520300,437726712279.7,0
2020-07-27,4528.45,17142055100,301893370163.2,0
2020-07-28,4568.2576,16276849800,292835785345.2,0
2020-07-29,4679.008,18669530500,350432649160.5,0
2020-07-30,4656.1506,16696756600,324009242692.4,0
2020-07-31,4695.0462,18483902600,351119312415.0,0
2020-08-03,4771.3108,21477623900,401914824928.3,0
2020-08-04,4775.8024,23997498500,426411345935.8,0
2020-08-05,4777.1089,19670054800,347407839399.1,0
2020-08-06,4762.7642,22785440600,404323404006.9,0
2020-08-07,4707.9262,21351821600,397041212825.0,0
2020-08-10,4724.8697,20378883200,371297560017.6,0
2020-08-11,4681.7837,20554651100,350828586241.1,0
2020-08-12,4647.6446,20288723900,347298673202.0,0
2020-08-13,4635.7126,15255009200,250945872578.9,0
2020-08-14,4704.6288,14729292100,254343934256.2,0
2020-08-17,4815.2261,26800155600,416469154934.0,0
2020-08-18,4812.7564,18913985400,314395904535.5,0
2020-08-19,4740.6784,19244294800,319403284708.3,0
2020-08-20,4679.1544,15836863900,260486563515.0,0
2020-08-21,4718.8431,14265786400,251775160233.8,0
2020-08-24,4755.8491,15114351200,272428686418.6,0
2020-08-25,4761.9507,14170135100,262308788275.0,0
2020-08-26,4706.1302,15130518000,277456360643.0,0
2020-08-27,4731.3451,11904285000,223631511405.6,0
2020-08-28,4844.2652,15939976500,305047882508.6,0
2020-08-31,4816.2153,20256702900,357005064604.8,0
2020-09-01,4842.1223,13839540200,262018070577.3,0
2020-09-02,4843.887,15798952400,280778613751.4,0
2020-09-03,4817.0952,14567120100,279411988792.3,0
2020-09-04,4770.219,12003279600,238463337878.7,0
2020-09-07,4669.3677,14860779100,282316394067.8,0
2020-09-08,4694.3894,13919922700,249198138076.0,0
2020-09-09,4584.5887,16227710700,244905191934.1,0
2020-09-10,4581.9775,15065287800,226146354804.6,0
2020-09-11,4627.2826,11530242400,198240927301.5,0
2020-09-14,4651.0507,10723517900,211653411810.9,0
2020-09-15,4688.4826,10191592500,194573684119.3,0
2020-09-16,4657.3584,10875364100,196120184850.9,0
2020-09-17,4632.7142,10598363100,214146647269.6,0
2020-09-18,4737.0887,16042647500,281885944229.0,0
2020-09-21,4691.4281,12453582700,224137912695.2,0
2020-09-22,4635.7608,11967294700,202909215534.6,0
2020-09-23,4652.3273,9582652800,190393472276.3,0
2020-09-24,4563.0657,11259368300,193515873700.2,0
2020-09-25,4570.0216,9301515500,167457376964.0,0
2020-09-28,4581.9085,8504838900,159314675407.1,0
2020-09-29,4591.7993,8599385800,159937888502.2,0
2020-09-30,4587.3953,8908120000,165532220885.2,0
2020-10-09,4681.1412,11133751200,229926731489.9,0
2020-10-12,4823.1578,15578455800,307848558046.0,0
2020-10-13,4839.201,11651633800,242172567248.5,0
2020-10-14,4807.1021,11190692300,229836207247.8,0
2020-10-15,4798.7361,10996496200,213878285047.0,0
2020-10-16,4791.676,11671610200,204175130717.5,0
2020-10-19,4755.4879,12924636100,225392198225.0,0
2020-10-20,4793.4672,9804815600,185849198017.6,0
2020-10-21,4792.8284,10380570300,189978697043.6,0
2020-10-22,4777.9845,10135089100,194614971169.8,0
2020-10-23,4718.4881,10682518400,200985821991.5,0
2020-10-26,4691.2359,10834327500,205518988284.4,0
2020-10-27,4699.2792,9265630400,186675545690.4,0
2020-10-28,4737.2718,10846340200,226754264067.0,0
2020-10-29,4772.9198,11711725000,252303504993.0,0
2020-10-30,4695.3338,13980230300,280783321713.1,0
2020-11-02,4720.8313,14286769300,279027685157.1,0
2020-11-03,4777.5608,13605540800,252390556313.5,0
2020-11-04,4813.6564,11466180600,230513773046.3,0
2020-11-05,4885.1118,13924459400,281951932371.0,0
2020-11-06,4885.7178,15363903400,305365103652.9,0
2020-11-09,4981.3497,19713198400,371923282063.4,0
2020-11-10,4953.8756,17626721400,334271459964.0,0
2020-11-11,4904.8981,16447051500,303858557977.1,0
2020-11-12,4908.463,11811461900,227645907147.2,0
2020-11-13,4856.8513,13369307900,255353111737.8,0
2020-11-16,4904.1716,14877098000,266705031671.5,0
2020-11-17,4894.786,15148746400,288911408551.0,0
2020-11-18,4891.6716,16421661600,290727223227.2,0
2020-11-19,4927.9891,13368137800,247727135000.5,0
2020-11-20,4943.2882,12940034100,229053679195.4,0
2020-11-23,5005.0273,20591518700,333633826416.7,0
2020-11-24,4974.2855,15663791100,264804443317.7,0
2020-11-25,4910.7,17034052700,277070642970.7,0
2020-11-26,4919.5912,13720233800,239748145475.7,0
2020-11-27,4980.765,16295292200,253178971224.0,0
2020-11-30,4960.2519,26263895000,396495834420.8,0
2020-12-01,5067.0983,20406563800,328451014444.2,0
2020-12-02,5067.1447,19543547600,310609728842.5,0
2020-12-03,5057.0603,17786574800,275335207429.1,0
2020-12-04,5065.9163,14434716700,257798820735.0,0
2020-12-07,5022.2351,13989621700,264657773932.9,0
2020-12-08,5009.8786,12307302900,234880648439.1,0
2020-12-09,4942.6986,13891696500,260772774152.9,0
2020-12-10,4940.5249,12591427000,229651278357.4,0
2020-12-11,4889.6292,15935769700,275212730069.9,0
2020-12-14,4934.8352,12080155200,247878279711.0,0
2020-12-15,4945.1,11834263300,248093390249.2,0
2020-12-16,4953.867,10677896800,229696035696.9,0
2020-12-17,5017.4784,13338547900,270180356109.3,0
2020-12-18,4999.9678,12804961800,258938551535.8,0
2020-12-21,5046.8396,14081178200,298204296843.3,0
2020-12-22,4964.7727,16234497000,326758817663.3,0
2020-12-23,5007.1235,14029281900,308729037473.7,0
2020-12-24,5000.0154,11441866700,246674476188.8,0
2020-12-25,5042.0137,12100697900,243992268243.3,0
2020-12-28,5064.4147,13691440700,281019254170.5,0
2020-12-29,5042.9361,14119866200,279035233253.8,0
2020-12-30,5113.7105,14862644800,296577812603.0,0
2020-12-31,5211.2885,17160250900,358731371834.7,0
2021-01-04,5267.7181,21171138200,452796175554.0,0
2021-01-05,5368.5049,22493115900,498041939761.0,0
2021-01-06,5417.6677,19377344400,444434377137.3,0
2021-01-07,5513.6568,21987208000,473385353695.8,0
2021-01-08,5495.4306,20432495600,473567653978.6,0
2021-01-11,5441.1583,23183598300,522298482544.3,0
2021-01-12,5596.3525,22422018600,486233760739.8,0
2021-01-13,5577.9711,26156988600,546959736365.5,0
2021-01-14,5470.4563,24368338000,501890111879.0,0
2021-01-15,5458.0812,23863743500,475709920372.3,0
2021-01-18,5518.5205,20705186900,422717209153.0,0
2021-01-19,5437.5234,21104342500,433205176449.9,0
2021-01-20,5476.4336,17091326000,373770384496.4,0
2021-01-21,5564.9693,20995019700,453183684478.9,0
2021-01-22,5569.776,19930002000,456622193435.6,0
2021-01-25,5625.9232,19704701900,508166980802.0,0
2021-01-26,5512.9678,17190459000,415008069865.0,0
2021-01-27,5528.0034,16019084100,376892605839.1,0
2021-01-28,5377.1427,17048558500,376166523177.5,0
2021-01-29,5351.9646,18217878400,390287690019.0,0
2021-02-01,5417.6484,16631370600,346859083730.0,0
2021-02-02,5501.0915,16521056500,380016716111.9,0
2021-02-03,5485.2008,18805431700,404343602637.7,0
2021-02-04,5473.9475,18057565400,397995205379.9,0
2021-02-05,5483.414,18969959800,395400134490.0,0
2021-02-08,5564.5618,16403377500,367582771658.8,0
2021-02-09,5686.2502,16488726000,378769121171.9,0
2021-02-10,5807.7191,17016978600,417056463360.9,0
2021-02-18,5768.3814,21884868600,507481235977.7,0
2021-02-19,5778.842,21447578000,456433793702.1,0
2021-02-22,5597.3327,28212438200,543633153216.5,0
2021-02-23,5579.6681,23380772700,424904470814.2,0
2021-02-24,5437.5683,22542861000,472369211004.2,0
2021-02-25,5469.5584,23073602800,412206157140.7,0
2021-02-26,5336.7609,21226454300,405717700127.9,0
2021-03-01,5418.7837,17746352300,358146545967.0,0
2021-03-02,5349.6301,19651111500,376444604695.3,0
2021-03-03,5452.2125,19470905400,337610313596.0,0
2021-03-04,5280.7058,21277521100,384382456961.0,0
2021-03-05,5262.7958,20262795600,352539774294.9,0
2021-03-08,5080.0246,23023163500,407133802141.7,0
2021-03-09,4970.9994,23071100400,414415213806.0,0
2021-03-10,5003.6121,16992849000,309577408714.9,0
2021-03-11,5128.2156,18960076600,333859199678.6,0
2021-03-12,5146.3786,20102058900,323237751413.4,0
2021-03-15,5035.5441,20415308400,330740513807.9,0
2021-03-16,5079.3624,16139005400,271755048563.6,0
2021-03-17,5100.8581,14916237600,263492417709.0,0
2021-03-18,5141.7681,14290151800,260930046844.7,0
2021-03-19,5007.0907,16417484900,282974489237.2,0
2021-03-22,5057.152,16740263200,264209098943.0,0
2021-03-23,5009.2459,15801396700,255755377659.6,0
2021-03-24,4928.6853,15938598200,265970020152.0,0
2021-03-25,4926.3469,13294518900,219782049461.7,0
2021-03-26,5037.9899,14592669700,273901922431.0,0
2021-03-29,5046.8773,14338821500,266176599970.5,0
2021-03-30,5094.7291,13861856000,254928014461.3,0
2021-03-31,5048.3607,14133574300,241058485554.4,0
2021-04-01,5110.7768,12032489000,211493324391.1,0
2021-04-02,5161.5569,12700225400,248060376224.1,0
2021-04-06,5140.3418,10983421000,213852444065.4,0
2021-04-07,5103.7428,14576374800,246271190296.5,0
2021-04-08,5112.2086,14177104700,228422004674.7,0
2021-04-09,5035.3374,12841650900,221519791677.6,0
2021-04-12,4947.7459,15264431400,267218195772.7,0
2021-04-13,4939.6438,13291935800,225753230649.0,0
2021-04-14,4980.6279,12086083800,221036276090.0,0
2021-04-15,4948.9741,10882938400,213820884103.5,0
2021-04-16,4966.1811,11123992400,213389173713.5,0
2021-04-19,5087.0165,15476982400,307899776737.5,0
2021-04-20,5083.3654,13654170000,276640588159.1,0
2021-04-21,5098.7449,12463727700,242574995256.0,0
2021-04-22,5089.2435,12116764500,241488845756.1,0
2021-04-23,5135.4534,12205699100,264345183118.9,0
2021-04-26,5077.2372,15138196700,325760384278.3,0
2021-04-27,5090.5195,12396183700,254738009833.6,0
2021-04-28,5119.2421,12062031800,272182521893.2,0
2021-04-29,5164.1692,14009248000,294112454366.3,0
2021-04-30,5123.489,16012162100,315075102884.9,0
2021-05-06,5061.1244,15882263000,323258264641.5,0
2021-05-07,4996.0527,17225832100,304638402155.0,0
2021-05-10,4992.422,17082058500,282656808853.4,0
2021-05-11,5023.0595,15152649700,270931616512.9,0
2021-05-12,5044.5481,12661908600,228344006493.0,0
2021-05-13,4992.9738,13227940600,237821404345.3,0
2021-05-14,5110.5901,15942618000,318802786822.9,0
2021-05-17,5184.9853,15388963400,335439913424.1,0
2021-05-18,5187.6013,11840426100,238182265921.9,0
2021-05-19,5172.272,11872998300,250736278155.8,0
2021-05-20,5186.412,13845477500,277088462047.3,0
2021-05-21,5134.1483,12476848500,268053627530.6,0
2021-05-24,5155.5875,12674233600,278513133226.0,0
2021-05-25,5318.478,18299683900,404683305641.1,0
2021-05-26,5320.5927,16960709600,346444644792.8,0
2021-05-27,5338.2329,14846285500,311893705935.1,0
2021-05-28,5321.0886,16460580600,330711896344.2,0
2021-05-31,5331.5696,14460326900,321450798233.5,0
2021-06-01,5341.6798,14383147400,321845842153.4,0
2021-06-02,5289.9736,13775431900,296176177153.5,0
2021-06-03,5255.2855,14196887800,285448632488.9,0
2021-06-04,5282.2772,14473208700,292326048775.5,0
2021-06-07,5277.6271,12770497100,280463260583.2,0
2021-06-08,5232.1165,13055953200,304042218266.2,0
2021-06-09,5236.4493,12182032100,255075448703.0,0
2021-06-10,5271.4661,13899196700,301454334609.8,0
2021-06-11,5224.703,18080717300,365363494541.8,0
2021-06-15,5166.5597,14288005800,330616618621.5,0
2021-06-16,5080.4909,12514798500,298286772933.4,0
2021-06-17,5101.8924,12045251800,281927280723.3,0
2021-06-18,5102.4657,14858580500,356697096115.9,0
2021-06-21,5090.3854,13218451600,331527114639.0,0
2021-06-22,5122.1583,13041675300,313690367125.4,0
2021-06-23,5147.3938,13635605800,358765666329.7,0
2021-06-24,5155.9738,12668562500,312607422609.3,0
2021-06-25,5239.9684,15493106100,368265641241.1,0
2021-06-28,5251.7604,13319378300,337452771675.6,0
2021-06-29,5190.5445,12516299700,314896843024.3,0
2021-06-30,5224.041,10375267100,281015504940.5,0
2021-07-01,5229.6642,12724062000,324097400267.5,0
2021-07-02,5081.1172,13042642400,342578961248.3,0
2021-07-05,5085.7924,13121158900,335197786629.8,0
2021-07-06,5083.1043,14065522000,362828901848.9,0
2021-07-07,5140.4899,14854906000,336731403375.7,0
2021-07-08,5088.2566,17390100800,397879869879.7,0
2021-07-09,5069.4361,16065322600,352845583768.9,0
2021-07-12,5132.7088,20621203900,437203145943.3,0
2021-07-13,5142.0991,16648220900,361328491653.3,0
2021-07-14,5083.0849,18835272000,372568110291.6,0
2021-07-15,5151.4626,18107710300,372484081122.6,0
2021-07-16,5094.7727,16995598200,362594258079.0,0
2021-07-19,5113.4945,15319958900,340322623792.1,0
2021-07-20,5108.9941,12930004400,283543130755.2,0
2021-07-21,5144.0428,16797646900,390275519305.4,0
2021-07-22,5151.7517,18555686400,418221654806.0,0
2021-07-23,5089.2282,21653684700,435521169695.0,0
2021-07-26,4925.299,22811171000,495153655116.7,0
2021-07-27,4751.313,23663122500,521146117041.1,0
2021-07-28,4760.4826,19263439300,419706155162.8,0
2021-07-29,4850.2746,17332205400,415676120877.6,0
2021-07-30,4811.1695,18234977600,420943935061.8,0
2021-08-02,4933.736,22719491800,524659449295.5,0
2021-08-03,4934.4583,20353336000,471194128401.9,0
2021-08-04,4978.8479,17546646100,425801406611.8,0
2021-08-05,4948.6703,16738182900,398772206808.2,0
2021-08-06,4921.5647,15417968800,371773603785.1,0
2021-08-09,4985.5627,18243687100,408897062935.4,0
2021-08-10,5043.148,16705190200,410098755610.3,0
2021-08-11,5015.3406,18226607400,373386347207.4,0
2021-08-12,4973.3509,16822373300,361828381964.4,0
2021-08-13,4945.9829,15831432100,352459069035.5,0
2021-08-16,4941.0676,16195337300,340735120174.7,0
2021-08-17,4837.4034,18757347200,388457131504.0,0
2021-08-18,4894.2384,19747437800,395792165759.8,0
2021-08-19,4862.1394,20171171900,397424964846.0,0
2021-08-20,4769.2678,17763581000,404938035667.4,0
2021-08-23,4835.8782,16757909300,389599126282.0,0
2021-08-24,4888.3902,19788316300,417481426158.2,0
2021-08-25,4898.1572,18944801600,371868197458.6,0
2021-08-26,4801.6094,19761738700,368987718505.9,0
2021-08-27,4827.0433,18331021100,368421410281.2,0
2021-08-30,4813.2703,21963575700,477182071719.8,0
2021-08-31,4805.6099,23511865800,460805653996.0,0
2021-09-01,4869.4587,32672108000,568819748405.8,0
2021-09-02,4869.4113,26785801300,465954132797.1,0
2021-09-03,4843.0624,26809189600,466430119699.6,0
2021-09-06,4933.7262,24050724500,452756275291.9,0
2021-09-07,4992.8294,24417851900,417759639120.9,0
2021-09-08,4972.1324,26461531500,428591077708.1,0
2021-09-09,4970.0133,25653021700,401675689275.8,0
2021-09-10,5013.5219,28830435200,472762533239.2,0
2021-09-13,4991.6598,24991529800,433329627421.1,0
2021-09-14,4917.1617,24559040200,417245830782.2,0
2021-09-15,4867.3187,18798473000,363256653878.3,0
2021-09-16,4807.6978,21675209900,393517267165.6,0
2021-09-17,4855.9402,20195812700,360397420086.7,0
2021-09-22,4821.7675,19122037600,311952989432.1,0
2021-09-23,4853.1957,22815106400,362140919563.0,0
2021-09-24,4849.4277,20769329000,361849453197.3,0
2021-09-27,4877.3698,21596703000,426083025417.5,0
2021-09-28,4883.828,17689088000,321272191534.0,0
2021-09-29,4833.9281,18817136600,331841767748.9,0
2021-09-30,4866.3826,14611389600,283254685232.2,0
2021-10-08,4929.9409,16896807700,343635835306.4,0
2021-10-11,4936.1918,16351162400,315186321382.1,0
2021-10-12,4883.8369,16807933700,299424238601.1,0
2021-10-13,4940.1089,13114281300,280044666628.4,0
2021-10-14,4913.6123,11955701300,249151666554.2,0
2021-10-15,4932.1084,14282200100,300728491201.2,0
2021-10-18,4874.7753,14124519900,302539444437.0,0
2021-10-19,4922.7232,13526649300,282928243806.8,0
2021-10-20,4910.1846,14153318300,279747732455.1,0
2021-10-21,4928.0156,14889815400,274802962494.9,0
2021-10-22,4959.7254,14392622800,289252612199.9,0
2021-10-25,4979.5235,14186149000,299408232157.6,0
2021-10-26,4963.0984,14088894300,301786229740.4,0
2021-10-27,4898.1644,14711159300,299460469414.7,0
2021-10-28,4864.138,15664947200,316631709566.3,0
2021-10-29,4908.7701,15988735300,368731987310.2,0
2021-11-01,4890.6851,17158397400,379730767559.0,0
2021-11-02,4839.8457,18543768800,385731879817.5,0
2021-11-03,4821.1119,14276382000,302269934656.2,0
2021-11-04,4868.7419,13259297000,308688054573.6,0
2021-11-05,4842.3458,14778935900,312070841453.0,0
2021-11-08,4848.1795,13739826400,295893824000.4,0
2021-11-09,4846.7444,11837552600,261645065376.2,0
2021-11-10,4821.1925,13511817900,301058966270.5,0
2021-11-11,4898.6529,16048486300,323624626069.0,0
2021-11-12,4888.3749,13266296900,271773244503.0,0
2021-11-15,4882.3777,12182314900,272997748910.2,0
2021-11-16,4883.3206,12725440600,284094590893.0,0
2021-11-17,4885.7544,10845922300,246177916948.6,0
2021-11-18,4837.6185,11448056500,244484713797.1,0
2021-11-19,4890.0575,12719831200,266280681863.6,0
2021-11-22,4912.399,13809283600,316148811480.0,0
2021-11-23,4913.3457,15430441100,301022146081.1,0
2021-11-24,4916.6579,13715067300,289707337708.6,0
2021-11-25,4896.4416,11598403100,255450994352.1,0
2021-11-26,4860.1265,12036897400,243041335647.2,0
2021-11-29,4851.423,13362686200,285995221656.8,0
2021-11-30,4832.026,12963059600,279268234018.0,0
2021-12-01,4843.851,12308678900,255968912362.1,0
2021-12-02,4856.163,14808852100,278051726155.7,0
2021-12-03,4901.0175,14405962600,300052698342.0,0
2021-12-06,4892.6209,17361568300,333405791014.9,0
2021-12-07,4922.1015,17905346000,340617766237.8,0
2021-12-08,4995.9298,15749055900,329064831238.9,0
2021-12-09,5078.6901,22056877600,425680958779.1,0
2021-12-10,5055.1172,19369515400,356917625379.5,0
2021-12-13,5083.8007,21180159600,426376532477.1,0
2021-12-14,5049.6953,15910779000,318685538073.5,0
2021-12-15,5005.8991,15052975200,291072568760.8,0
2021-12-16,5034.7321,14405386700,291474766866.2,0
2021-12-17,4954.7599,14900539900,297943311186.6,0
2021-12-20,4880.4178,16967569000,317536919390.0,0
2021-12-21,4913.4853,14333989800,259023177322.6,0
2021-12-22,4914.4544,13325674000,244642450513.7,0
2021-12-23,4948.7389,13955540600,263359754800.7,0
2021-12-24,4921.3449,14267332300,290483663506.4,0
2021-12-27,4919.3238,12410095200,254421525172.7,0
2021-12-28,4955.9644,13045775700,276316732181.2,0
2021-12-29,4883.4804,11358700200,273225467112.2,0
2021-12-30,4921.5109,12161717800,268022477311.8,0
2021-12-31,4940.3733,12131373700,266975388723.2,0
2022-01-04,4917.7653,15153477600,336516961627.0,0
2022-01-05,4868.1202,17881610000,363944528847.9,0
2022-01-06,4818.2318,15766582600,321750076549.2,0
2022-01-07,4822.3689,18713941300,332218950735.0,0
2022-01-10,4844.0451,15621169600,305033816783.5,0
2022-01-11,4797.7735,14692800400,286445756033.7,0
2022-01-12,4845.5787,14320020400,293153042845.2,0
2022-01-13,4765.9191,14251965300,288799117043.3,0
2022-01-14,4726.7317,14686312600,281828448517.4,0
2022-01-17,4767.2762,11529569100,263788241676.0,0
2022-01-18,4813.3472,15087080200,282749393138.7,0
2022-01-19,4780.3784,13392736000,275534557468.5,0
2022-01-20,4823.5091,16497131500,304344267970.5,0
2022-01-21,4779.3142,13895258500,274699155293.8,0
2022-01-24,4786.7377,11446388000,246261594852.9,0
2022-01-25,4678.4511,13366758600,250555769168.0,0
2022-01-26,4712.3109,10707084200,226553448356.8,0
2022-01-27,4619.8765,12126380400,250535654824.4,0
2022-01-28,4563.772,12648011200,263967891828.3,0
2022-02-07,4634.0899,14484972000,266031793985.3,0
2022-02-08,4608.7729,15583070800,281364873762.5,0
2022-02-09,4652.0609,14833554700,273771960506.0,0
2022-02-10,4639.8625,15157666600,287224388085.6,0
2022-02-11,4601.3953,15597458400,307938016714.5,0
2022-02-14,4551.6878,14367389400,275737553466.7,0
2022-02-15,4600.1025,11502560000,249977008675.0,0
2022-02-16,4617.9893,10725895500,210190931035.5,0
2022-02-17,4629.1649,11001464300,227946249306.5,0
2022-02-18,4651.2358,10455022800,195825700477.9,0
2022-02-21,4634.3141,11251651200,215039182297.2,0
2022-02-22,4574.1527,12331723700,246872960668.1,0
2022-02-23,4623.0465,12295291600,259050146194.4,0
2022-02-24,4529.3189,18440305800,342346666856.5,0
2022-02-25,4573.4247,14972258300,271727599672.0,0
2022-02-28,4581.6459,13540697800,248363727482.7,0
2022-03-01,4619.6862,12313922000,260431185063.7,0
2022-03-02,4578.6007,11329832500,215299655365.1,0
2022-03-03,4551.6283,13828587700,242701771996.2,0
2022-03-04,4496.4301,12726680600,249970282271.0,0
2022-03-07,4352.7775,16219770600,306898527658.4,0
2022-03-08,4265.391,16786327700,315176698370.9,0
2022-03-09,4226.3463,19423290000,341009391865.7,0
2022-03-10,4292.8374,14526638300,301636182195.2,0
2022-03-11,4306.5217,15239992100,295008832432.0,0
2022-03-14,4174.7577,13018723600,260691659460.8,0
2022-03-15,3983.812,20252469900,346988947367.8,0
2022-03-16,4156.081,19602198200,378883588290.3,0
2022-03-17,4237.6956,17940734400,385039197285.7,0
2022-03-18,4265.9017,14945830500,275791291072.6,0
2022-03-21,4258.7459,12703636000,251214543321.0,0
2022-03-22,4255.295,12638247000,226213533984.5,0
2022-03-23,4276.5174,11708907800,226390778403.3,0
2022-03-24,4251.3061,10891827200,219594430540.4,0
2022-03-25,4174.5742,10880804600,217013187264.8,0
2022-03-28,4148.4663,11844902100,213468973997.5,0
2022-03-29,4134.1441,10026697200,199463853668.2,0
2022-03-30,4254.0989,13834602400,268869181171.3,0
2022-03-31,4222.5968,13402918500,238877216805.6,0
2022-04-01,4276.158,13380305300,244758870755.2,0
2022-04-06,4263.8411,15906219500,253690929897.9,0
2022-04-07,4209.0998,13488035300,216996185503.7,0
2022-04-08,4230.7669,14284379300,229081764759.3,0
2022-04-11,4100.0703,14819707100,265224932471.5,0
2022-04-12,4179.9727,14428568400,252830412756.4,0
2022-04-13,4139.737,12509748900,221281029559.7,0
2022-04-14,4191.5684,12479131600,245993822040.5,0
2022-04-15,4188.7472,12476226300,226229740275.2,0
2022-04-18,4166.3844,11750461000,212855328186.8,0
2022-04-19,4134.9017,11021747100,208570579128.8,0
2022-04-20,4070.7889,11733165800,216536635695.2,0
2022-04-21,3995.83,13278382800,227026679682.4,0
2022-04-22,4013.2498,12210181100,206371766715.6,0
2022-04-25,3814.9127,16836450200,272889272275.2,0
2022-04-26,3784.1198,15757761100,259626354225.4,0
2022-04-27,3895.5361,17273404600,296924102939.0,0
2022-04-28,3921.1073,15305658600,268502242452.9,0
2022-04-29,4016.241,17945837700,321414877428.2,0
2022-05-05,4010.2102,15417071600,290538230662.9,0
2022-05-06,3908.815,12300555100,214825174047.3,0
2022-05-09,3877.4364,9293669400,171756502863.8,0
2022-05-10,3919.8684,13641691800,239060211932.9,0
2022-05-11,3976.4231,16563225600,309294912796.8,0
2022-05-12,3958.74,11337606600,202029156415.1,0
2022-05-13,3988.6002,10996835700,195727044922.1,0
2022-05-16,3956.5378,11242529400,199717909541.0,0
2022-05-17,4005.8934,10966145400,210117539690.9,0
2022-05-18,3991.9069,10807423300,201800666052.1,0
2022-05-19,3999.5984,11629342000,210206681641.5,0
2022-05-20,4077.5998,14706917300,265609089942.6,0
2022-05-23,4053.9823,13047781000,225981540919.1,0
2022-05-24,3959.1541,14555433600,247713039712.6,0
2022-05-25,3983.1784,10773401500,188700537391.3,0
2022-05-26,3993.0446,12626368900,216987025401.0,0
2022-05-27,4001.2988,11276933700,206944426227.2,0
2022-05-30,4029.0179,11115224100,211144721615.5,0
2022-05-31,4091.5176,13541551300,267770088726.0,0
2022-06-01,4083.1772,11485087900,225416237873.3,0
2022-06-02,4089.5682,11389363800,222657537906.0,0
2022-06-06,4166.085,16787101100,324075626903.1,0
2022-06-07,4179.1285,14299288100,285733722332.6,0
2022-06-08,4219.8122,15737405700,319480252836.5,0
2022-06-09,4175.6747,16844915400,285172804211.6,0
2022-06-10,4238.9936,18479621400,324091440663.3,0
2022-06-13,4189.3527,16847562200,336585670508.0,0
2022-06-14,4222.3114,17138590400,335418557931.6,0
2022-06-15,4278.2178,25704659000,459766820664.8,0
2022-06-16,4250.0614,18407441600,337235911542.4,0
2022-06-17,4309.0444,15864909800,346675726828.8,0
2022-06-20,4330.4328,16566638200,359569296859.8,0
2022-06-21,4325.5657,16466761500,317163317740.3,0
2022-06-22,4270.6227,15856585400,298656263311.3,0
2022-06-23,4343.8781,17088236000,327144780543.7,0
2022-06-24,4394.7723,16897219900,356054750521.5,0
2022-06-27,4444.2639,17738567600,381432966327.9,0
2022-06-28,4490.5166,17475648900,361685970663.6,0
2022-06-29,4421.357,18727668800,395926107698.5,0
2022-06-30,4485.0108,15666628900,354343886760.3,0
2022-07-01,4466.7179,14477959900,318492130199.6,0
2022-07-04,4496.0303,14634565100,356968521261.0,0
2022-07-05,4489.5383,15496241500,361891850839.3,0
2022-07-06,4423.9698,14980023500,344672707728.0,0
2022-07-07,4443.4736,13266090600,328133133656.5,0
2022-07-08,4428.781,12319573900,304031107302.5,0
2022-07-11,4354.6167,13444857800,299195233430.3,0
2022-07-12,4313.6184,13018783800,291072311850.2,0
2022-07-13,4321.4617,13111317900,286075545406.5,0
2022-07-14,4322.0742,14525092600,301569861036.8,0
2022-07-15,4248.5273,15021445300,316793192669.9,0
2022-07-18,4292.5858,12260119200,281055128639.5,0
2022-07-19,4269.3401,10380573000,231117731807.1,0
2022-07-20,4283.8027,9449014400,212301881407.6,0
2022-07-21,4236.0578,11715634400,239228146811.6,0
2022-07-22,4238.2341,10384062400,224295333457.3,0
2022-07-25,4212.6441,8363666400,188136426672.8,0
2022-07-26,4245.9758,8582327400,197601406373.7,0
2022-07-27,4225.0357,7890494000,194245303807.0,0
2022-07-28,4225.6733,10753193000,243871486472.0,0
2022-07-29,4170.1019,11417928600,253198574647.5,0
2022-08-01,4188.6784,10774902900,251125308597.5,0
2022-08-02,4107.024,14222442500,281013555279.9,0
2022-08-03,4066.9754,11666612400,268695834765.4,0
2022-08-04,4101.5367,8953264400,216898674902.2,0
2022-08-05,4156.9111,10257100400,247325902015.1,0
2022-08-08,4148.0746,9020813800,224080812054.7,0
2022-08-09,4156.2907,8413695900,214223692260.1,0
2022-08-10,4109.7373,8556583900,217447368470.0,0
2022-08-11,4193.5428,12138505100,269630998406.8,0
2022-08-12,4191.152,10680829500,219208055254.9,0
2022-08-15,4185.6794,10589849500,245539800985.4,0
2022-08-16,4177.837,9390613900,233818584731.5,0
2022-08-17,4216.9586,11286465900,252044325051.7,0
2022-08-18,4180.0996,10105265000,233115491389.8,0
2022-08-19,4151.0738,11740297800,262494128152.3,0
2022-08-22,4181.3965,11244272000,259747163698.2,0
2022-08-23,4161.0823,10315351200,239101330833.1,0
2022-08-24,4082.4195,11906967900,262844309316.1,0
2022-08-25,4116.2396,11132074500,242149581477.5,0
2022-08-26,4107.5455,9900049300,225519196800.4,0
2022-08-29,4089.5205,9435443200,203086114712.3,0
2022-08-30,4075.7937,9330166200,192649001277.8,0
2022-08-31,4078.8402,13244976500,292974665546.2,0
2022-09-01,4043.7395,9738707100,210898503453.9,0
2022-09-02,4023.6131,8678927800,184468327005.7,0
2022-09-05,4015.4264,9376710900,201118696559.4,0
2022-09-06,4052.2802,11350626500,235921838118.4,0
2022-09-07,4054.983,10767805900,215147152182.0,0
2022-09-08,4037.6839,10088604900,186889047980.8,0
2022-09-09,4093.7874,11842711400,221442547204.1,0
2022-09-13,4111.1145,11178973700,218521062135.8,0
2022-09-14,4065.359,9079368100,185484965110.5,0
2022-09-15,4027.1186,12395119600,254367492776.0,0
2022-09-16,3932.6826,13719365500,241251840050.3,0
2022-09-19,3928.0001,9771957500,183574440581.8,0
2022-09-20,3932.8361,8482413400,179248153537.9,0
2022-09-21,3903.7348,8645839100,168939074342.6,0
2022-09-22,3869.344,8094691900,161134102784.4,0
2022-09-23,3856.0212,9434246200,172904807364.4,0
2022-09-26,3836.6773,10452603100,192906200253.8,0
2022-09-27,3892.295,8886016000,185955247353.4,0
2022-09-28,3828.7098,8659221300,172438042788.2,0
2022-09-29,3827.1434,8565414200,171635940007.5,0
2022-09-30,3804.8853,7855996600,158692748773.3,0
2022-10-10,3720.9365,10264759500,194635904094.3,0
2022-10-11,3727.6867,8394462500,166800394853.2,0
2022-10-12,3784.3064,10808931900,210931362291.5,0
2022-10-13,3752.6729,9901891500,198368891548.5,0
2022-10-14,3842.4698,11624229300,256551271975.0,0
2022-10-17,3846.4119,10419201900,220488874406.8,0
2022-10-18,3838.2667,8834690700,186556295765.5,0
2022-10-19,3776.5335,8157484400,186736408229.7,0
2022-10-20,3754.9269,9029089500,203781618922.2,0
2022-10-21,3742.8929,9875003800,180686357677.0,0
2022-10-24,3633.3733,13005686400,259450743134.0,0
2022-10-25,3627.4542,11095388200,219302759596.7,0
2022-10-26,3656.9027,12130154800,242453810571.9,0
2022-10-27,3631.1448,11799867500,257473315676.0,0
2022-10-28,3541.3295,11877216200,245816451977.6,0
2022-10-31,3508.7034,13846565500,256574822102.2,0
2022-11-01,3634.1732,14928669800,295089928407.3,0
2022-11-02,3677.8051,14159291900,291648245712.0,0
2022-11-03,3647.8966,11056603500,215379297964.4,0
2022-11-04,3767.1746,14973494900,311145477555.0,0
2022-11-07,3775.2971,12982637100,251195699936.5,0
2022-11-08,3749.3251,9901645100,193351324896.7,0
2022-11-09,3714.2704,8943452500,172029529943.6,0
2022-11-10,3685.6885,10350930200,183155308702.9,0
2022-11-11,3788.4387,18968558600,344471326267.1,0
2022-11-14,3794.0171,16966504800,315536856084.6,0
2022-11-15,3865.9726,15151565000,296268142768.9,0
2022-11-16,3834.3899,12061096400,235844588244.6,0
2022-11-17,3818.664,10594063200,219540811334.9,0
2022-11-18,3801.5686,11507877700,224276131007.5,0
2022-11-21,3769.1269,9586696600,188230373665.4,0
2022-11-22,3769.5727,14448633400,203490828432.2,0
2022-11-23,3773.5287,14452791100,201070601177.9,0
2022-11-24,3756.8082,10107344700,160698921546.2,0
2022-11-25,3775.7764,14292971100,191711040706.5,0
2022-11-28,3733.2424,12782574800,196305561705.9,0
2022-11-29,3848.4224,17870139200,289062336430.7,0
2022-11-30,3853.0365,15751140000,250051468093.3,0
2022-12-01,3894.7687,16996458500,306678195716.4,0
2022-12-02,3870.9478,11678635000,201253166362.9,0
2022-12-05,3946.8759,20174722100,296615512326.6,0
2022-12-06,3968.1979,15510832300,275583430840.8,0
2022-12-07,3958.4409,14300135600,255490829027.1,0
2022-12-08,3959.1798,11519998600,198037690481.4,0
2022-12-09,3998.2442,15377495400,268166789656.9,0
2022-12-12,3953.4433,12593536800,227606300936.9,0
2022-12-13,3945.6813,10099410000,184020700110.0,0
2022-12-14,3954.8857,9852800600,196175108617.2,0
2022-12-15,3951.9885,8886472500,181994889123.4,0
2022-12-16,3954.227,9317856700,167488442588.9,0
2022-12-19,3893.2207,10691907500,180801387702.4,0
2022-12-20,3829.0173,8309682200,164046440873.7,0
2022-12-21,3830.5384,6483921500,123450040359.8,0
2022-12-22,3836.028,8370517300,163970306950.9,0
2022-12-23,3828.2188,6527814800,130559415565.7,0
2022-12-26,3843.4887,7300571200,148692832422.1,0
2022-12-27,3887.854,7751535000,152032206630.9,0
2022-12-28,3871.2644,8442465600,160671122030.7,0
2022-12-29,3856.7007,7939481500,149011372437.3,0
2022-12-30,3871.6338,7877327200,148295049381.5,0
2023-01-03,3887.8992,11505187500,207540165953.2,0
2023-01-04,3892.9477,11066074300,198997711686.0,0
2023-01-05,3968.5782,11650239500,256312608292.0,0
2023-01-06,3980.8888,11095303800,235744305582.2,0
2023-01-09,4013.1196,11705442500,233212426458.1,0
2023-01-10,4017.4737,10175114100,214871166239.5,0
2023-01-11,4010.0309,9999788900,203000262960.6,0
2023-01-12,4017.8692,9055262700,183686268106.8,0
2023-01-13,4074.3772,9587189600,212173997498.4,0
2023-01-16,4137.9643,15139545500,319007749371.3,0
2023-01-17,4137.2422,9547904000,204381576523.4,0
2023-01-18,4130.3143,8420064500,172126171819.2,0
2023-01-19,4156.0077,9460839800,192699589774.1,0
2023-01-20,4181.5267,12355380900,222342455100.7,0
2023-01-30,4201.345,16460706400,330193322092.2,0
2023-01-31,4156.8578,12455083500,249365321627.1,0
2023-02-01,4195.9332,14100895400,265553944709.3,0
2023-02-02,4181.1493,13382373600,262497434837.0,0
2023-02-03,4141.6319,11704122100,226914770043.9,0
2023-02-06,4086.8779,11019271700,226345113968.7,0
2023-02-07,4094.2335,9136007200,183537351577.1,0
2023-02-08,4076.1411,8478609900,170591751817.3,0
2023-02-09,4130.8565,10228996100,211722604859.2,0
2023-02-10,4106.3097,9671673300,195348320573.4,0
2023-02-13,4143.574,12889257700,251990181553.9,0
2023-02-14,4145.2902,10249989000,204915435749.9,0
2023-02-15,4123.6893,12166450800,219855528966.4,0
2023-02-16,4093.4876,15931058500,281315625588.6,0
2023-02-17,4034.507,11614258900,225737746955.0,0
2023-02-20,4133.4896,16179448100,280122962150.4,0
2023-02-21,4144.3536,14577617300,249674201048.2,0
2023-02-22,4106.9506,10429029500,191586158991.2,0
2023-02-23,4103.6463,10356490600,197193582430.1,0
2023-02-24,4061.0457,10098942500,191210465053.2,0
2023-02-27,4043.8444,9378763000,187959491145.3,0
2023-02-28,4069.4587,11032359100,198799712379.1,0
2023-03-01,4126.9415,15601579400,255374791015.7,0
2023-03-02,4117.7377,14821763700,235953764969.5,0
2023-03-03,4130.5513,16033174100,226914545628.4,0
2023-03-06,4109.0102,16297180700,283079861971.5,0
2023-03-07,4048.8519,19591206800,272491994009.2,0
2023-03-08,4034.1077,11793649300,191659655190.9,0
2023-03-09,4019.8505,11653962900,201737990686.8,0
2023-03-10,3967.1352,12385540900,218286956131.0,0
2023-03-13,4008.686,14356137000,242865516757.6,0
2023-03-14,3984.6956,15054417400,267224848810.5,0
2023-03-15,3986.902,14202600700,232101093978.6,0
2023-03-16,3939.1505,15251564400,246264286428.0,0
2023-03-17,3958.8194,17743381800,305541015556.1,0
2023-03-20,3939.077,20526497000,319760032638.0,0
2023-03-21,3982.3782,14509067900,251631985016.9,0
2023-03-22,3999.4427,14922897000,265180992104.1,0
2023-03-23,4039.0895,15888742100,296479529467.0,0
2023-03-24,4027.0457,15944233000,295785588943.1,0
2023-03-27,4012.4771,16848227900,315474696948.0,0
2023-03-28,3999.5147,13189511700,248736920971.8,0
2023-03-29,4006.144,13374351000,263866922733.1,0
2023-03-30,4038.5257,14990103700,280004715991.0,0
2023-03-31,4050.9257,13884254600,279863685781.0,0
2023-04-03,4090.5676,18212431300,382895558426.0,0
2023-04-04,4103.1052,19714663100,394443175146.2,0
2023-04-06,4096.64,15070337400,328981851588.3,0
2023-04-07,4123.2799,12867673800,286567771883.1,0
2023-04-10,4104.8118,15245300200,340822557207.6,0
2023-04-11,4100.1479,15390133300,324192951998.7,0
2023-04-12,4097.2876,16596527800,325425226403.2,0
2023-04-13,4068.9786,15644429500,300291020752.9,0
2023-04-14,4091.9988,15069568200,306201501438.7,0
2023-04-17,4149.3836,18877309500,341831272792.7,0
2023-04-18,4162.032,17018413000,331545662315.6,0
2023-04-19,4124.5589,16255459200,312219504522.6,0
2023-04-20,4113.0192,16270667700,332172409512.0,0
2023-04-21,4032.5672,18080243500,347852011602.5,0
2023-04-24,3982.6429,17009921700,328375614674.3,0
2023-04-25,3962.6658,17255540900,331110619767.7,0
2023-04-26,3959.2323,16270200600,322062811333.5,0
2023-04-27,3988.4185,15382819500,304804002557.4,0
2023-04-28,4029.0858,17950848800,328936294025.2,0
2023-05-04,4030.2471,22758284600,345492506049.3,0
2023-05-05,4016.8774,20662692400,307694489937.0,0
2023-05-08,4062.6624,25558308500,359539954170.1,0
2023-05-09,4027.8754,27930604800,396422120420.6,0
2023-05-10,3996.8695,20755270900,309484851741.1,0
2023-05-11,3990.6637,14480461900,241052071431.6,0
2023-05-12,3937.7622,14442172800,228992923388.1,0
2023-05-15,3998.8872,17625736200,279531163508.4,0
2023-05-16,3978.2054,13683327100,234840652671.0,0
2023-05-17,3960.165,11844818500,205195685976.4,0
2023-05-18,3956.0701,13653394700,229134184412.9,0
2023-05-19,3944.5403,12021247900,207094944781.3,0
2023-05-22,3969.3277,10911660500,202185550245.9,0
2023-05-23,3913.1882,11868507700,189955815340.0,0
2023-05-24,3859.0935,13725826500,211768410520.2,0
2023-05-25,3850.4996,12415077000,213313620055.3,0
2023-05-26,3850.9511,10032643900,191537814872.5,0
2023-05-29,3833.9416,13185996700,230095604813.4,0
2023-05-30,3837.7531,13761962900,244566265534.9,0
2023-05-31,3798.5434,12638736800,235606123947.6,0
2023-06-01,3806.8679,13456188100,241829546409.4,0
2023-06-02,3861.8337,12501511000,232696547130.8,0
2023-06-05,3844.2492,11616398900,211144360143.7,0
2023-06-06,3808.1629,12578125800,222091722592.2,0
2023-06-07,3789.3418,9886243200,189879792179.6,0
2023-06-08,3820.1867,11870093400,199119300649.7,0
2023-06-09,3836.7026,13431986300,247296087070.9,0
2023-06-12,3844.4324,12675854300,240791270473.5,0
2023-06-13,3864.9074,11092494600,225435215314.9,0
2023-06-14,3864.0247,12495575900,243932581183.9,0
2023-06-15,3925.4994,12836993800,282635910894.2,0
2023-06-16,3963.3509,13976007600,280374762837.8,0
2023-06-19,3930.9079,13490584800,268213068579.8,0
2023-06-20,3924.2377,12252031800,266274081286.8,0
2023-06-21,3864.0323,11834657500,243630705591.5,0
2023-06-26,3809.6962,13399041900,247713845779.5,0
2023-06-27,3845.4334,11699268100,210097713687.6,0
2023-06-28,3840.7986,10702154100,206187959876.8,0
2023-06-29,3821.8435,9828927400,204110031407.8,0
2023-06-30,3842.4516,10126842900,208146272909.0,0
2023-07-03,3892.8821,13315805100,256876520211.7,0
2023-07-04,3899.0133,10949452700,216335611421.8,0
2023-07-05,3868.8054,9763638400,188400265050.6,0
2023-07-06,3842.7547,10012184200,184742420862.3,0
2023-07-07,3825.6988,10090692000,173918560673.0,0
2023-07-10,3844.3269,9203344100,185360813110.7,0
2023-07-11,3869.4861,8651071600,177585694368.3,0
2023-07-12,3843.4369,11152202400,214046519056.1,0
2023-07-13,3898.4229,12030023200,235278706834.5,0
2023-07-14,3899.1027,12236484600,220230466522.9,0
2023-07-17,3867.1749,9834014400,174623552807.4,0
2023-07-18,3854.9393,9143861500,167104315117.1,0
2023-07-19,3850.8663,7958570000,151311481029.8,0
2023-07-20,3823.6946,9204207600,174320872139.8,0
2023-07-21,3821.91,7950756300,157144211209.3,0
2023-07-24,3805.221,7548354500,151448369566.2,0
2023-07-25,3915.1153,16306632000,299853562168.1,0
2023-07-26,3907.0128,10788171700,192912604792.0,0
2023-07-27,3902.3458,11066710900,196845425513.0,0
2023-07-28,3992.7376,17973548100,310092467404.5,0
2023-07-31,4014.6301,19960683000,366544120003.6,0
2023-08-01,3998.001,14228685900,255620773637.6,0
2023-08-02,3969.895,12585569000,204875690923.8,0
2023-08-03,4004.9839,12900664000,224809824820.3,0
2023-08-04,4020.5792,17826718900,316529733837.7,0
2023-08-07,3990.1531,12131066200,227090572750.9,0
2023-08-08,3979.7322,10987169900,202611335313.8,0
2023-08-09,3967.5652,9464026900,174394242765.3,0
2023-08-10,3975.7166,9717684900,175646730198.2,0
2023-08-11,3884.2538,12608293100,203546314647.4,0
2023-08-14,3855.9061,11596633600,197623765246.4,0
2023-08-15,3846.5357,10309711100,177437071692.5,0
2023-08-16,3818.3338,9461694600,169323869027.6,0
2023-08-17,3831.1008,9841549300,174093848242.9,0
2023-08-18,3784.0038,9554963800,168445686988.2,0
2023-08-21,3729.555,9870836900,173379942906.6,0
2023-08-22,3758.2271,12031832700,203463879671.8,0
2023-08-23,3696.6339,9708163800,160476231586.9,0
2023-08-24,3723.4293,11961452100,196257391083.7,0
2023-08-25,3709.1517,10518261000,175601437172.9,0
2023-08-28,3752.6194,19799037900,335047670966.8,0
2023-08-29,3790.1067,15248614600,262134936751.0,0
2023-08-30,3788.5097,12967166100,226727480838.7,0
2023-08-31,3765.2678,11896164600,193577001342.0,0
2023-09-01,3791.4912,10531904500,172219141586.1,0
2023-09-04,3848.9517,14238520100,237934727924.3,0
2023-09-05,3820.3174,10405233300,181377877955.3,0
2023-09-06,3812.0283,9344239300,166081524007.0,0
2023-09-07,3758.4748,9510390300,164405748827.5,0
2023-09-08,3739.9927,7163816600,129197657303.1,0
2023-09-11,3767.537,10535801600,186871759441.3,0
2023-09-12,3760.6048,7938537800,140117510233.3,0
2023-09-13,3736.6513,8157690100,138238089912.5,0
2023-09-14,3733.5077,10038607500,151578100463.9,0
2023-09-15,3708.7766,10939568900,180398970938.3,0
2023-09-18,3727.711,8672774100,156966973910.5,0
2023-09-19,3720.5021,8319903800,135216895229.4,0
2023-09-20,3705.6898,7544820900,117691805957.0,0
2023-09-21,3672.4448,8303100500,135011796555.2,0
2023-09-22,3738.9327,11023116600,192236467362.8,0
2023-09-25,3714.6037,9259647900,155793827361.5,0
2023-09-26,3692.8928,7804452500,137808437774.8,0
2023-09-27,3700.495,9162921000,164790435265.8,0
2023-09-28,3689.5172,8522171900,153500421344.0,0
2023-10-09,3684.7272,10214805800,178072374748.1,0
2023-10-10,3657.1259,9916373000,161938958924.8,0
2023-10-11,3667.5483,10209158700,187667554127.0,0
2023-10-12,3702.3824,11436322500,194598219817.3,0
2023-10-13,3663.4104,9828798700,170152309003.0,0
2023-10-16,3626.5972,9185311800,159537973598.4,0
2023-10-17,3639.4018,9074518800,147056233347.4,0
2023-10-18,3610.5767,9454587900,158982356667.4,0
2023-10-19,3533.5445,11173752000,189194781843.9,0
2023-10-20,3510.5889,9851860500,169591289145.3,0
2023-10-23,3474.2438,9656165200,152054894179.0,0
2023-10-24,3487.1302,11554728900,186529203442.0,0
2023-10-25,3504.4576,12800961700,203691741119.2,0
2023-10-26,3514.1448,10514356600,176088467225.8,0
2023-10-27,3562.3851,12022510800,224301960437.0,0
2023-10-30,3583.7718,14401042600,242973328094.4,0
2023-10-31,3572.5056,11258726700,196317658324.1,0
2023-11-01,3571.0268,9764553800,182943566435.3,0
2023-11-02,3554.1889,9035964300,149465055433.9,0
2023-11-03,3584.1364,9754210100,165865989200.0,0
2023-11-06,3632.6084,15298246300,254465948110.4,0
2023-11-07,3619.7593,11028859100,190433605311.0,0
2023-11-08,3611.0723,11059423000,192594372352.5,0
2023-11-09,3612.8263,11187205700,189355228591.7,0
2023-11-10,3586.4893,10210703400,166924677328.0,0
2023-11-13,3579.4141,9670764900,164821249625.0,0
2023-11-14,3582.0584,10088415800,165935163426.0,0
2023-11-15,3607.2454,10492921800,188932150501.0,0
2023-11-16,3572.3641,8746478000,146629217157.8,0
2023-11-17,3568.0685,8731920700,139621898705.2,0
2023-11-20,3576.3233,9108044500,157449634694.0,0
2023-11-21,3581.0674,10859431400,175922105929.9,0
2023-11-22,3544.4162,8478438100,136041195538.9,0
2023-11-23,3561.5204,8480016700,141499811491.0,0
2023-11-24,3538.0087,8501840300,140101998555.3,0
2023-11-27,3511.9424,9910231400,155975437035.7,0
2023-11-28,3518.5232,8933578900,147740535862.4,0
2023-11-29,3488.3073,9884141200,155948235975.9,0
2023-11-30,3496.2028,10135082000,153790180653.3,0
2023-12-01,3482.8813,10853094100,176078323469.4,0
2023-12-04,3460.138,9715682600,164664395292.9,0
2023-12-05,3394.2571,10047200700,164840691112.1,0
2023-12-06,3399.598,10580551900,172142987724.9,0
2023-12-07,3391.2823,9771324800,160949948197.3,0
2023-12-08,3399.4618,12952205400,203034222561.1,0
2023-12-11,3419.4548,13962624900,219761181423.1,0
2023-12-12,3426.803,10559001300,166979964779.7,0
2023-12-13,3369.605,9528536700,165455928375.6,0
2023-12-14,3351.9639,8365513500,150245775736.4,0
2023-12-15,3341.5517,9778778300,164907019372.1,0
2023-12-18,3329.3657,9052682600,142303319418.9,0
2023-12-19,3334.0412,8380811800,135293655396.1,0
2023-12-20,3297.5022,9241286800,141290542802.3,0
2023-12-21,3330.8698,10254619800,171120780579.5,0
2023-12-22,3337.2281,10522013300,167336342309.2,0
2023-12-25,3347.4508,7454269300,121838327071.1,0
2023-12-26,3324.7902,7473293500,121689997434.6,0
2023-12-27,3336.3572,9440392800,140924923674.8,0
2023-12-28,3414.5403,14806485100,245855634464.3,0
2023-12-29,3431.1099,11492893200,193573180515.1,0
2024-01-02,3386.3522,11618072600,184096097448.7,0
2024-01-03,3378.2971,10561385100,165099018642.5,0
2024-01-04,3347.0519,10672101300,165512262698.6,0
2024-01-05,3329.1114,12640057400,182251664948.1,0
2024-01-08,3286.0564,11742948500,170761644873.4,0
2024-01-09,3292.4994,10933046500,172276323045.2,0
2024-01-10,3277.129,9419936600,159777649838.1,0
2024-01-11,3295.6717,10878973500,180978533555.5,0
2024-01-12,3284.1667,9685355500,156536022291.9,0
2024-01-15,3280.9195,8885153000,144331722430.6,0
2024-01-16,3300.8762,11327666500,175650587488.9,0
2024-01-17,3229.082,10876972800,173516385174.7,0
2024-01-18,3274.7286,17490916800,256784536828.0,0
2024-01-19,3269.7763,11850140800,191261807098.8,0
2024-01-22,3218.9016,14870562800,225510031844.3,0
2024-01-23,3231.9329,12201200000,193791168624.2,0
2024-01-24,3277.1089,15437195400,219036341624.5,0
2024-01-25,3342.9189,19683361400,265521114954.3,0
2024-01-26,3333.8213,18066400500,238144899501.0,0
2024-01-29,3303.9604,18416479500,244698013593.3,0
2024-01-30,3245.0387,14364935000,199592929911.7,0
2024-01-31,3215.3518,15314346900,215333349921.2,0
2024-02-01,3217.7109,14551679200,203815063232.5,0
2024-02-02,3179.6276,17375808900,234495151557.0,0
2024-02-05,3200.4218,20304297000,279713141507.2,0
2024-02-06,3311.6922,20271309900,285042020945.9,0
2024-02-07,3343.6303,21664793300,297997664575.2,0
2024-02-08,3364.9297,18997757800,270239765211.0,0
2024-02-19,3403.8078,18331980000,267674145147.3,0
2024-02-20,3410.8542,14073458100,218459281946.0,0
2024-02-21,3456.8713,18887936200,291823544608.2,0
2024-02-22,3486.6747,14102078400,225098128872.7,0
2024-02-23,3489.7416,14482127300,232926057113.9,0
2024-02-26,3453.3585,15124833100,238951637715.0,0
2024-02-27,3494.7874,13952824600,244488721250.8,0
2024-02-28,3450.2598,18983754800,328300591256.4,0
2024-02-29,3516.0826,15594453200,281971899288.2,0
2024-03-01,3537.8038,16270957000,288575619224.5,0
2024-03-04,3540.8686,16324461300,297719931809.3,0
2024-03-05,3565.5143,16642238900,299895929709.1,0
2024-03-06,3551.0481,14307661300,248294165707.4,0
2024-03-07,3529.7195,14811051000,251839533036.1,0
2024-03-08,3544.9099,12579266400,225379101014.0,0
2024-03-11,3589.2635,14820282500,286418582154.6,0
2024-03-12,3597.4939,18068556000,339997042337.1,0
2024-03-13,3572.361,14459059000,266898756379.8,0
2024-03-14,3562.2229,14096272200,263803609335.2,0
2024-03-15,3569.993,13831604400,243991558366.2,0
2024-03-18,3603.528,16037943800,295314840611.0,0
2024-03-19,3577.6303,14557178600,259553448413.4,0
2024-03-20,3585.3838,12952896600,223752103886.2,0
2024-03-21,3581.0902,13074337700,233162492629.6,0
2024-03-22,3545.0023,13922735800,248850931022.2,0
2024-03-25,3525.7634,13701572400,233747256235.1,0
2024-03-26,3543.7467,12620953500,226730734844.1,0
2024-03-27,3502.7866,12862676300,216404726565.9,0
2024-03-28,3520.9648,14333471700,232530806334.5,0
2024-03-29,3537.4843,12864329000,201749384356.7,0
2024-04-01,3595.6466,16277656100,251637272845.1,0
2024-04-02,3580.6759,14127297200,220207515542.9,0
2024-04-03,3567.8031,13559233100,214222897580.1,0
2024-04-08,3536.4077,15530428300,243249251687.2,0
2024-04-09,3533.4871,12967094200,195893525574.7,0
2024-04-10,3504.7086,12879027400,199754768626.1,0
2024-04-11,3504.2447,12653439500,200293481885.7,0
2024-04-12,3475.8389,12892111600,208566204702.9,0
2024-04-15,3549.0759,18394125000,267472484531.0,0
2024-04-16,3511.1146,17615306500,253315972272.3,0
2024-04-17,3565.403,16846639800,244987812753.2,0
2024-04-18,3569.8018,17857410500,261329927268.4,0
2024-04-19,3541.6619,14728150500,226229520121.3,0
2024-04-22,3530.9045,15057904200,229511183118.0,0
2024-04-23,3506.2249,14311350400,213257232210.7,0
2024-04-24,3521.6219,12173985100,195299919746.2,0
2024-04-25,3530.2813,11518772200,184524622000.7,0
2024-04-26,3584.2686,19721613300,308045062250.7,0
2024-04-29,3623.9124,22272138100,358709708837.6,0
2024-04-30,3604.3943,19129689900,286674161757.8,0
2024-05-06,3657.8767,20801800700,333270472130.0,0
2024-05-07,3659.0076,16483428600,247368347983.1,0
2024-05-08,3630.2233,13003533600,199923460349.8,0
2024-05-09,3664.561,14655901700,232694927940.9,0
2024-05-10,3666.2771,15072053600,233730562074.5,0
2024-05-13,3664.6907,15726745500,249688465072.9,0
2024-05-14,3657.0454,13340649000,214643548213.8,0
2024-05-15,3626.0559,12352276400,191480969435.1,0
2024-05-16,3640.3592,15463050300,240288953464.0,0
2024-05-17,3677.9696,16457041700,247729525192.2,0
2024-05-20,3690.9623,18460942300,279971341520.4,0
2024-05-21,3676.1611,13067828300,196575354877.9,0
2024-05-22,3684.451,15191460500,230839373504.9,0
2024-05-23,3641.7917,14257299000,214205039030.7,0
2024-05-24,3601.4754,12479117700,195344742155.9,0
2024-05-27,3635.7079,13127264400,206143742535.6,0
2024-05-28,3609.1724,12353223800,184381267979.1,0
2024-05-29,3613.5223,11590632100,179072813277.6,0
2024-05-30,3594.3121,12260299500,193069647050.8,0
2024-05-31,3579.9247,11246201900,180707602931.7,0
2024-06-03,3588.7483,14105459100,222756928174.4,0
2024-06-04,3615.6714,12454509600,195790966233.8,0
2024-06-05,3594.7936,11090676600,182639598874.9,0
2024-06-06,3592.2454,13789351700,226764072639.2,0
2024-06-07,3574.1143,13110302600,213001530097.8,0
2024-06-11,3542.8771,13452230600,219282337214.0,0
2024-06-12,3544.1225,12281372900,200722600631.1,0
2024-06-13,3526.1306,12324546200,214792338449.3,0
2024-06-14,3541.5331,17151694200,283768816845.0,0
2024-06-17,3536.1986,13743343800,232293851893.9,0
2024-06-18,3545.5902,12367183800,208824124156.0,0
2024-06-19,3528.749,10664279700,184790298728.6,0
2024-06-20,3503.2817,11161739600,186515776574.7,0
2024-06-21,3495.6198,10918661500,182736735066.8,0
2024-06-24,3476.8102,11799018400,195787549313.6,0
2024-06-25,3457.9023,11844811800,190886336762.4,0
2024-06-26,3480.2648,10589886100,171538111702.3,0
2024-06-27,3454.1175,11491810100,174112508796.1,0
2024-06-28,3461.657,13540915300,205118806811.8,0
2024-07-01,3478.1827,12182977000,188018227774.8,0
2024-07-02,3471.7857,12165012100,186104752421.9,0
2024-07-03,3463.4141,10385710800,163035359363.1,0
2024-07-04,3445.8128,10442990900,159477153569.5,0
2024-07-05,3431.0605,11660965900,181416567402.8,0
2024-07-08,3401.7604,11552821800,177559765827.5,0
2024-07-09,3439.8111,13162944300,215048837819.8,0
2024-07-10,3428.9657,12720345600,198149476849.1,0
2024-07-11,3468.169,14589246600,237551298481.6,0
2024-07-12,3472.4014,13087458900,205055553856.4,0
2024-07-15,3476.2467,11851708300,171584915379.5,0
2024-07-16,3498.2827,12065901700,200456285077.5,0
2024-07-17,3501.5836,13180206200,222830802528.4,0
2024-07-18,3520.931,12376819900,215783795702.6,0
2024-07-19,3539.0156,13244797500,228065104129.0,0
2024-07-22,3514.9249,13212633700,217457320403.9,0
2024-07-23,3439.8779,12889766000,202857560168.7,0
2024-07-24,3418.1663,12703626300,184884499786.8,0
2024-07-25,3399.2716,13102224200,190131464834.7,0
2024-07-26,3409.2931,12419555800,187853329477.8,0
2024-07-29,3390.742,10978778600,166697103823.1,0
2024-07-30,3369.3821,10495216400,165442824490.2,0
2024-07-31,3442.0844,17195917700,258249147336.4,0
2024-08-01,3419.2666,13632346400,206038002517.7,0
2024-08-02,3384.3919,11661525500,179671192427.6,0
2024-08-05,3343.3205,14281251600,223631266563.2,0
2024-08-06,3342.9789,11934027900,181724693847.5,0
2024-08-07,3341.489,9508437700,145078975325.5,0
2024-08-08,3342.9369,9249569500,149482926226.5,0
2024-08-09,3331.6274,9151162600,142852166559.2,0
2024-08-12,3325.8645,7993875400,117544892726.5,0
2024-08-13,3334.3903,8448967900,125259155343.0,0
2024-08-14,3309.2389,7874240700,118181952004.2,0
2024-08-15,3341.953,10476639900,149249335425.5,0
2024-08-16,3345.634,9651908300,135885323083.0,0
2024-08-19,3356.9677,10557111000,143421671337.3,0
2024-08-20,3332.7034,10166833100,137910585091.6,0
2024-08-21,3321.635,8995475100,130005992563.3,0
2024-08-22,3313.1357,10036650400,147702791560.6,0
2024-08-23,3327.1905,8952577400,132680886499.7,0
2024-08-26,3324.2231,9399077200,139070603958.0,0
2024-08-27,3305.3338,9580815700,129755962864.4,0
2024-08-28,3286.4956,9269665000,135982310964.6,0
2024-08-29,3277.6812,13070233300,174340106392.6,0
2024-08-30,3321.4323,18869544300,268376041210.9,0
2024-09-02,3265.011,14761235300,194409996348.3,0
2024-09-03,3273.4282,12289730600,155089488535.3,0
2024-09-04,3252.1649,10483248200,140070063076.9,0
2024-09-05,3257.7578,9710945000,134618198893.7,0
2024-09-06,3231.3457,8840041700,121541545905.7,0
2024-09-09,3192.9516,10867306900,146516054460.5,0
2024-09-10,3195.7552,9729007800,133610476131.5,0
2024-09-11,3186.1299,10248211000,141513837135.3,0
2024-09-12,3172.4747,9286865700,136387244637.1,0
2024-09-13,3159.247,8833667700,137448911397.4,0
2024-09-18,3171.0102,8472281400,123452147968.9,0
2024-09-19,3196.0357,12543927200,181785109712.7,0
2024-09-20,3201.0497,11806409800,163985054956.9,0
2024-09-23,3212.7639,9534485500,143876166860.9,0
2024-09-24,3351.909,20407221700,307879526847.5,0
2024-09-25,3401.533,24156425500,356862584939.5,0
2024-09-26,3545.3204,24313401000,373983643044.8,0
2024-09-27,3703.6849,26548777400,466692757481.8,0
2024-09-30,4017.8545,51021770700,862528807419.2,0
2024-10-08,4256.0962,58986789400,1130387437130.1,0
2024-10-09,3955.9839,48226929500,1029032062193.4,0
2024-10-10,3997.7879,39505309900,717952217512.6,0
2024-10-11,3887.167,27409650500,484998267295.6,0
2024-10-14,3961.3424,30757899300,534076602215.5,0
2024-10-15,3855.9949,24248644800,434410916723.5,0
2024-10-16,3831.589,21886640700,377301324426.4,0
2024-10-17,3788.2217,21231382000,369170521634.5,0
2024-10-18,3925.234,31295883400,620673701894.1,0
2024-10-21,3935.1974,29118563400,600109598949.1,0
2024-10-22,3957.7755,22343339600,442881846813.7,0
2024-10-23,3973.2089,24587394900,469120806272.1,0
2024-10-24,3928.8334,17472406200,340486884485.3,0
2024-10-25,3956.421,21069488500,412231378430.4,0
2024-10-28,3964.1569,21616041500,390450182338.0,0
2024-10-29,3924.649,21729398400,429625020404.8,0
2024-10-30,3889.4487,21943662600,385010582233.2,0
2024-10-31,3891.0396,30063671800,515533818945.0,0
2024-11-01,3890.0203,30798648100,476472952028.3,0
2024-11-04,3944.7619,22923906000,381048606068.1,0
2024-11-05,4044.5725,31686279400,580971852723.7,0
2024-11-06,4024.2831,33580793800,639124093911.8,0
2024-11-07,4145.6952,34143641400,658145920948.1,0
2024-11-08,4104.047,33235038500,688446559772.2,0
2024-11-11,4131.1312,28959422700,625605935910.0,0
2024-11-12,4085.743,29777808600,660380524820.6,0
2024-11-13,4110.8901,24048409900,512734303119.4,0
2024-11-14,4039.6191,23015278400,464157560755.1,0
2024-11-15,3968.8308,24739946300,474079686588.2,0
2024-11-18,3950.3806,30677794600,472408054830.7,0
2024-11-19,3976.8912,24294646500,402610970340.1,0
2024-11-20,3985.7727,18459937200,347577693099.5,0
2024-11-21,3989.2979,16612592700,324235010779.0,0
2024-11-22,3865.6989,21628580900,397566831847.8,0
2024-11-25,3848.0909,19070295300,349006773180.1,0
2024-11-26,3840.1847,14989244100,264403254830.0,0
2024-11-27,3907.0447,17413609600,320632355477.0,0
2024-11-28,3872.5505,15011729100,286432871223.5,0
2024-11-29,3916.5832,18765671300,375262017919.2,0
2024-12-02,3947.632,19728978400,368591235990.8,0
2024-12-03,3951.8912,18249686700,327295048700.8,0
2024-12-04,3930.5568,17462631800,312040419081.5,0
2024-12-05,3921.5881,13853403800,257716297996.5,0
2024-12-06,3973.1405,19205790700,351751735425.0,0
2024-12-09,3966.5708,17595995800,308227216702.9,0
2024-12-10,3995.6369,25346379500,487278042807.0,0
2024-12-11,3988.8308,17725284600,310713317895.4,0
2024-12-12,4028.5048,18162177700,333667518401.4,0
2024-12-13,3933.1808,23035307900,421478609274.0,0
2024-12-16,3911.8416,17851125100,327619081581.3,0
2024-12-17,3922.0334,16093909000,306037370846.7,0
2024-12-18,3941.89,15773832100,276825381224.3,0
2024-12-19,3945.4635,16108104000,321771606933.4,0
2024-12-20,3927.7441,15498649600,332143276397.7,0
2024-12-23,3933.5718,19006736200,354063425208.7,0
2024-12-24,3983.6882,16149458900,310384873294.2,0
2024-12-25,3985.6291,15939074700,299295145793.1,0
2024-12-26,3987.4801,14342528600,305769929402.7,0
2024-12-27,3981.0307,16926866600,345011075199.0,0
2024-12-30,3999.0549,16461248500,322699390191.8,0
2024-12-31,3934.9109,18392839700,347880439530.4,0
2025-01-02,3820.3952,21789872400,388636586639.3,0
2025-01-03,3775.1648,17534267600,304322755435.9,0
2025-01-06,3768.9697,15094667000,262803541116.2,0
2025-01-07,3796.1055,14645577900,266855795347.4,0
2025-01-08,3789.2153,16916696800,300965725432.7,0
2025-01-09,3779.8773,12979400200,251486002819.8,0
2025-01-10,3732.4806,13752317100,275354209064.3,0
2025-01-13,3722.513,13644619900,247861953196.7,0
2025-01-14,3820.5395,17066465700,345461480063.6,0
2025-01-15,3796.026,14147552000,278850595531.7,0
2025-01-16,3800.3836,14450587100,305734630771.3,0
2025-01-17,3812.3429,12662196100,265437489593.6,0
2025-01-20,3829.6764,13958127700,292175449108.6,0
2025-01-21,3832.6145,14121840600,285073351693.4,0
2025-01-22,3797.0166,13725506200,298745637551.4,0
2025-01-23,3803.7439,18056955100,345198071113.9,0
2025-01-24,3832.8637,14897172200,296474375469.1,0
2025-01-27,3817.0802,14667077200,282940127540.6,0
2025-02-05,3795.0848,15716830800,346016202025.2,0
2025-02-06,3842.8314,16728817600,371891971101.4,0
2025-02-07,3892.7028,22185770700,487381557078.2,0
2025-02-10,3901.0618,18890304000,384968342874.3,0
2025-02-11,3883.1352,16657490900,337866056115.9,0
2025-02-12,3919.8617,16422854000,354830596297.9,0
2025-02-13,3905.1398,17248587400,376473453306.6,0
2025-02-14,3939.0085,17297645200,360974236854.4,0
2025-02-17,3947.3983,21358824600,430929575563.2,0
2025-02-18,3912.7829,20942510100,400186229940.7,0
2025-02-19,3940.1602,18282951700,363680372562.7,0
2025-02-20,3928.8959,16389523600,325972429362.6,0
2025-02-21,3978.444,22740033000,504645493577.1,0
2025-02-24,3969.7169,22081061800,455088749684.5,0
2025-02-25,3925.6505,17810858000,377981451250.4,0
2025-02-26,3959.9413,19106250100,386458193762.6,0
2025-02-27,3968.1159,20288796300,428272792667.6,0
2025-02-28,3890.0487,19810414700,420308043450.1,0
2025-03-03,3888.4738,17762316600,356057735014.0,0
2025-03-04,3885.2208,14985096700,297739246802.3,0
2025-03-05,3902.5706,15865275100,290860484504.9,0
2025-03-06,3956.2369,19396091500,397419427642.7,0
2025-03-07,3944.0143,16673237500,340626700285.5,0
2025-03-10,3928.8018,15276523200,292574987480.9,0
2025-03-11,3941.4157,14475440200,287480453119.8,0
2025-03-12,3927.2315,15673219000,309627267364.8,0
2025-03-13,3911.5793,15653644300,295173112579.6,0
2025-03-14,4006.5567,21613900300,450895278803.0,0
2025-03-17,3996.7876,16220291100,318904417418.3,0
2025-03-18,4007.7229,14020849600,292739319544.6,0
2025-03-19,4010.168,14441942800,286075300795.3,0
2025-03-20,3974.9918,13375467000,260020676825.8,0
2025-03-21,3914.6956,16590529400,309348613935.4,0
2025-03-24,3934.8486,15223467400,266051442612.7,0
2025-03-25,3932.2951,14047539900,239246310985.8,0
2025-03-26,3919.3566,13116418700,220943164486.2,0
2025-03-27,3932.4117,12679373800,232173613774.0,0
2025-03-28,3915.1662,12635621400,213379194289.3,0
2025-03-31,3887.3056,16679852300,268480316572.3,0
2025-04-01,3887.6841,14038027400,246041674670.2,0
2025-04-02,3884.3858,11304317500,198267515342.4,0
2025-04-03,3861.5034,14259978900,263684681545.1,0
2025-04-07,3589.4406,31257858600,512971787744.6,0
2025-04-08,3650.759,28019731200,464021087837.5,0
2025-04-09,3686.7943,26230570800,455031069289.8,0
2025-04-10,3735.1151,22725222700,403842564855.5,0
2025-04-11,3750.5167,16875969100,318535141904.4,0
2025-04-14,3759.1422,16446240300,292571297039.1,0
2025-04-15,3761.2348,13400604000,228604621375.8,0
2025-04-16,3772.8204,15635900600,261711094768.5,0
2025-04-17,3772.2221,12237100200,209012323066.2,0
2025-04-18,3772.523,10294850900,173109384097.2,0
2025-04-21,3784.8806,12135573000,208085677382.1,0
2025-04-22,3783.9522,12568825700,210200698793.7,0
2025-04-23,3786.8824,13198687000,247117386122.1,0
2025-04-24,3784.3574,11716456000,205483051375.0,0
2025-04-25,3786.9937,12459113300,220535052619.3,0
2025-04-28,3781.6188,12514509100,210635318523.2,0
2025-04-29,3775.0767,11151469400,197462744362.5,0
2025-04-30,3770.5705,14368165800,244820462217.6,0
2025-05-06,3808.5424,15852045900,267937090757.4,0
2025-05-07,3831.627,16117229900,286010735453.4,0
2025-05-08,3852.8963,12495983300,246987280587.7,0
2025-05-09,3846.1566,11938952600,216697939671.7,0
2025-05-12,3890.6096,15333246000,296122947807.8,0
2025-05-13,3896.2583,14732029900,267586397719.9,0
2025-05-14,3943.2108,17203377900,319465226850.5,0
2025-05-15,3907.1992,13808174900,241464943553.6,0
2025-05-16,3889.0854,11840534500,208835664039.2,0
2025-05-19,3877.1453,9864341400,184888170553.8,0
2025-05-20,3898.1705,10488523400,201636702521.8,0
2025-05-21,3916.3807,10979134300,217037739435.0,0
2025-05-22,3913.8651,10759705200,197511410270.8,0
2025-05-23,3882.2741,12027741900,232945378294.8,0
2025-05-26,3860.1067,10960120700,208876792148.9,0
2025-05-27,3839.3969,9857242500,178466763540.9,0
2025-05-28,3836.2366,8903102600,162496372727.5,0
2025-05-29,3858.6998,10847188600,209459602501.2,0
2025-05-30,3840.2323,11167222800,199389751071.1,0
2025-06-03,3852.0127,13140309000,226782772062.7,0
2025-06-04,3868.7429,11680387300,211736178154.1,0
2025-06-05,3877.5557,12287818400,231749275334.6,0
2025-06-06,3873.9841,11098797100,202034736310.9,0
2025-06-09,3885.2459,13630629300,262023668465.5,0
2025-06-10,3865.4652,14556385900,263647551794.8,0
2025-06-11,3894.6252,14241477200,257217704405.4,0
2025-06-12,3892.1992,13399869700,260239581458.0,0
2025-06-13,3864.1822,17253953600,309172346179.9,0
2025-06-16,3873.7951,13734183500,246860982863.3,0
2025-06-17,3870.3786,12234252600,220399818948.5,0
2025-06-18,3874.9708,12752862100,230553858263.6,0
2025-06-19,3843.0912,13028065800,234840180805.5,0
2025-06-20,3846.6443,11815102000,213522822874.5,0
2025-06-23,3857.9016,13380089200,232482215850.4,0
2025-06-24,3904.0342,16365618800,294228720612.5,0
2025-06-25,3960.0662,18721367100,361727254624.0,0
2025-06-26,3946.0195,16531626300,328102847495.6,0
2025-06-27,3921.7578,19455791300,343468229813.8,0
2025-06-30,3936.0791,14517023600,288821434921.4,0
2025-07-01,3942.762,12895936200,236070338399.4,0
2025-07-02,3943.6849,14706306200,246637847453.8,0
2025-07-03,3968.0676,14100400600,269609569538.7,0
2025-07-04,3982.2034,15719713300,290512992198.0,0
2025-07-07,3965.1746,13113527300,225106992875.9,0
2025-07-08,3998.4527,15640289500,292089834223.8,0
2025-07-09,3991.4006,17329379600,305398796562.7,0
2025-07-10,4010.0243,20977890400,347836703626.3,0
2025-07-11,4014.807,26205277300,443780794880.4,0
2025-07-14,4017.6678,20791717500,321415945157.1,0
2025-07-15,4019.0644,19104293100,353524574440.9,0
2025-07-16,4007.2019,15102730800,300656795664.6,0
2025-07-17,4034.491,16124904100,325516865722.7,0
2025-07-18,4058.5486,18621106300,354244444629.7,0
2025-07-21,4085.6072,22326847600,377938564877.6,0
2025-07-22,4118.9582,25759698500,450874014479.4,0
2025-07-23,4119.7685,30050615400,470330899420.8,0
2025-07-24,4149.0368,31963239200,487000043884.1,0
2025-07-25,4127.1634,27359496300,430445513470.9,0
2025-07-28,4135.8242,22275981500,406792873973.3,0
2025-07-29,4152.0247,23080788000,428764310973.8,0
2025-07-30,4151.2379,24985304800,445168467668.0,0
2025-07-31,4075.5912,26708740600,492142571738.8,0
2025-08-01,4054.9286,19622182600,359685164163.4,0
2025-08-04,4070.7023,16227590200,295976826632.4,0
2025-08-05,4103.45,17885199900,306934255765.6,0
2025-08-06,4113.4852,17667615500,307674626124.8,0
2025-08-07,4114.666,19864190200,358108366983.7,0
2025-08-08,4104.9669,17317120100,308507687634.7,0
2025-08-11,4122.5106,19044371600,360685826235.0,0
2025-08-12,4143.8252,17728782300,383088423330.0,0
2025-08-13,4176.5776,21393499900,462776745465.3,0
2025-08-14,4173.3131,22110359500,485075642622.0,0
2025-08-15,4202.3533,26132756600,518686873500.8,0
2025-08-18,4239.4125,30147910200,635365867184.5,0
2025-08-19,4223.3741,25081877100,553536203259.6,0
2025-08-20,4271.3958,24648177300,538815306146.9,0
2025-08-21,4288.0707,25903001400,558521268967.4,0
2025-08-22,4377.9977,29043489700,675935075408.9,0
2025-08-25,4469.2217,35809000600,823681964472.7,0
2025-08-26,4452.5905,27062139500,627950450229.2,0
2025-08-27,4386.1266,33313389800,785098482973.5,0
2025-08-28,4463.782,29683453600,739423602221.4,0
2025-08-29,4496.7591,35193894700,831194066157.9,0
2025-09-01,4523.7111,32036670800,770378288126.9,0
2025-09-02,4490.4528,30393256600,777999297964.1,0
2025-09-03,4459.8296,25432021700,655697116709.1,0
2025-09-04,4365.2085,30793460900,773124596998.1,0
2025-09-05,4460.3249,24962565700,664166970946.5,0
2025-09-08,4467.5733,26763838200,683630879769.1,0
2025-09-09,4436.2584,22137546000,562861103958.4,0
2025-09-10,4445.3649,20359764600,535539349489.1,0
2025-09-11,4548.0345,25326405100,693156671397.7,0
2025-09-12,4521.998,26644200300,689576075691.4,0
2025-09-15,4533.0557,23188567800,613314652419.1,0
2025-09-16,4523.3367,24926920600,613728334805.9,0
2025-09-17,4551.023,23571647200,608454200521.1,0
2025-09-18,4498.109,30985982600,839987127411.0,0
2025-09-19,4501.9195,22504400000,603887059817.1,0
2025-09-22,4522.608,19645995600,563149164266.0,0
2025-09-23,4519.7781,25282706200,680513630695.8,0
2025-09-24,4566.0708,22048260800,629161495484.1,0
2025-09-25,4593.4875,22982333300,669866986618.6,0
2025-09-26,4550.0487,20848211400,598723903173.9,0
2025-09-29,4620.0528,27435887700,693395231241.2,0
2025-09-30,4640.6935,24798035900,664624101862.0,0
2025-10-09,4709.482,34767869600,862208005908.4,0
2025-10-10,4616.8341,31902089900,792743047250.5,0
2025-10-13,4593.9785,31501035400,714001634395.3,0
2025-10-14,4539.0644,37295403000,808959003201.4,0
2025-10-15,4606.2879,28477185500,607326345325.6,0
2025-10-16,4618.4218,24823551800,560567191741.4,0
2025-10-17,4514.2345,25690561700,559085965218.7,0
2025-10-20,4538.2201,21842040500,505798833703.2,0
2025-10-21,4607.8715,21571117500,551390253215.9,0
2025-10-22,4592.57,18533396000,440935302747.4,0
2025-10-23,4606.3447,20046391700,420800208775.6,0
2025-10-24,4660.6835,20881448300,551986648560.5,0
2025-10-27,4716.0186,26220067400,672670372522.7,0
2025-10-28,4691.973,22090664500,571563257095.5,0
2025-10-29,4747.8378,24621132400,645898688765.2,0
2025-10-30,4709.911,27328911800,719956285438.0,0
2025-10-31,4640.6676,28146474000,680712251492.7,0
2025-11-03,4653.4028,23986980900,557602941095.9,0
2025-11-04,4618.699,23322403200,505177700976.6,0
2025-11-05,4627.257,20304587100,468361161388.7,0
2025-11-06,4693.4032,22424100800,553641780921.2,0
2025-11-07,4678.7944,21249737700,507573849500.2,0
2025-11-10,4695.0507,23602676400,593977127605.0,0
2025-11-11,4652.1655,18663885800,477629076357.0,0
2025-11-12,4645.9079,20946059200,492308866408.7,0
2025-11-13,4702.0738,20736747400,510060678210.4,0
2025-11-14,4628.1398,19209267600,444720433578.5,0
2025-11-17,4598.0525,18895546600,438940097527.8,0
2025-11-18,4568.1928,17771318500,420150126547.0,0
2025-11-19,4588.2922,17292497400,385230481969.8,0
2025-11-20,4564.9483,19456259300,415064817729.8,0
2025-11-21,4453.6076,22285101300,481295814462.6,0
2025-11-24,4448.0478,18583372900,425807469499.9,0
2025-11-25,4490.4047,16957192900,411523796962.4,0
2025-11-26,4517.6255,15620036800,427361377738.4,0
2025-11-27,4515.4027,15031177200,417789843567.7,0
2025-11-28,4526.6616,14290209600,341832317979.4,0
2025-12-01,4576.4856,20038231700,463861587251.4,0
2025-12-02,4554.3347,14849313200,364366426477.8,0
2025-12-03,4531.0486,16976279000,374486168902.9,0
2025-12-04,4546.5664,14719811000,348767399211.7,0
2025-12-05,4584.5368,19679996800,412146806538.3,0
2025-12-08,4621.7545,19962099000,496716196112.2,0
2025-12-09,4598.2232,18416034400,452113884581.0,0
2025-12-10,4591.8273,16911110600,401452781497.6,0
2025-12-11,4552.1848,16841940500,432431093509.7,0
2025-12-12,4580.95,21282652000,523863221651.9,0
2025-12-15,4552.0596,16758996700,424383389792.3,0
2025-12-16,4497.5545,16516520100,390500134302.7,0
2025-12-17,4579.875,17842483000,452504741114.1,0
2025-12-18,4552.7926,15168132800,382102395684.6,0
2025-12-19,4568.1781,15487622000,371577144281.1,0
2025-12-22,4611.6235,16525285600,448240599513.9,0
2025-12-23,4620.7341,16925641200,433141326005.5,0
2025-12-24,4634.0586,15371124100,406375640662.1,0
2025-12-25,4642.5357,13943418600,385356060832.4,0
2025-12-26,4657.24,17539656500,460426934267.5,0
2025-12-29,4639.3721,20039713300,482613536466.5,0
2025-12-30,4651.2818,18037497400,457185489036.8,0
2025-12-31,4629.9395,17076022400,444491545749.0,0
2026-01-05,4717.7457,23414483900,630577351311.4,0
2026-01-06,4790.6938,29697068600,725414566872.9,0
2026-01-07,4776.6658,25909556400,664897929360.7,0
2026-01-08,4737.6536,23880495700,630655637961.6,0
2026-01-09,4758.9221,25468803800,668788811126.9,0
2026-01-12,4789.9155,29483316500,799954082388.1,0
2026-01-13,4761.0324,30144949700,801054979639.8,0
2026-01-14,4741.9306,36495102300,891334219174.3,0
2026-01-15,4751.4293,25400363600,674058683639.6,0
2026-01-16,4731.8728,32527892900,785624166096.3,0
2026-01-19,4734.4556,26761249200,655149256235.7,0
2026-01-20,4718.8782,28271957900,671960685391.4,0
2026-01-21,4723.0692,26635333200,665330511237.3,0
2026-01-22,4723.7091,27419993200,690235248160.5,0
2026-01-23,4702.4966,31463544500,755617735528.3,0
2026-01-26,4706.964,36300448100,796832970315.2,0
2026-01-27,4705.6918,30147569700,715267914840.3,0
2026-01-28,4717.9914,38225560200,829414067055.4,0
2026-01-29,4753.8697,41551305500,917966160339.3,0
2026-01-30,4706.3401,31978653100,750564885195.4,0
2026-02-02,4605.9799,30477350000,725920381252.0,0
2026-02-03,4660.1074,26554940500,666626842810.7,0
2026-02-04,4698.6832,26488103200,636018589862.7,0
2026-02-05,4670.4188,23785635100,550433167197.1,0
2026-02-06,4643.5959,20271647700,505759806237.8,0
2026-02-09,4719.0559,20725193800,522757267199.4,0
2026-02-10,4724.2956,18700095800,450339578978.4,0
2026-02-11,4713.8185,17339168100,433428613402.0,0
2026-02-12,4719.578,19784143900,490473852275.1,0
2026-02-13,4660.4056,18916775600,452878594068.8,0
2026-02-24,4707.544,21848889000,526084235584.0,0
2026-02-25,4735.8858,28426835400,596903872616.7,0
2026-02-26,4726.8739,23484764400,599848915404.9,0
2026-02-27,4710.6469,26142086500,578820992510.3,0
2026-03-02,4728.6688,34926075200,752681937770.4,0
2026-03-03,4655.8962,37062427200,801659243770.0,0
2026-03-04,4602.6247,30303566600,608923128590.3,0
2026-03-05,4647.6921,25931782500,570443777084.6,0
2026-03-06,4660.439,23852792600,487807080156.9,0
2026-03-09,4615.4551,32278761700,665821508005.3,0
2026-03-10,4674.7562,26390374800,557607876148.6,0
2026-03-11,4704.4959,27017544300,579564397580.3,0
2026-03-12,4687.5601,30298681600,572105482463.8,0
2026-03-13,4669.14,31077200900,580305608197.8,0
2026-03-16,4671.5591,29621507000,598799098356.4,0
2026-03-17,4637.4392,26302191300,578501505807.6,0
2026-03-18,4658.3324,23469070500,524173911454.0,0
2026-03-19,4583.2511,25413044900,547850295789.2,0
2026-03-20,4567.0179,25787370300,615463088557.8,0
2026-03-23,4417.9971,32808194500,671719761060.9,0
2026-03-24,4474.7224,25553251700,530149390314.2,0
2026-03-25,4537.4656,26263927900,550428161188.3,0
2026-03-26,4477.5343,21373678800,471127498414.3,0
2026-03-27,4502.5698,19240038800,440517561617.1,0
2026-03-30,4491.95,20929309200,444629519711.2,0
2026-03-31,4450.0493,22454158500,484558113011.2,0
2026-04-01,4526.0668,21648319600,503744056996.0,0
2026-04-02,4478.9141,19099216100,429949131699.9,0
2026-04-03,4440.7889,16832170500,373234910157.7,0
2026-04-07,4440.6162,16263878700,378261695014.8,0
2026-04-08,4595.556,25333921300,641779180969.5,0
2026-04-09,4566.2237,18493978300,500445676660.7,0
2026-04-10,4636.5655,20867860500,625717995648.2,0
2026-04-13,4646.1546,19671227700,556620945240.3,0
2026-04-14,4701.2837,20470033200,605717793585.3,0
2026-04-15,4685.2464,20168850000,604550556798.3,0
2026-04-16,4736.6077,19205760000,567611323592.2,0
2026-04-17,4728.6716,18291533600,587622682307.9,0
