date,industry,industry_return,industry_value,industry_pe,industry_pb,industry_turnover
2025-05-12,银行,-0.016478201770703808,2456.995283020385,33.85400680888897,3.149395445372964,5.956508044572319
2025-05-13,银行,0.015357729272097897,2494.729151399834,33.72685809642464,3.163065334413852,2.272774770449704
2025-05-14,银行,-0.008370702486312121,2473.846515889536,33.47752681052034,3.096956028681786,3.0386039813862933
2025-05-15,银行,0.014455545235953547,2509.6073161067834,33.20627016263614,3.104741710051211,3.0450125397465273
2025-05-16,银行,-0.01035015702561111,2483.6324863124555,32.63787959022634,3.089106852718296,4.599641068895281
2025-05-19,银行,0.009165807003689123,2506.396982350088,32.49573960771392,3.0918480665742485,5.252813963310069
2025-05-20,银行,-0.008803807751588675,2484.3311451683157,32.74204166946361,3.099046729887127,4.081067456177209
2025-05-21,银行,-0.009333396104119589,2461.143898536659,32.73850625590528,3.072823565122754,1.2407196478065288
2025-05-22,银行,-0.003241756807479348,2453.1654685493913,32.8404798705642,3.0417236625151642,4.640476148244676
2025-05-23,银行,0.016579883965365066,2493.8386673657806,32.49153373293849,3.046514042350165,7.78709239435191
2025-05-26,银行,0.003479574740807937,2502.5161654003964,32.72073188126961,3.0219205010144186,2.8994432224172715
2025-05-27,银行,-0.023549413203053312,2443.583378174062,32.60015237952007,3.0474768156343304,2.9665415678116656
2025-05-28,银行,-0.016758284570223502,2402.633112551553,32.63521159598312,3.061668861400252,6.103050176286911
2025-05-29,银行,0.01351622689390036,2435.107646843598,32.4161072644197,3.054095214178626,7.041723981129155
2025-05-30,银行,-0.022422299343212243,2380.5069342531256,32.70127745897999,3.049752727610798,3.2762832541872293
2025-06-02,银行,-0.005955749630294507,2366.329230959534,32.913842517865575,3.0828423014222284,7.210489198034286
2025-06-03,银行,-0.01536744814773223,2329.9647892023004,32.8938825776566,3.106838246539057,4.9289403829864735
2025-06-04,银行,0.012133931958439126,2358.23642342004,32.884454917466954,3.1457270045557584,4.659129805673958
2025-06-05,银行,-0.0057795758502280185,2344.6068171381135,32.868443058741704,3.110022991513224,4.559994838152919
2025-06-06,银行,0.015837374260091314,2381.739232793891,32.81068087524575,3.1189080179769033,3.8726804612494083
2025-06-09,银行,-0.011638874930468801,2354.018467746412,33.00589426400685,3.113614322302649,2.128549010778031
2025-06-10,银行,-0.006203031910595843,2339.416416072849,33.24760358805423,3.1218031556107233,6.625704538293801
2025-06-11,银行,0.020777932003246645,2388.02465129329,33.29429739866213,3.114078851928444,1.7703634716937373
2025-06-12,银行,0.010296882541609627,2412.613860634125,33.189857674959555,3.0776188443327688,6.726103361457452
2025-06-13,银行,-0.03962764071345205,2317.0076653846218,33.28159920601406,3.0678808532557515,3.363306199825396
2025-06-16,银行,-0.004137052847049131,2307.4220822259076,33.23865643470746,3.0777974923546543,4.631534352203563
2025-06-17,银行,-0.013945852127008935,2275.24311507259,33.611982052009864,3.0773407273977975,3.1061481687173877
2025-06-18,银行,-0.02490256932985335,2218.5837156572234,33.628177705894075,3.137982609591336,1.3603512587499256
2025-06-19,银行,0.007366311491502906,2234.9264943767303,33.558492415524505,3.123555189598833,4.426169321942941
2025-06-20,银行,-0.006122473305098253,2221.243216576052,33.86530370155003,3.14234482421067,2.6634628079467975
2025-06-23,银行,-0.011827417650245406,2194.9716453508327,34.24026460274503,3.1776699411697074,4.750422788523309
2025-06-24,银行,0.021084886302378543,2241.2523729299996,33.968934795776185,3.163273882984816,1.2854259908833474
2025-06-25,银行,0.025799074305176927,2299.074609435875,34.20633401096017,3.1635052915452704,2.585470426385566
2025-06-26,银行,-0.005283089452488141,2286.928392616281,33.91563388573778,3.1754909888280722,5.836564166717261
2025-06-27,银行,0.009508223239426027,2308.673018305859,33.87196754052003,3.165627548026208,1.7943146486841235
2025-06-30,银行,-0.013082685607432728,2278.4693750370006,34.092410970763225,3.134455884122322,6.720555401408511
2025-07-01,银行,0.020658297866256576,2325.5386740656586,34.78494040152077,3.1263190633854316,7.280510305673287
2025-07-02,银行,-0.0028880007564325745,2318.8225166158436,34.857260461595274,3.1458728853712565,3.3732085373409046
2025-07-03,银行,0.01969095221396731,2364.4823399831976,34.61544974623775,3.161417042081587,1.588979754965342
2025-07-04,银行,0.01845606195470165,2408.121372540725,34.69660843000956,3.143350140105717,1.0354310869235308
2025-07-07,银行,0.00282249517987207,2414.9182835072684,34.35884252827892,3.169737870287088,2.5698851662239184
2025-07-08,银行,0.02007658492271301,2463.4015955075142,34.0909310560986,3.189696685291907,3.277797887114874
2025-07-09,银行,0.011749660398961902,2492.3457276809886,34.436855694182995,3.2005285442168576,4.9781602233483015
2025-07-10,银行,0.014308033774430145,2528.0062945302047,34.36925253306413,3.1812297113461803,2.856416573772078
2025-07-11,银行,0.013380103222863435,2561.8312796990676,34.30337505980294,3.2120082862062977,4.518459651736345
2025-07-14,银行,0.008269400055379936,2583.016087425285,34.230746078901326,3.281905933430048,2.3667009145863114
2025-07-15,银行,-0.014245234390991896,2546.220417824209,34.498342882751025,3.283008130411407,2.239774755849343
2025-07-16,银行,-0.0018590772564672409,2541.4867973554797,34.436670116433376,3.301760685829184,1.108196315702072
2025-07-17,银行,-0.001661985833224894,2537.2628823029468,34.64062909660455,3.289809309744559,3.6956841002134766
2025-07-18,银行,0.011855746923554119,2567.344028914058,34.51688862587942,3.312348419555914,2.1864492268026474
2025-07-21,银行,0.010851638605459304,2595.2039184917176,34.54242528915602,3.329044641372529,1.6802354563953799
2025-07-22,银行,0.026644062084548423,2664.3506928180745,34.55851065162081,3.298604648210601,7.141611503495688
2025-07-23,银行,0.013286707364906798,2699.751140791035,34.85328052156436,3.273297539694241,3.0551429098514538
2025-07-24,银行,0.020930069062579146,2756.2571186195682,34.99688587073654,3.286751734006644,7.069506230060726
2025-07-25,银行,0.0005589772169875542,2757.7978035530364,35.24100006558107,3.3245456012429293,5.549747515444356
2025-07-28,银行,0.0003095955911094834,2758.6516055941875,35.509959875259696,3.341870240596664,7.230037392722964
2025-07-29,银行,-0.017088480574900228,2711.510441219074,35.08362207186094,3.3462821188208367,1.2515959165771946
2025-07-30,银行,-0.012638933767440522,2677.239840342783,35.733274922889485,3.296294949820306,3.005788764897991
2025-07-31,银行,-0.006017977080848372,2661.1282723436657,35.756201024038944,3.272743047039937,4.655702820383631
2025-08-01,银行,-0.004822258710921006,2648.2956233514783,35.551588678266626,3.2905362375008163,5.360233330733002
2025-08-04,银行,0.03603553936088694,2743.728384526025,36.07587897986398,3.3264277086245864,7.830964556237742
2025-08-05,银行,0.012631489664073124,2778.3857612561897,35.49140858887815,3.3313895230169197,6.566303363380926
2025-08-06,银行,-0.00646748116328774,2760.4166036809183,35.01748972051495,3.3108196831024923,2.2130602404959205
2025-08-07,银行,0.02511952595912231,2829.7569602150734,34.88443858010387,3.293515240840482,4.844586652942843
2025-08-08,银行,0.014380725351313508,2870.450917870894,35.23786171741329,3.30345628884533,5.282045223640465
2025-08-11,银行,0.024970264797192346,2942.126837377474,34.80954692735026,3.2906591200990642,3.491808750558831
2025-08-12,银行,-0.003360879418100035,2932.2387038442926,35.330856284011595,3.2901473004329413,4.31430239546396
2025-08-13,银行,-0.013788874848416215,2891.8064313313016,35.25946869154127,3.257304176691603,3.789533140781614
2025-08-14,银行,0.023346014777886254,2959.318587011949,35.63272932177246,3.2539579573215094,5.381019409999655
2025-08-15,银行,-0.006784971568818196,2939.239694535998,35.96430291487194,3.2542243409241687,5.610855421332615
2025-08-18,银行,-0.002836862887473267,2930.90147452918,35.98182374707074,3.271072441727549,5.0283192451311525
2025-08-19,银行,0.0020914224173604356,2937.0312275760853,36.438365967378196,3.238680568398303,4.207770233440616
2025-08-20,银行,0.010502727691489563,2967.878066780718,36.45905491821556,3.2500632905728875,7.337454493692446
2025-08-21,银行,-0.001427468328452697,2963.641514837679,36.54101250171414,3.233872787769477,1.498320539221603
2025-08-22,银行,0.013474857007799983,3003.5761604724967,36.40521740289291,3.217774901088443,5.877160157549055
2025-08-25,银行,-0.005132329613745396,2988.160817596964,36.66721843521901,3.225685466571589,6.145497306627201
2025-08-26,银行,-0.009245512858976691,2960.533738333181,36.92440366933018,3.2399233070198035,6.647843174870848
2025-08-27,银行,-0.010451919368912257,2929.5904784111785,36.91822943818727,3.2429643608096734,3.604126600549482
2025-08-28,银行,-0.009838040922718195,2900.7690473977636,37.26140278610221,3.283251312092728,6.281800118592776
2025-08-29,银行,-0.006392768132114158,2882.225103472936,37.650554559399,3.2838029992175257,3.240347207214282
2025-09-01,银行,-0.003388371968046327,2872.459052726729,37.90777553101025,3.2766826513537466,7.650433769355635
2025-09-02,银行,-0.008996420243625668,2846.617203955793,37.93719074115711,3.29228377695439,5.422860485188595
2025-09-03,银行,-0.026680676502028225,2770.66753121194,37.80159608567815,3.3240193624572063,6.26662170606376
2025-09-04,银行,-0.017749907038202832,2721.4884400991614,37.990337887544335,3.340728423570066,1.6384427213408326
2025-09-05,银行,-0.010287198671378757,2693.4919478340007,37.987658187015946,3.2848709699811454,7.213929279308099
2025-09-08,银行,0.026756472748500775,2765.5602917345273,37.7367885442472,3.2764252818098742,2.000941774369851
2025-09-09,银行,0.009407620122131368,2791.5776323840164,38.146725025597796,3.265067791913315,6.753020415032493
2025-09-10,银行,0.0032573409129120065,2800.670752417551,38.00297647583023,3.2711290621259708,1.5938639985963434
2025-09-11,银行,0.017515315076133856,2849.725383070657,37.85784106241387,3.253746872576733,1.5845050168906814
2025-09-12,银行,0.02060167049372257,2908.434486410276,37.95200337604196,3.292150357991423,3.969554064728834
2025-09-15,银行,-0.004334863631144619,2895.826819531569,37.950618028032004,3.274179362483019,1.8317254138765033
2025-09-16,银行,-0.0005229322830371944,2894.312498201551,38.04859697854358,3.2525113426159282,6.222314154857963
2025-09-17,银行,0.007590297257006078,2916.2811904175687,38.075648924084206,3.214896439956215,7.080193897326222
2025-09-18,银行,-0.012462053702766096,2879.9383376102182,38.14390865739573,3.215220306071766,1.516575953147792
2025-09-19,银行,0.007304410815913468,2900.9745903526223,38.16049380523865,3.2737568975574485,5.87024082289232
2025-09-22,银行,0.006293400275748924,2919.231584639488,38.81782585189,3.2536600225428196,5.090200183461702
2025-09-23,银行,-0.0014639790344426523,2914.9578908028934,39.12101143308484,3.215843396912766,2.3168481180663294
2025-09-24,银行,0.011960096163712524,2949.821067490069,38.45629984177761,3.20231743039384,5.0855927829561045
2025-09-25,银行,-0.028490597755963284,2865.7789020041428,38.567815868860826,3.2169545191228925,2.138318575414239
2025-09-26,银行,0.01475785730019816,2908.0716580938383,38.160467779002204,3.2640882755501117,7.529099383478092
2025-09-29,银行,-0.0009041667368785948,2905.4422764321307,38.07431023829102,3.271803993335378,3.6662359964171505
2025-09-30,银行,-0.016260188028499878,2858.199238711392,38.03942203346867,3.3042031321556213,3.903736516363656
2025-10-01,银行,-0.0014294299613328335,2854.113643084119,38.02253710750711,3.311059731893577,7.998023713002914
2025-10-02,银行,0.00473522435497464,2867.6285115187156,38.02413213764404,3.312304176311136,6.3829119062635735
2025-10-03,银行,-0.004495355623246608,2854.7375015640773,37.537689879850646,3.2760386822681964,5.701904790840997
2025-10-06,银行,0.00823237714962807,2878.2387773401397,37.07699306399978,3.3095244318040122,1.7949031453974031
2025-10-07,银行,0.0038350052912466885,2889.2768382807103,37.68428422878367,3.3125655264866265,6.965270502229781
2025-10-08,银行,0.023468942820994564,2957.0851111923444,38.30554671298469,3.359082978981917,7.1365752186084155
2025-10-09,银行,-0.015105748708932321,2912.416126591748,38.22308423648636,3.3990975893701614,2.4907491305623752
2025-10-10,银行,0.013367377527201704,2951.34749247221,38.54673422303685,3.351272572181114,3.7457083156981263
2025-10-13,银行,0.013490953403692298,2991.1639839712566,38.50446300435226,3.356638212098916,6.485571089188001
2025-10-14,银行,-0.03236298742195615,2894.3609815809864,39.00613474053436,3.3195782017691755,7.036545961227216
2025-10-15,银行,-2.0773879524049944e-05,2894.300854474656,39.25465232052498,3.3121055628411,7.860228026998339
2025-10-16,银行,-0.024770397942925116,2822.6078705427703,38.60539855388593,3.309744163012052,5.43380598021708
2025-10-17,银行,-0.0016436695982718272,2817.9684357981164,38.58214153305084,3.2805852664994632,3.4196709832670424
2025-10-20,银行,0.0075150991238494055,2839.1457479210185,38.56279518263358,3.305652673091835,5.6729041696471905
2025-10-21,银行,-0.006500252060360006,2820.6905849234327,38.416049448505895,3.284086619559675,1.6209177362993894
2025-10-22,银行,-0.008185382398507851,2797.6021538579635,38.38315597970185,3.2568880158872,2.4443360288405476
2025-10-23,银行,0.0010621100453644516,2800.5735152085094,37.68218666733314,3.2542317107238308,6.5958727923632985
2025-10-24,银行,0.0008320112261289375,2802.903623812762,37.47124916966857,3.259802432411584,7.115050368747441
2025-10-27,银行,0.012970313969007649,2839.2581638384827,37.28528274068494,3.24059796688852,2.465445263356972
2025-10-28,银行,0.008892566023247811,2864.5064545174614,37.20323969831211,3.180921158517482,5.327783400712072
2025-10-29,银行,-0.009197862740328156,2838.1591173300258,36.55080497885415,3.202587101957913,7.266447863810395
2025-10-30,银行,-0.01461903768694812,2796.6679622322226,37.451089554718024,3.2312713913262017,1.7502040793784324
2025-10-31,银行,0.023056811152907124,2861.1502072947965,36.71502672239895,3.2103196764794295,3.6409891417323585
2025-11-03,银行,-0.013368128256806068,2822.901984361692,36.52511519661541,3.182542757782947,1.8383349227347585
2025-11-04,银行,0.0034733409879664436,2832.706885528987,36.79118287232348,3.209411845943928,4.489095392503401
2025-11-05,银行,0.010004513920029857,2861.046740996626,36.81395464476497,3.1872981201961896,5.107887826146154
2025-11-06,银行,-0.006407568383102876,2842.7143883564363,37.27988330007629,3.177402982603011,3.541576074790446
2025-11-07,银行,-0.00982602952454902,2814.7817928465856,37.55610562717333,3.2259388716307034,3.4926770812849237
2025-11-10,银行,0.0006153639742431918,2816.5139081572593,37.5943724380949,3.2166114477362826,2.0700139742903243
2025-11-11,银行,-0.0033774005107608737,2807.001412645284,37.398688445553745,3.2040763030490793,2.30596916835914
2025-11-12,银行,-0.012228756565281029,2772.675275691645,37.235579541266354,3.1399240432443722,7.8766503183602445
2025-11-13,银行,0.010469633023327528,2801.70416832099,37.16440058922375,3.1171265955386174,7.786293032927582
2025-11-14,银行,0.0037598657713961486,2812.2381999250383,37.245739310842986,3.0990721534953134,5.680502539471017
2025-11-17,银行,-0.007788704533306067,2790.334507508546,37.27533695206828,3.117700976779605,5.001288826289299
2025-11-18,银行,0.014195182105825247,2829.943813978798,37.048185546853006,3.1036200174152744,3.9780550703149173
2025-11-19,银行,-0.014830700854431013,2787.973763838831,36.565805593060425,3.1048139166392317,1.8038577731744248
2025-11-20,银行,-0.022664357997549883,2724.7861283674115,36.79916456100768,3.0765193319036293,4.367980712983723
2025-11-21,银行,0.004216139985548918,2736.2742081152905,36.607268367425135,3.0776859153325216,3.356229947357444
2025-11-24,银行,-0.008829530183445768,2712.1141924045523,36.8299140942087,3.104925383361745,5.16947118425491
2025-11-25,银行,0.011774572239520043,2744.048176884847,36.10167045731981,3.085130980909019,3.442077865800967
2025-11-26,银行,0.0027459392658556055,2751.5831665211545,36.12748861579889,3.0971764201837435,6.892801437307904
2025-11-27,银行,0.023902011426128023,2817.351538807285,36.22506250644517,3.086971175163813,2.4113912403342117
2025-11-28,银行,-0.00457717765975509,2804.45602028418,36.13259962219518,3.100392909782903,4.661457973383835
2025-12-01,银行,0.015723813906208986,2848.552764855276,36.38440762323599,3.0923065014024584,3.7471157519584475
2025-12-02,银行,-0.003551839016117669,2838.4351640055934,36.76311179977503,3.07557309035545,3.1096451191489947
2025-12-03,银行,-0.03325494861438833,2744.0431484813143,36.76852873524157,3.1168211342378638,2.6254888660277214
2025-12-04,银行,-0.0033876799904525305,2734.747208414266,37.01064360686397,3.1390730134668443,5.369665971397945
2025-12-05,银行,0.0016343066883408872,2739.216624067899,36.57285617818742,3.16779563307544,1.9749045086437107
2025-12-08,银行,0.007840671745041586,2760.6939224557764,36.93780268217264,3.192274381225087,6.5201804785717155
2025-12-09,银行,0.0014308230672919662,2764.643987001759,36.80206042403566,3.17057088995572,2.73942397870126
2025-12-10,银行,0.02284656968689435,2827.8066185102475,36.92042600185352,3.1617560247910643,6.74880113270409
2025-12-11,银行,0.012637080268779027,2863.541837732946,36.840714821227486,3.1369991281892915,6.581067560456876
2025-12-12,银行,-0.006211119136742132,2845.756038225741,36.67783589856322,3.161187909065412,5.488033430197081
2025-12-15,银行,0.014803361712801862,2887.8827942059866,36.79914707884463,3.208651142908957,2.7625934123486693
2025-12-16,银行,-0.015675781042705783,2842.6129758470165,36.64814858665722,3.213030161199304,3.8059599173454792
2025-12-17,银行,0.012733480975248557,2878.8093340949595,36.83999890508977,3.211601399406219,2.0734598218125613
2025-12-18,银行,0.0029079626270814706,2887.1808040490005,37.61911229899321,3.206389709782564,7.104867362609061
2025-12-19,银行,0.0009037315242538801,2889.7900403578406,37.652034979498545,3.2250064348591434,5.876555767138246
2025-12-22,银行,0.0034529155547440744,2899.7682413381367,37.78520771667776,3.231462741201819,5.247005324679991
2025-12-23,银行,-0.01689631642235059,2850.7728395810045,38.266798817629784,3.218246945912974,7.540569103383104
2025-12-24,银行,-0.0011534149608431455,2847.4847155378666,38.50591220637944,3.283608024991239,3.7930189270909116
2025-12-25,银行,0.008059290006616907,2870.4334206497956,38.45723830021466,3.2723943441352694,6.6199741401860805
2025-12-26,银行,0.012983697335454021,2907.7022594050845,37.74324509842833,3.2663762912598022,3.4286724132735937
2025-12-29,银行,0.009622100202210042,2935.6804619032728,37.641856264783456,3.3099895099782626,2.5722337605798735
2025-12-30,银行,-0.016681285116203332,2886.7095391081966,37.596976130485736,3.3098133270579866,3.9324781465318353
2025-12-31,银行,-0.019587175678029173,2830.167052234242,37.527516610326046,3.3282478318951227,5.064118451946304
2026-01-01,银行,-0.015057882558180857,2787.5507291416657,37.68263113882475,3.3069707276967732,7.978119762921631
2026-01-02,银行,-0.0022680348707454427,2781.2284668840007,38.4583988848515,3.3085373967193807,1.4695353417189922
2026-01-05,银行,-0.0115381555785172,2749.1382201336924,38.66585286267012,3.3054976708533874,2.334814044645666
2026-01-06,银行,0.0025255493539327804,2756.0813043894227,38.655721397654574,3.2911273563312538,4.953887932838315
2026-01-07,银行,0.02102873403560432,2814.0382051199294,37.833328236401975,3.236405738205142,4.917482319157525
2026-01-08,银行,-0.018409601165313563,2762.2328840997166,37.729608138566896,3.2267886714042406,7.032499347094621
2026-01-09,银行,-0.002048169501436925,2756.5753629506376,37.88890699952127,3.2482977703566416,3.8611391976866747
2026-01-12,银行,-0.019698085241646384,2702.2761064762135,38.17252165247667,3.281340886996283,1.1896719475243844
2026-01-13,银行,-0.010367051551892947,2674.261470772926,37.95010864582697,3.28393303545692,2.2498126343803353
2026-01-14,银行,-0.001755177189808123,2669.5676680398424,37.57906958081469,3.302664548249496,1.6960897493154161
2026-01-15,银行,0.01240795862185408,2702.6915532031203,37.29635058346074,3.308864363118307,3.7802847073291836
2026-01-16,银行,0.0039913326130682995,2713.478894142484,36.97379284850803,3.325168742156655,3.052034111827093
2026-01-19,银行,-0.024846687581026,2646.0579318020177,37.49577020170722,3.2921431334646467,3.657846857170868
2026-01-20,银行,-0.012044581135822683,2614.187272352341,37.02883412346941,3.308103705465717,5.369042354943938
2026-01-21,银行,0.018900421047943806,2663.596512497976,36.38604979593618,3.26169843607916,7.639173148735097
2026-01-22,银行,-0.00797383352438363,2642.3574373311885,36.22743017171709,3.272113329198879,7.07927583128539
2026-01-23,银行,0.014777340352591033,2681.404452515832,36.21845786881169,3.2633253470804378,1.1572851582408217
2026-01-26,银行,0.020390663111970755,2736.080067374021,36.30764271200019,3.21867866017218,5.434347538783031
2026-01-27,银行,-0.009142817546519251,2711.0645865253523,36.186188408949626,3.185501875484343,2.9061512856355827
2026-01-28,银行,0.0017122613338107827,2715.706637590323,36.24288355534934,3.160569008940219,2.918386544810442
2026-01-29,银行,0.030283610684599296,2797.948040136691,36.450944259883244,3.1487068189797145,1.0769708006093635
2026-01-30,银行,0.008104061189476855,2820.622782258936,36.52560446447803,3.1734604653965075,5.203618023035574
2026-02-02,银行,-0.014856368373450559,2778.71857116315,36.674715537162314,3.169446634770443,3.6819696977464824
2026-02-03,银行,0.012298898718705301,2812.8937494376714,36.491395188367726,3.17010818830075,2.163983581292556
2026-02-04,银行,-0.005020196294452583,2798.7724706600557,36.549360561874956,3.133731451281534,3.725069298293836
2026-02-05,银行,0.008915330147989784,2823.724451245095,36.27941188351642,3.0998449187948705,6.033321336289719
2026-02-06,银行,0.008809504388025132,2848.6000641889127,35.77046289807547,3.151458940100364,7.557808175273306
2026-02-09,银行,-0.004368304577308862,2836.156511489594,35.5248320570415,3.169114922742797,1.2182819454289926
2026-02-10,银行,0.009313502964970377,2862.5710635684727,35.093083146961476,3.1689796276278908,5.177899942418224
2026-02-11,银行,-0.009681532386720348,2834.856989107246,35.4157355021449,3.1511528135010733,1.7461877719364027
2026-02-12,银行,0.0028976812809208864,2843.07150113867,35.32086318605878,3.200941717518155,4.043791370226224
2026-02-13,银行,-0.0005089697894351391,2841.6244636353863,35.52085046031391,3.186538330576732,6.595911152782855
2026-02-16,银行,-0.016116714028926428,2795.8268147773733,35.78497853350488,3.1415987862523025,1.641074513286439
2026-02-17,银行,0.01736202803924627,2844.368038328415,35.76366974420471,3.1571980079189097,2.2959305018703375
2026-02-18,银行,0.016168530170400496,2890.3572887718506,35.79789004533761,3.1778258393844747,5.611483566975021
2026-02-19,银行,0.009479929395648984,2917.7576717976067,36.036711274096916,3.1894993939500966,2.7476760620143015
2026-02-20,银行,-0.022698277925466196,2851.5295972439835,36.02001765468024,3.2103838464707932,1.237621850100592
2026-02-23,银行,0.002207714813689998,2857.8249613774947,35.70850024931053,3.23743204573643,7.470773367635712
2026-02-24,银行,0.017136041563027136,2906.7967686955158,35.685528035906245,3.22537713904676,6.8024083190547415
2026-02-25,银行,0.013497761188535814,2946.0320173029754,35.71296900134913,3.2134490418616757,2.6100618610139215
2026-02-26,银行,-0.015437273113407078,2900.553316451028,36.07807749125773,3.20673865964691,3.2070323648142725
2026-02-27,银行,0.0022247708122953287,2907.0063828089746,36.49571093317653,3.211781058051533,3.231267520524489
2026-03-02,银行,0.013216475362563327,2945.4267610461843,36.5783466255996,3.1771076057536525,1.170805470895766
2026-03-03,银行,0.008982551912878688,2971.884209832864,36.60242512385123,3.2041887721808635,7.573473889590273
2026-03-04,银行,0.018547564258871857,3027.005423184666,36.40230303644725,3.1911193327789693,5.392538242528591
2026-03-05,银行,-0.03706917368628722,2914.7968334033003,36.27256449414699,3.228222719202099,3.9494990159394914
2026-03-06,银行,-0.012889459410565159,2877.2266779291044,36.50286856524119,3.2204656747893123,3.010672941578572
2026-03-09,银行,-0.011871803749904873,2843.0688074647396,36.209636417803175,3.200684349160475,1.2946523274545332
2026-03-10,银行,-0.028805174516613404,2761.173714302978,35.85988150519288,3.173271689127059,7.649728287651577
2026-03-11,银行,0.010439348546857193,2789.9985691050074,36.142262981771104,3.1678393311977007,7.613124156039872
2026-03-12,银行,0.0348458413310928,2887.2184165580165,35.950305087033584,3.19741688732362,4.58881957711556
2026-03-13,银行,0.02451662836681573,2958.0032774905953,35.766889511033305,3.183834338275298,2.5434034634912273
2026-03-16,银行,0.008530652252103622,2983.23697481145,35.58866438923127,3.1712016720319713,7.78371841098568
2026-03-17,银行,-0.0023217234343794043,2976.3107236167234,35.99309518079278,3.156722059223616,5.872144326376546
2026-03-18,银行,0.00535427884302826,2992.2467211544626,35.88466881752218,3.1389128249214275,4.758820960253895
2026-03-19,银行,-0.010354300943896694,2961.2640981052414,36.32892251066716,3.184009652601984,1.640407861784284
2026-03-20,银行,-0.0052380253764904355,2945.752921612876,36.498593219683805,3.197853703717678,4.856001594263975
2026-03-23,银行,0.016454144808582063,2994.2227667553975,36.44692662066256,3.177431001316759,3.608819619086198
2026-03-24,银行,0.013461512548387693,3034.5295341027436,36.169730601584135,3.156055563843181,2.5412824136486796
2026-03-25,银行,7.582888174925969e-05,3034.75963908395,36.01995571164434,3.1617058615223095,6.958448398341381
2026-03-26,银行,-0.05201213243140126,2876.915318838444,35.76919249051432,3.192200592409344,3.4346644553153514
2026-03-27,银行,0.005347025765253105,2892.298259172724,35.96431815411501,3.2393610741631136,2.8691978911859493
2026-03-30,银行,0.003800341065275693,2903.289979020083,36.05223057644631,3.2635395782153305,7.071059406718616
2026-03-31,银行,0.006525273858683897,2922.2347412243616,36.28887227868946,3.2767836492354863,5.882300231684986
2026-04-01,银行,0.015327812371678726,2967.02620704385,36.7335383529209,3.2597655730861272,7.166095314392499
2026-04-02,银行,0.007408431611161209,2989.007217787257,36.68442764561862,3.2635915908792144,3.345831979813993
2026-04-03,银行,-0.01014310481620549,2958.6894042808462,36.8296849245929,3.274511635044521,4.552274136325853
2026-04-06,银行,0.006206180438576553,2977.0515645855176,36.885989872309345,3.2757280911823496,5.422694689116678
2026-04-07,银行,0.011499564036164738,3011.2863596914335,36.487547878325145,3.314909304064478,1.7488644717887087
2026-04-08,银行,0.0034044563664276514,3021.538152709822,36.5603430711209,3.356742220494998,7.740944027012962
2026-04-09,银行,0.018334729161596983,3076.9372363911884,36.13873087716687,3.3614563172856005,1.4748594137362034
2026-04-10,银行,0.006327685225661392,3096.407126682188,36.449128388121785,3.3338516265816356,1.4714542102814019
2026-04-13,银行,-0.02694938351471059,3012.960863507547,36.73052002181981,3.3210461193169034,7.100757643066634
2026-04-14,银行,0.00211704046050174,3019.3394235615006,36.566284101005074,3.3310680235876493,6.307842371503158
2026-04-15,银行,-0.0017655761049849383,3014.0085500224213,35.97091471818499,3.350578051889256,4.121318944637238
2026-04-16,银行,0.01640103500483247,3063.4414097562035,35.55422364200404,3.291639884060339,2.1453667483416843
2026-04-17,银行,0.009929545020814416,3093.859989153005,35.83504765326733,3.3211817776793606,2.912816688987465
2026-04-20,银行,0.019858157370383194,3155.298347699537,36.021447574838206,3.318546729106803,3.9380912184828563
2026-04-21,银行,-0.01820889671381286,3097.8438459850117,36.49985186472371,3.3423842096940484,2.6096822412376035
2026-04-22,银行,-0.002898507526469935,3088.8647222815957,36.13440383603721,3.3809891378154053,7.050507748877459
2026-04-23,银行,0.007782527159172366,3112.9038958737615,36.12604236847172,3.388283131160695,6.436177969542192
2026-04-24,银行,-0.0032508465339457404,3102.784323033354,36.29070986371842,3.400418838053358,6.3271679366009925
2026-04-27,银行,-0.013965531663145788,3059.4522903261195,36.38455640928967,3.434401311834911,4.370656460587851
2026-04-28,银行,0.007571068505292462,3082.6156132048527,36.18767453833699,3.4838825293175146,2.403673086902357
2026-04-29,银行,-0.010912486119515535,3048.9766131139527,36.18353784379772,3.4395283945296184,6.582913704460317
2026-04-30,银行,0.008670515938042337,3075.412813432675,36.0543818826697,3.387535362555959,1.0813437793567044
2026-05-01,银行,-0.0023955231804537675,3068.0455907486325,35.85589250456462,3.454534835392515,3.0416380509651226
2026-05-04,银行,-0.0072379926701092705,3045.8390992512327,36.081297032713856,3.4662928991378537,6.458956922253448
2026-05-05,银行,-0.00016265465647194484,3045.343679338875,35.91647630554268,3.4589908924081074,7.906638152870025
2026-05-06,银行,-0.005849342529596805,3027.5304210380796,35.91544118146359,3.426936709128074,5.327090140226834
2026-05-07,银行,0.008073331679959257,3051.9726782982866,36.42734399060433,3.4029120002306747,3.454388518464265
2026-05-08,银行,0.000764903497519066,3054.3071428742496,36.13545313741781,3.395259523751235,4.972785937830907
2026-05-11,银行,0.015033241059635273,3100.2232784232438,36.31564179588549,3.3818560491362186,1.7319748823408019
2025-05-12,非银金融,-0.006474749820607894,3522.7633417776906,28.062875567018917,0.9036558087496058,7.096783866222599
2025-05-13,非银金融,0.013627898300415985,3570.7712023358704,28.20547354489316,0.9112432840119038,1.5608039246927259
2025-05-14,非银金融,-0.007828528173408518,3542.8173193775883,28.231317287539543,0.9181697934461599,6.721084389737456
2025-05-15,非银金融,0.03132891308937898,3653.8099352679155,28.075663847833994,0.9309210696588178,1.571409874214127
2025-05-16,非银金融,0.003168661751939717,3665.3876230586566,27.8439663443097,0.9269791906070974,6.527889549997354
2025-05-19,非银金融,-0.0001653188839147426,3664.781665267698,28.321160774434507,0.9397903631635677,2.599183189319091
2025-05-20,非银金融,0.006744855045110481,3689.5000863719074,28.065629766133696,0.9440327827749166,5.761597697019039
2025-05-21,非银金融,-0.003660648061350176,3675.994125033379,27.690990863324775,0.947047820497966,6.198945648399867
2025-05-22,非银金融,0.009907939095541116,3712.415650939777,27.277989364791853,0.9402169483260274,3.597271340892219
2025-05-23,非银金融,0.0035667772783995804,3725.657010731524,27.50649125569222,0.9528830071681411,4.40668258997292
2025-05-26,非银金融,-0.0066832639430341005,3700.75746156759,27.147156954686697,0.9485167567777831,5.146452300153536
2025-05-27,非银金融,0.022348105245888435,3783.4623788082095,27.446881407509476,0.9437699031394075,6.01077475277462
2025-05-28,非银金融,0.006137053001561135,3806.681687956368,27.517979837126568,0.941569107385481,4.4459449951362435
2025-05-29,非银金融,0.008354002318916484,3838.4827156049328,27.436391375385003,0.9473819687147265,3.51463358579836
2025-05-30,非银金融,-0.04252813930945113,3675.239187938766,27.182754437555257,0.9498013802218378,3.737570756562325
2025-06-02,非银金融,-0.019220222135813588,3604.600274344336,27.43519019360203,0.9462475942495383,7.788747315549813
2025-06-03,非银金融,0.0053975582259607364,3624.0563142064234,27.093699190416757,0.9441855619953886,1.5144772313100887
2025-06-04,非银金融,0.0013523283659038305,3628.9572283597577,26.815611147330287,0.9517108479699251,4.016212665632642
2025-06-05,非银金融,-0.007206348747419687,3602.805696982728,26.95482154167464,0.9411126238544353,5.947440518198121
2025-06-06,非银金融,-0.005029782016117888,3584.684369680477,26.879508108938975,0.9386910653986373,6.90919314278438
2025-06-09,非银金融,0.03135121975341261,3697.0685971009534,26.957492146851393,0.9484439792381673,7.07789896359281
2025-06-10,非银金融,-0.0036856321873105467,3683.442562080783,26.91514735073344,0.9479007009709901,4.7181866960072245
2025-06-11,非银金融,-0.0003583335476476238,3682.1226610399563,26.886958369152143,0.9400524254384833,7.537125122695334
2025-06-12,非银金融,0.0013795278547413588,3687.202251815435,26.457154060206335,0.9469435938632871,4.183178989437014
2025-06-13,非银金融,0.00539732713846989,3707.103288594186,26.012479388322923,0.9691986837751203,5.668049802822731
2025-06-16,非银金融,0.016822742251062745,3769.466931716273,25.79607513636174,0.9739498810730273,7.789384322750893
2025-06-17,非银金融,-0.01560123344760484,3710.6585981415406,25.85315032548765,0.9688797820945484,4.106251535131998
2025-06-18,非银金融,-0.0026602360114501987,3700.787370512567,25.898120923535792,0.9756237103610862,7.6122995363181625
2025-06-19,非银金融,0.007635228319589069,3729.0437270486823,25.891721469767194,0.9912602834120666,5.324930681408497
2025-06-20,非银金融,0.0032164857007245125,3741.0381428741102,26.109347477626518,1.0000271950090531,2.50972606678402
2025-06-23,非银金融,0.0180054545834057,3808.3972352504184,25.88175895912573,1.0130765566951667,5.558630839290444
2025-06-24,非银金融,0.004739531978585498,3826.447255734044,25.725583073214604,1.0125567402526183,7.095274152360814
2025-06-25,非银金融,0.005131436154552206,3846.0824255256052,25.79568014590334,1.0241823622615671,6.1691444647592855
2025-06-26,非银金融,-0.00346234952935973,3832.765943849708,25.99463441971083,1.0339282398230654,6.65492159358881
2025-06-27,非银金融,-0.018214117227054887,3762.955495644566,26.144668435976385,1.0391838784767768,4.049083203690531
2025-06-30,非银金融,-0.0020508338054879005,3755.2382993055517,26.170933673891422,1.0377450508798618,3.272100809301892
2025-07-01,非银金融,0.000433685713722013,3756.8668925075817,25.903357319772635,1.024098780539612,5.868270446829035
2025-07-02,非银金融,-0.014670885241844607,3701.7503294587177,25.457117051280292,1.0188639009666498,2.5908873908420604
2025-07-03,非银金融,-0.019646346901112475,3629.0244583448643,25.49167636915854,1.0131573186490312,5.677489589885114
2025-07-04,非银金融,-0.010122255177665856,3592.290546731507,25.95102328589568,1.0211147817557717,4.633572495953526
2025-07-07,非银金融,-0.004672470752629337,3575.5056742169572,25.856718455799783,1.0209519311416466,3.3887347933830947
2025-07-08,非银金融,-0.02064358700145394,3501.694411757067,25.51636155861906,1.0293038931999554,5.255335649554112
2025-07-09,非银金融,0.03679628609508909,3630.5437611496545,25.655165069379155,1.0340425503188881,6.0268615335854605
2025-07-10,非银金融,0.011583928846801476,3672.5997217540107,25.71287716856338,1.0349045373210997,1.421871732026926
2025-07-11,非银金融,-0.0007388969184928362,3669.886049136749,25.674020549918975,1.039483561667174,1.7099457991445157
2025-07-14,非银金融,-0.025194352212930784,3577.425647433477,25.65382236112538,1.0312625680264242,6.621181284828644
2025-07-15,非银金融,-0.016353839758236566,3518.9210016483444,25.261400322480437,1.0345365269195075,5.272336483176429
2025-07-16,非银金融,-0.014644422048555062,3467.3884373446817,25.451521903213443,1.026405174152681,2.268045446742762
2025-07-17,非银金融,-0.0031694972499553688,3456.3985592279905,25.25418106232955,1.030929874458064,4.676143685669421
2025-07-18,非银金融,-0.008820514659268204,3425.9113450680466,25.31878770925193,1.0177917558202856,7.740488126663059
2025-07-21,非银金融,0.006807121069405985,3449.2319383669765,25.601834478920512,1.0171799069124678,4.851585795093833
2025-07-22,非银金融,0.002078367539718609,3456.4007100646395,25.513885922214754,1.018175095414468,6.734322015987532
2025-07-23,非银金融,0.00834947043554582,3485.2598256067236,25.455930250443522,1.0214429667995735,2.4843138793575865
2025-07-24,非银金融,-0.020839079076995403,3412.6302204970298,25.81222707878244,1.0112786839719656,6.463678606707033
2025-07-25,非银金融,-0.01019357796693861,3377.843308272062,25.978024509898425,1.006744529819383,3.96616777554134
2025-07-28,非银金融,-0.009902359363658027,3344.394689959425,26.036006247373372,1.0000166812084228,5.106259242228319
2025-07-29,非银金融,0.03237723691660082,3452.676949178863,26.145224741480302,0.99413729981905,7.0395795428026
2025-07-30,非银金融,-0.002579314883165624,3443.771408137083,26.11807121051529,0.9944857367666852,5.249658252621465
2025-07-31,非银金融,-0.002005030024427329,3436.866543066504,25.7969342803807,0.9966159349557433,3.736341971338603
2025-08-01,非银金融,-0.0011242307252688221,3433.0027121001403,26.329323018348322,0.9902082959080849,3.9973973044793034
2025-08-04,非银金融,0.02478675208166101,3518.095699220636,26.53498324635341,0.9989542048203727,7.938791955915319
2025-08-05,非银金融,0.00873474618777913,3548.825372217646,26.88065906325848,0.9959243548121847,1.5996077471750136
2025-08-06,非银金融,-0.0028537054015354262,3538.6980700838426,26.643941682411832,0.9902571578206373,3.484974140823561
2025-08-07,非银金融,0.000711252023888391,3541.2149762481195,26.479820707489075,0.9921092232010246,7.160553612930208
2025-08-08,非银金融,-0.02313843469305441,3459.276804786136,26.577822806812712,1.0089183785693046,3.270336271807629
2025-08-11,非银金融,0.018615034887099383,3523.671363191364,26.320625809575695,1.0224182907338493,4.256439285986027
2025-08-12,非银金融,0.006485285140490678,3546.523376723041,26.340931376198007,1.0168490778451709,7.703376991537661
2025-08-13,非银金融,0.008281339886695539,3575.8933422217956,26.14692017671656,1.0182267930271243,1.6767351475270373
2025-08-14,非银金融,-0.021005717453574702,3500.7791370309656,26.47814204568728,1.0157278169023483,3.4330006696728743
2025-08-15,非银金融,0.016569651808914034,3558.7858283914793,26.607172811213868,1.0068518772236648,7.947384515108626
2025-08-18,非银金融,-0.004546126745422029,3542.6071369558,26.6227107096206,1.0131352626606958,6.894233060634949
2025-08-19,非银金融,0.03498994309972541,3666.562759102564,26.70648020606163,1.014691836517327,1.8939943854466437
2025-08-20,非银金融,-0.004436746963037521,3650.2951479163294,26.814104340039645,1.0194194559270588,5.961212884200835
2025-08-21,非银金融,-0.011589841907619242,3607.9888042358293,26.528537785498866,1.0044445480677044,3.778870619519984
2025-08-22,非银金融,0.007819869903688156,3636.202807298917,26.986047497186565,0.9953526935237919,4.609755993875485
2025-08-25,非银金融,0.00010893632690160015,3636.598921876613,27.167067912109,0.9960042861033089,3.664363054336061
2025-08-26,非银金融,-0.0012833447978671398,3631.9319115682933,27.29061091547691,1.0007818725573145,3.1327539736862855
2025-08-27,非银金融,-0.0024243963504311295,3623.126669096873,27.125612938685116,1.005077307164465,3.4226980857644986
2025-08-28,非银金融,-0.013277019726865558,3575.022344838341,27.136579458471864,1.0064482103794523,6.7573639454405265
2025-08-29,非银金融,-0.00017540438117715876,3574.39527025625,27.314110499725533,1.017641585577568,2.2238703908228876
2025-09-01,非银金融,0.008567154595277933,3605.0176671211657,26.76220843693006,1.0181622662658918,2.024617945135744
2025-09-02,非银金融,-0.008942683032389246,3572.779136797938,26.72217831707229,1.0186236967932278,7.76075512807254
2025-09-03,非银金融,0.008145391315350962,3601.8808209504787,26.336863979261572,1.0133551344655238,4.542993039881709
2025-09-04,非银金融,-0.013890030907281314,3551.8505850231327,26.306505464412417,1.0035483314351719,5.337115684284807
2025-09-05,非银金融,0.009198930949943068,3584.523813299276,26.103099981018765,1.0068976977905462,1.4294473897746771
2025-09-08,非银金融,-0.0030016430639531197,3573.7643522575113,26.414400568174862,1.0080952411536914,7.885752476843895
2025-09-09,非银金融,-0.00485628956677059,3556.4091177195464,26.29529295865245,1.0047811792088355,1.8496945759570023
2025-09-10,非银金融,-0.009001039953114095,3524.3977371613337,26.231664726513912,1.0016609171170323,4.5659548970485275
2025-09-11,非银金融,0.0027562433356323156,3534.111834936502,25.90968706925257,1.008972522945695,5.367270854041469
2025-09-12,非银金融,-0.03810881702352932,3399.4310136782174,26.10335056143482,0.9979393785544874,3.5743154561410275
2025-09-15,非银金融,-0.003171481028390253,3388.6497827110156,26.355573519755794,0.9954113982871258,6.135300663929814
2025-09-16,非银金融,-0.00844765601090079,3360.023635005259,25.80926627476842,0.9910614946867932,4.747170920168141
2025-09-17,非银金融,0.0060770600810381974,3380.4427005088946,25.604009054976476,0.9908161950966718,4.8357164228158505
2025-09-18,非银金融,0.018148572524967366,3441.7929100255765,25.571537113990363,0.9905997648571031,2.05034065285789
2025-09-19,非银金融,-0.01379901938609794,3394.299542937199,25.81052209663565,0.9837614142518216,4.332126905581365
2025-09-22,非银金融,-0.020378517143970345,3325.128751509683,25.477347199722242,0.9953396590676651,7.244592822581641
2025-09-23,非银金融,-0.0029398551572779917,3315.3533546009435,25.710174781303852,0.9864148674582853,4.0632218683877435
2025-09-24,非银金融,0.010368888070089037,3349.7298824475947,25.609820480654108,1.003438874620325,5.6154774554404785
2025-09-25,非银金融,-0.008885723845050075,3319.9651077566537,25.666478349967573,1.009856863669893,5.297535093320432
2025-09-26,非银金融,0.0006800622359864994,3322.2228906512323,25.51177768230582,1.0135729118750452,4.5855534456887215
2025-09-29,非银金融,-0.00996573054628159,3289.1145125083135,25.46504360346264,1.0143030317242752,1.5935441123206227
2025-09-30,非银金融,-0.005279823269681631,3271.748569168524,25.502666739795046,1.0033718774875917,3.4479226082209466
2025-10-01,非银金融,-0.014374210577659773,3224.7197662781386,25.641455389897388,1.0126656283021889,2.2963689750722756
2025-10-02,非银金融,0.017985562319944953,3282.7181645988926,25.788935463840087,1.020734934346713,5.372644981979846
2025-10-03,非银金融,-0.01115192632854191,3246.1095334699194,25.530511966219215,1.0166318862380057,1.849704927115845
2025-10-06,非银金融,0.020122912127735867,3311.43071036894,25.644118661507008,1.0203396466031591,1.2936585640214537
2025-10-07,非银金融,0.032675035173516255,3419.631825304907,25.94274312882179,1.035026591587143,6.2365122560067245
2025-10-08,非银金融,0.008274441185744495,3447.9273677202928,26.165333387666625,1.0320047053491495,7.496585482282348
2025-10-09,非银金融,-0.012388145010085094,3405.2139435047325,26.040833235734492,1.021426263525301,4.0245381806093725
2025-10-10,非银金融,0.03104310694910483,3510.922364137533,25.81100551512629,1.0196183094290558,7.208474301464887
2025-10-13,非银金融,-0.00395219949833381,3497.0464985312997,25.5341973109471,1.0270656033578913,6.711628572780321
2025-10-14,非银金融,-0.002306825706796172,3488.9794217706262,25.59192092864219,1.0250222265453837,6.893989870230431
2025-10-15,非银金融,0.02431018364029989,3573.7971522310977,25.773848546903853,1.0310448392141007,5.593132863767501
2025-10-16,非银金融,0.0029153233805556044,3584.21592662636,25.50645374516465,1.0343416088137056,6.7244973089986155
2025-10-17,非银金融,-0.009570353406877435,3549.9137135219876,25.512673004240703,1.0219962357417975,6.8849211960784
2025-10-20,非银金融,0.004832495188984457,3567.0686544638925,25.860097430363986,1.023964626487239,3.082839159231744
2025-10-21,非银金融,0.03922524671270592,3706.9878024763984,26.234836108157626,1.0290725622660697,7.113260411025654
2025-10-22,非银金融,0.019546291311241182,3779.44566595082,26.376122527530708,1.0279327122324757,1.0653213387896532
2025-10-23,非银金融,-0.018164473544340486,3710.7940251393843,26.55093387004639,1.0203119225292265,7.942669659445544
2025-10-24,非银金融,-0.002935348859290379,3699.90155013063,26.370276971367726,1.0155734025520782,4.8855946451160035
2025-10-27,非银金融,0.009028676066309145,3733.3067627039945,26.522135441244505,1.0273256499443522,2.316173142307913
2025-10-28,非银金融,0.018149472299684766,3801.064310379916,26.39275348301959,1.0262242157615045,6.326935320196657
2025-10-29,非银金融,0.0004203229209379564,3802.6619848335276,26.086627827671787,1.0171416537961318,2.0422163523271126
2025-10-30,非银金融,0.01103572036741657,3844.6270991499555,26.0088201502283,1.0311941887376492,7.2033704632555215
2025-10-31,非银金融,-0.005794542784219035,3822.3492429345633,25.65533964382788,1.0432154031338094,3.888352885940366
2025-11-03,非银金融,-0.022684844718551422,3735.6398438985198,25.91447583584646,1.0386097477886904,5.496278681336592
2025-11-04,非银金融,0.038572989285023784,3879.734639569925,25.940690717017862,1.0328937599767847,4.930392115716666
2025-11-05,非银金融,0.031122553649545966,4000.4818890359415,26.191457554303504,1.0413557423186786,2.8887450408975006
2025-11-06,非银金融,0.009087904238017747,4036.837885349424,26.1899818649507,1.0522892163548405,1.539407953940318
2025-11-07,非银金融,-0.0023527693378739265,4027.3401369508065,26.095021589810152,1.058151624365749,6.520304752706845
2025-11-10,非银金融,0.01452957812855766,4085.8556901209095,25.516012127502776,1.0649317236156526,2.0321676869439877
2025-11-11,非银金融,-0.010552334809042073,4042.740372897324,25.13499955984146,1.064227329333379,5.187577058446172
2025-11-12,非银金融,-0.001626212625749253,4036.166017460292,25.173174162078556,1.0691377429050282,3.948736373058504
2025-11-13,非银金融,0.018515505432880292,4110.897671284585,25.290400137028648,1.0672006013190427,6.878615999449321
2025-11-14,非银金融,-0.014191588550852195,4052.5575029590577,25.53291309637625,1.0506601674861105,5.114385526035387
2025-11-17,非银金融,-0.0071327413267941115,4023.651658578492,25.304216339373404,1.0518443560283202,3.0910790151214114
2025-11-18,非银金融,-0.026326590483442776,3917.722629115071,25.513323084889624,1.050203939890554,6.89353496754266
2025-11-19,非银金融,0.007904001598545748,3948.688315038255,25.404595335850534,1.040374729728896,1.9343598069116066
2025-11-20,非银金融,-0.04288393319922474,3779.353029111595,25.446398368826326,1.0372248574736596,4.475228066487098
2025-11-21,非银金融,0.025118888218218047,3874.286175387033,25.35334674132238,1.0322278229258384,5.271576046343489
2025-11-24,非银金融,0.007231613841125356,3902.303516917442,25.433526084297064,1.0274924751329273,5.5986860938699765
2025-11-25,非银金融,-0.0013023111471992916,3897.221503547605,25.392084951194565,1.0202755111234065,7.343782063647257
2025-11-26,非银金融,-0.0122032053105979,3849.662909398937,25.221392971433307,1.0127431827753772,6.315787836925746
2025-11-27,非银金融,0.022590328534392825,3936.6280592689254,25.166688052347506,1.0125700661218913,1.2352952012829785
2025-11-28,非银金融,-0.01100817518721735,3893.292967945578,25.187152452992187,1.0034081183777424,3.8776692182049457
2025-12-01,非银金融,0.0112526584563865,3937.102863984521,25.130465732429272,1.0039458706138975,7.557757234231643
2025-12-02,非银金融,0.007939088265561492,3968.359871132289,25.10844153470704,0.9990947055802081,2.8211045367343583
2025-12-03,非银金融,0.012113970194327407,4016.4324643315504,24.856495513513067,1.001441042986678,4.247527406818353
2025-12-04,非银金融,-0.020148727069351075,3935.5064628152527,24.8724023543529,1.0042283026986287,3.4465446046077313
2025-12-05,非银金融,-0.010818873651970737,3892.92871563754,24.711178957376767,1.0058396408146995,4.663736379620565
2025-12-08,非银金融,0.017429560241430726,3960.78075120234,24.652753577580395,1.0070652806664306,5.954845680608381
2025-12-09,非银金融,-0.012213853309730793,3912.4043561151493,24.66974304894806,0.9984275688662809,2.1604217811429303
2025-12-10,非银金融,-0.04362025725241911,3741.744271625921,24.581251650609737,1.0144823583711966,3.8823587910915593
2025-12-11,非银金融,0.009487313915077967,3777.243374120781,24.98585816189752,1.0146511171680113,6.644825320629876
2025-12-12,非银金融,-0.010720044118437015,3736.7511585041325,24.856483259678438,1.0141731612144218,6.503947395688232
2025-12-15,非银金融,-0.009489462686868028,3701.2913978153965,24.69756243780187,1.0102564770228448,6.297260539820445
2025-12-16,非银金融,-0.014099929123880684,3649.10345143937,24.411835738784188,1.01102422144352,7.144810547064286
2025-12-17,非银金融,-0.004177169033733162,3633.860529501129,24.106552880781948,1.0181669844426349,4.770912585669
2025-12-18,非银金融,-0.0009675579551920306,3630.3445588377517,23.918821317996578,1.0181230209993235,5.597460733070058
2025-12-19,非银金融,-0.0061953639430831495,3607.85325305696,24.138577059690153,1.0190456066998559,3.0099657065920287
2025-12-22,非银金融,-0.0213741696747605,3530.738385464484,24.208592608155048,1.030201481746392,5.442076922852126
2025-12-23,非银金融,-0.006509828434881268,3507.7538843266607,24.456685433960057,1.0307607205263118,2.105683759847436
2025-12-24,非银金融,0.012991605126833292,3553.3252376739483,24.64892935488567,1.0361731285511897,3.217331739472687
2025-12-25,非银金融,-0.004821629981598114,3536.1924181736103,24.56933333524839,1.0282557497416354,4.082263928578443
2025-12-26,非银金融,0.006553985983901915,3559.3685737187,24.424707641983847,1.029931165680461,7.176914578851371
2025-12-29,非银金融,0.000563291850091371,3561.373537027747,24.70065223552002,1.029274964473084,7.888772233255485
2025-12-30,非银金融,0.006985576943746008,3586.2517858960746,24.927647965705123,1.0410691548194417,2.1616842670704948
2025-12-31,非银金融,-0.0026071639750682315,3576.9018394343625,25.124223408277473,1.050958362764617,6.03547535658411
2026-01-01,非银金融,0.03904345463027921,3716.55644411928,24.96234867460111,1.0559730512819625,7.007239372100148
2026-01-02,非银金融,0.002726914644044214,3726.691176312166,25.225471307374235,1.0474699966907344,4.298175292529702
2026-01-05,非银金融,0.017298178416935678,3791.156145184834,25.19209316188266,1.0584137111305816,3.5045878572780924
2026-01-06,非银金融,0.019654918198416638,3865.6710090958663,25.18748440703574,1.0499523096567869,5.9840981423154656
2026-01-07,非银金融,-0.007371623818423261,3837.174736611027,25.07357959510705,1.046502513615022,3.4355898810751664
2026-01-08,非银金融,0.024430635342041623,3930.9193533448656,25.008925771587826,1.0566925892271164,3.466624626267581
2026-01-09,非银金融,0.02301974077883677,4021.408097881377,24.98831377481587,1.0670492954121678,7.853734566106081
2026-01-12,非银金融,-0.01335552791095192,3967.7000697887943,25.05315530687534,1.056984546784808,5.804290376802682
2026-01-13,非银金融,0.018015190826923454,4039.178943690037,24.97257098212249,1.0614176640863595,6.859287876700581
2026-01-14,非银金融,0.013269459461858663,4092.7766649425257,24.70367039727884,1.0624907962312424,3.1371747368771192
2026-01-15,非银金融,0.02928393498587427,4212.629270710406,24.90696828654329,1.0512985279856701,7.568133729139379
2026-01-16,非银金融,0.005459451489103388,4235.627915855426,25.004441633237477,1.0566367819503093,2.822008002962021
2026-01-19,非银金融,0.016845497629343346,4306.979175870749,25.05899088173213,1.0621345205124975,4.923084416863079
2026-01-20,非银金融,-0.001789506195738603,4299.271809950611,24.86362511405435,1.0715414692792316,4.8265375413145195
2026-01-21,非银金融,-0.0016057174593039735,4292.36839414308,24.913936523073794,1.070997588570602,1.7750441532842096
2026-01-22,非银金融,-0.00782992278930884,4258.75948103367,24.895892199485385,1.0738419896385405,2.9602613068534263
2026-01-23,非银金融,0.003057495196685996,4271.780617690772,24.809210233160396,1.080290083082697,7.375391131507406
2026-01-26,非银金融,0.011282157213312546,4319.97551820034,24.931344483412644,1.0722057218574927,6.805762654011929
2026-01-27,非银金融,0.016489731742625482,4391.2107556301735,25.062858439731855,1.0688906614766747,1.7880627328835592
2026-01-28,非银金融,0.005709309701020109,4416.281537796517,25.43141953795379,1.0669797758629547,1.0868282539412035
2026-01-29,非银金融,-0.005039751941772963,4394.024574340991,25.04787303046642,1.0644508848991898,5.188502390084311
2026-01-30,非银金融,-0.015605236287195309,4325.454782606657,24.833903494456205,1.0725433309568113,7.246117486977566
2026-02-02,非银金融,0.025859200588728877,4437.307585467559,24.979788706043582,1.066971843211358,1.2426918670853833
2026-02-03,非银金融,0.0012507824466977207,4442.85769190606,25.211976502053897,1.059056165748197,1.6570009937634933
2026-02-04,非银金融,0.003775534741021777,4459.631855471267,25.265457261443093,1.0644948896764617,6.805007595217289
2026-02-05,非银金融,0.003043724248981151,4473.2057450912935,25.467792359591012,1.0414742739844132,3.2186261145378348
2026-02-06,非银金融,0.010368129792963615,4519.584522847031,25.76811998736033,1.038541373491885,5.213464017105921
2026-02-09,非银金融,-0.0018617277194153776,4511.170287060606,25.964550272682146,1.051936714903906,5.1418801361442785
2026-02-10,非银金融,0.01992371680376071,4601.049566313542,25.75383883321186,1.058524954521738,4.586546442820534
2026-02-11,非银金融,-0.0034909373219492285,4584.987590662359,25.580104137912436,1.0769089308522073,7.6537173681034245
2026-02-12,非银金融,-0.002438287186485049,4573.808074169854,25.882784091255765,1.0821740993300133,4.543862416466419
2026-02-13,非银金融,-0.009139740426016778,4532.004655613522,25.9230799532274,1.0757462398311588,4.307453485045595
2026-02-16,非银金融,-0.019600337668310586,4443.1758340491415,25.877414969857814,1.057950344259314,2.372683989168751
2026-02-17,非银金融,-0.022370805610465033,4343.778411172512,26.034761238439504,1.0586480815792956,1.0385405941229457
2026-02-18,非银金融,-0.02166327249197396,4249.677955806528,26.260634574545662,1.053756872574927,5.004340503585106
2026-02-19,非银金融,-0.027927587044686168,4130.994704783858,26.28479983719393,1.052406944304103,1.6096493675704004
2026-02-20,非银金融,0.010270101146756985,4173.420438238705,26.09844684244655,1.0546688735129723,3.4165619996118446
2026-02-23,非银金融,0.016340107078978972,4241.614575085126,26.102896449886465,1.0707098866239841,7.949717872993492
2026-02-24,非银金融,-0.0007099122072193116,4238.603401119954,26.0195526470867,1.0651173823906566,3.762032529183525
2026-02-25,非银金融,-0.026847095143839175,4124.809212333085,25.689804578533312,1.0673935523049936,5.255336498634926
2026-02-26,非银金融,0.007830875348449007,4157.110079111,25.879137962483494,1.0627621545541739,7.6854235803949225
2026-02-27,非银金融,-0.007045915775251593,4127.819431625135,25.909528975356316,1.076469411102185,1.801413466461336
2026-03-02,非银金融,0.013652589737982978,4184.174856837586,25.73701423551102,1.0574447379626983,3.583371152326416
2026-03-03,非银金融,-0.0029669535824154163,4171.760604256639,25.53375780716466,1.0563343620493166,1.561260098573324
2026-03-04,非银金融,0.0013527782443815233,4177.404071242846,25.63832857321261,1.054912043881717,5.680008527060398
2026-03-05,非银金融,-0.01615598616164269,4109.913988876257,25.92772015678477,1.0540800294166732,5.452672324866795
2026-03-06,非银金融,0.00048274434417271497,4111.898026609422,25.97059922275794,1.060479885592209,7.115890154264415
2026-03-09,非银金融,-0.008986560619606569,4074.946205731656,26.045706928123877,1.0507766964923033,1.0819462751163285
2026-03-10,非银金融,0.0018283955866478473,4082.396819390043,25.69209011918118,1.04534990199957,4.402003456583222
2026-03-11,非银金融,-0.008030873616114423,4049.6116064826942,25.711173155718974,1.0466867489092377,3.4021714722086074
2026-03-12,非银金融,-0.01521512711388937,3987.9962511281783,25.887132199007233,1.057466151954997,6.919230540929348
2026-03-13,非银金融,-0.009493409647657046,3950.136569042898,26.254793861177795,1.0473683075765228,3.1441944914474886
2026-03-16,非银金融,0.013987312604150023,4005.3883640631857,26.198972055514037,1.0593788772876789,6.588662383628467
2026-03-17,非银金融,0.004530404439197855,4023.534393288449,26.253533372149295,1.058240606537687,3.232067728247972
2026-03-18,非银金融,0.012362124097396732,4073.2738247684247,25.867993380755824,1.0681562853736577,5.207519167601631
2026-03-19,非银金融,0.01568819306512486,4137.176130938512,26.10115818892798,1.0588337041771294,4.013705369235453
2026-03-20,非银金融,-0.005962214319318772,4112.509400169087,25.89978164486642,1.055189989426409,1.178134319340256
2026-03-23,非银金融,0.019854631191794123,4194.161757582231,26.188964892424295,1.0504444368342407,3.867402264266624
2026-03-24,非银金融,-0.0029383281061679165,4181.8379342081125,26.42158624904783,1.0404996172584025,5.240454746168832
2026-03-25,非银金融,-0.01831523307819883,4105.246597747838,26.29635548486634,1.0402798158183288,5.8179196504616595
2026-03-26,非银金融,0.004402417382294101,4123.319606728366,26.286684735507688,1.0307369985541113,1.1927570390862585
2026-03-27,非银金融,0.008394263720055493,4157.93183890932,26.28803529696214,1.0271386058900096,1.2166905364354048
2026-03-30,非银金融,-0.0014441470588874624,4151.927173873104,26.057090600260747,1.0241655627334134,1.1634646742973014
2026-03-31,非银金融,-0.003681940940006535,4136.6400232316955,26.390339353538284,1.0287613577898043,1.8129727214036793
2026-04-01,非银金融,-0.0042322047704374055,4119.132915591792,26.370613298828825,1.030645903953931,7.218825706160769
2026-04-02,非银金融,0.017796869563799618,4192.440586806532,26.448594829303925,1.0297611798323036,3.698583333158456
2026-04-03,非银金融,0.006915753887154164,4221.434474091403,26.560516382435047,1.0129640344703719,2.0790153022494096
2026-04-06,非银金融,0.026187724992276378,4331.984239171824,27.03463225513168,1.0181346170136814,4.083089452186968
2026-04-07,非银金融,0.007712667124166853,4365.395391595694,26.80464279763556,1.0110206283472971,2.3623668569341034
2026-04-08,非银金融,-0.0023221572787718438,4355.258256912382,26.703409043209152,0.9950117248435066,5.063273206955872
2026-04-09,非银金融,0.011418653841763007,4404.989443339546,26.666694422193817,0.9861906312307821,5.3836402499474465
2026-04-10,非银金融,-0.037754312841194945,4238.682093833543,26.605680124687144,0.9948766798499729,5.344623358772088
2026-04-13,非银金融,0.029575211813308907,4364.042014567949,26.510343569729006,0.9847223151273108,1.2762167302362952
2026-04-14,非银金融,0.039865150205255516,4538.015204980747,26.191589491482095,0.9867212199825633,4.733706401357538
2026-04-15,非银金融,0.007215397576481497,4570.758788892801,26.115788293144874,0.9889324337319007,6.559474637845838
2026-04-16,非银金融,0.009523578347840763,4614.288768327903,26.038566970848287,0.9919158482143242,4.383852051812026
2026-04-17,非银金融,-0.00023894220527467529,4613.186219993825,26.091742596400636,1.0002153804358895,3.627309355437213
2026-04-20,非银金融,-0.013385984512939283,4551.434180697683,25.955279372190905,0.9954490637332284,4.578928235405258
2026-04-21,非银金融,0.020816571397562256,4646.179435281481,26.51922458854551,0.9933011352555463,7.059040019371865
2026-04-22,非银金融,-0.0006234100092442958,4643.282960516782,26.579805969692107,0.9974421872532769,5.014702660189013
2026-04-23,非银金融,0.009878233789250856,4689.150395150412,26.82770115200297,0.9958107310762204,7.251631436367904
2026-04-24,非银金融,0.009103350834212928,4731.837376311854,26.196630211510815,1.001035955330537,1.1338126610083483
2026-04-27,非银金融,0.0031210429207816225,4746.6056438574815,26.606777991444112,0.9991026392908127,6.058948703887599
2026-04-28,非银金融,-0.011393165017354136,4692.526782484709,26.693420790119568,0.9913363608270935,6.631060453756535
2026-04-29,非银金融,-0.020494272471833958,4596.356860023088,26.50243472169836,0.9859120894393605,7.702136133266674
2026-04-30,非银金融,0.0144968756806413,4662.989674006706,26.61121882452063,0.9916311350574003,6.183332923674634
2026-05-01,非银金融,0.007942674306724375,4700.02628228296,26.70092626741156,0.9869201719043498,6.382459474753487
2026-05-04,非银金融,0.018033700572119643,4784.785148938743,26.852225217803873,0.989694982507569,1.6202329977877534
2026-05-05,非银金融,0.016252253574746408,4862.548690479976,26.676022778513413,0.9895047405029068,3.852801217227016
2026-05-06,非银金融,-0.009927674124615721,4814.274891665815,26.645181311697993,0.9832319143565196,6.657646470064555
2026-05-07,非银金融,-0.004419422944585604,4792.998574748044,26.65161682369125,0.98801913244164,3.0969597456771174
2026-05-08,非银金融,0.00021808213043336358,4794.043842088389,26.47740295884146,0.9932299111087638,1.3515820802478165
2026-05-11,非银金融,0.014263552064398376,4862.423936029025,26.443222882622464,0.9875917637051225,3.0670334583356027
2025-05-12,房地产,-0.0021238690275441467,1925.439207731745,17.120553385262657,3.36363680301504,4.335058904406541
2025-05-13,房地产,0.009700419722654787,1944.116776197199,17.2075830517279,3.330289481852044,7.852867806223662
2025-05-14,房地产,-0.02459378046758326,1896.3035950000592,17.37320433800024,3.3075190152995493,7.220613561857791
2025-05-15,房地产,0.005225556878937013,1906.2128372954646,16.95353552452703,3.3123837022213656,5.101053519174634
2025-05-16,房地产,-0.009533708219087481,1888.0395603012107,16.979181815020805,3.2830928677073,5.997668427546128
2025-05-19,房地产,0.011932739119336401,1910.5690438212719,17.043887136419983,3.296368911502491,4.867506771855224
2025-05-20,房地产,-0.01713438222503293,1877.8326235571226,17.052786526460114,3.2768859770368017,4.476867959725626
2025-05-21,房地产,0.013548744988477529,1903.2748989047416,16.95801216868739,3.2661566019799997,5.406903878242156
2025-05-22,房地产,-0.009192850483323498,1885.7783773304475,16.96009854431339,3.2911125567419193,1.4388273513530612
2025-05-23,房地产,-0.015293038428805805,1856.939096137722,17.072048527333433,3.2682819716118674,3.2138910481051477
2025-05-26,房地产,-0.0038946309987975265,1849.7070035710249,16.965855053572394,3.2873343506977206,3.193435423096002
2025-05-27,房地产,-0.007122954958483703,1836.5316238981966,17.001491673176556,3.292425508822417,4.036721937035707
2025-05-28,房地产,-0.0031939130676062726,1830.665901545556,17.104323947254937,3.290699023921553,3.7135416381895294
2025-05-29,房地产,0.029925377096000433,1885.4492689860963,17.299005107376587,3.3150821928823326,1.0305428875521636
2025-05-30,房地产,0.008033655218720147,1900.5963183455185,17.18602129357463,3.320161082823174,6.327264531755481
2025-06-02,房地产,0.0012255594396539155,1902.9256121044384,17.19821066354343,3.3254020422852357,3.086365460476102
2025-06-03,房地产,0.0032495441535361227,1909.1092529018665,17.15904235298476,3.3137469118509566,3.5203532613068482
2025-06-04,房地产,0.0022966545464935327,1913.4938173472965,17.15911482713181,3.329684887912139,4.029103952137932
2025-06-05,房地产,-0.021422230924146662,1872.5025109201558,17.13036266213333,3.292270836865208,1.3664851413123067
2025-06-06,房地产,-0.021047464526192012,1833.0910807463583,17.068248185152537,3.3305261689070607,6.755259207714963
2025-06-09,房地产,-0.0057499323973287655,1822.5509309539204,17.134134906918227,3.3206520774267267,7.161097165450395
2025-06-10,房地产,0.03175709138191114,1880.4298474164113,17.226039749704505,3.2921779578459294,5.254264855769058
2025-06-11,房地产,-0.0109300920348646,1859.8765761190436,17.1684409022561,3.3257474240626563,3.20939140634345
2025-06-12,房地产,0.01235093456079037,1882.8477900018368,17.005078119927035,3.3694523468056037,5.992448182978324
2025-06-13,房地产,0.0030843946721284396,1888.655235693747,16.98491378702617,3.345772298363721,1.4066436645624485
2025-06-16,房地产,-0.020988036451315046,1849.0160707630396,16.99047385635683,3.318947570145151,2.8731487370958004
2025-06-17,房地产,-0.022679786353501836,1807.0807813139422,16.8363613425468,3.313158372959948,3.830028230784084
2025-06-18,房地产,-0.039382127503898495,1735.9140955743921,17.16131866269781,3.333954519087225,1.0694667478948494
2025-06-19,房地产,0.008270925802727135,1750.2717122587962,17.15559628244237,3.3877754260882167,3.1830470054181825
2025-06-20,房地产,0.003444753223527511,1756.3009663816488,17.25377862672807,3.4072398417115823,4.649072333578973
2025-06-23,房地产,-0.0033654268703446127,1750.3902639169758,17.280312835254357,3.433975865317834,4.625723693988053
2025-06-24,房地产,-0.010933442802874517,1731.252472083731,17.109015572024944,3.3936602945631296,1.009475380008277
2025-06-25,房地产,0.01503003754037004,1757.2732617310078,16.924040318934672,3.41185628379526,4.205970313025
2025-06-26,房地产,0.010354495810093062,1775.46894035679,16.707290211106837,3.3892425815544427,1.4598640126805604
2025-06-27,房地产,-0.010947013971519757,1756.0328570607048,16.600764153998732,3.4345630694675156,4.316668798785626
2025-06-30,房地产,-0.001413386977883626,1753.5509030877995,16.603538007328382,3.4409019239545087,7.739378451772442
2025-07-01,房地产,-0.0028859138624195983,1748.4903062281198,16.517197395619046,3.422675305553876,1.9856206422487326
2025-07-02,房地产,-0.008767125797280392,1733.1610717580927,16.686550704042624,3.437945668927252,5.048088795942524
2025-07-03,房地产,0.005085610367197996,1741.9752536726494,16.637213842700575,3.4022425513097194,5.718912068752441
2025-07-04,房地产,0.02387160211867271,1783.5589938288967,16.529290564220844,3.368013872084245,7.422400901923932
2025-07-07,房地产,-0.00374468205671017,1776.8801324676217,16.286546523895723,3.3769071800956563,1.4354225831529193
2025-07-08,房地产,0.009498894985937072,1793.7585302485297,16.177733774123734,3.4333566065946877,1.9399239563159287
2025-07-09,房地产,0.0007679287251342529,1795.1360089498623,16.253390256896598,3.4334610651269513,5.757342329145755
2025-07-10,房地产,-0.02419479030942376,1751.7030696364245,16.228680028097212,3.423642865589932,6.648758436187955
2025-07-11,房地产,0.03301474811825029,1809.535105258437,15.982721650049191,3.4082036009285814,2.1602484587410915
2025-07-14,房地产,-0.0010455040523915978,1807.6432289729444,15.800651963575532,3.40093315749904,1.3498532006177513
2025-07-15,房地产,0.006917926216276906,1820.1483714563317,15.847560187180047,3.4022380668744017,2.8167924822326325
2025-07-16,房地产,0.005177657948877733,1829.5724771399396,16.104203135920255,3.3651353269528075,1.511570934189105
2025-07-17,房地产,0.002641166222695939,1834.4046821685358,16.10953414926757,3.3799071475671076,7.355291556457336
2025-07-18,房地产,-0.008517190681750246,1818.7807077030109,16.164420905202796,3.3804248892450874,6.301171449941072
2025-07-21,房地产,-0.0010733472775353002,1816.8285243819641,16.003640014800666,3.3544229755210613,5.484306284842211
2025-07-22,房地产,0.0126627848641905,1839.8346331213377,15.88118830702742,3.3671001792994795,4.955597187169294
2025-07-23,房地产,0.000104726648406969,1840.0273128360873,16.07967205050042,3.3837602779933165,2.6007374572252613
2025-07-24,房地产,-0.0029121628402580886,1834.668853670586,15.918822880167282,3.400124557583392,3.2516899276168405
2025-07-25,房地产,0.00724357727522649,1847.9584192866,16.009764377208494,3.3959403363620106,1.2041883455168514
2025-07-28,房地产,-0.012893945151093489,1824.1309447868173,16.278692786026465,3.389229260031759,1.8295183651870608
2025-07-29,房地产,-0.011169883337780104,1803.755614940714,16.07470777723929,3.352785163297463,6.279854813429159
2025-07-30,房地产,-0.023848907002239243,1760.7380150252259,15.834675103057975,3.3798089789062975,6.512843601011455
2025-07-31,房地产,0.00629716215857627,1771.8256678246096,15.634573516277783,3.4170871835441097,2.6827923902545483
2025-08-01,房地产,-0.018472468573272356,1739.0956738584023,15.636358742904916,3.3910096302329276,2.5459694807410624
2025-08-04,房地产,0.0034085580230222255,1745.0234823703358,15.612664822022692,3.349225673807641,5.060621842686182
2025-08-05,房地产,0.02995079352277567,1797.2883203832046,15.814656805054257,3.3520217664889773,2.977472461809966
2025-08-06,房地产,0.011889108310912453,1818.6564758901784,15.777894040801632,3.3898607531607725,4.334350133107692
2025-08-07,房地产,-0.005881150114206678,1807.9606841492941,15.594722070623867,3.3895329143619697,5.137912122809615
2025-08-08,房地产,-0.008060817935432668,1793.3870422399464,15.46669319022671,3.379602083507596,1.4981079962140296
2025-08-11,房地产,0.006858203453261534,1805.686455446071,15.144464576449199,3.3849810080789835,6.6761500670554295
2025-08-12,房地产,-0.006978508630241706,1793.08545693323,15.260498756647358,3.4130640910938994,5.582554808061682
2025-08-13,房地产,0.011308863021545705,1813.3632147516134,15.043361687732798,3.421792028443473,3.9765972980638575
2025-08-14,房地产,0.010553552005704087,1832.5006377437253,14.735470000374423,3.4017673345702564,3.127597585785191
2025-08-15,房地产,-0.015147932669774416,1804.7420414658645,14.815557077414915,3.3705038943866414,6.193274288711006
2025-08-18,房地产,-0.003575960229887576,1798.2883557003765,14.949919183427916,3.3418600807987686,5.98834933168959
2025-08-19,房地产,-0.017774250786207372,1766.3251274802415,14.894376733908198,3.3542132236312225,3.5965870571043563
2025-08-20,房地产,0.022095978125569102,1805.3538088596881,14.689417890590011,3.3381552381456765,4.811478713727055
2025-08-21,房地产,0.0036286479127684602,1811.9048021900155,14.591827931207511,3.35210910372566,6.4644220219789
2025-08-22,房地产,0.008727203379118975,1827.7176639023303,14.604121175126073,3.3095114521506273,6.000969148498696
2025-08-25,房地产,0.012094022802396607,1849.8221230059082,14.559260671259198,3.3161357757339904,4.596981249447374
2025-08-26,房地产,-0.03443775596927298,1786.1184001472682,14.577553346302404,3.344838709906614,4.232013006691833
2025-08-27,房地产,0.015132987036246211,1813.1477067418975,14.6043842964267,3.358157672722465,6.102867431590715
2025-08-28,房地产,-0.006139503410823372,1802.015880212029,14.683434676017564,3.343758990191089,3.417393665714215
2025-08-29,房地产,0.008300363474253832,1816.9732670041662,14.735061776896295,3.364595597682342,6.0893973313077305
2025-09-01,房地产,0.00970417310863747,1834.605490120941,14.745431584997528,3.3002302262945484,2.141247358521137
2025-09-02,房地产,-0.0009231390730973439,1832.9118941092916,14.827479620349278,3.322648085903229,3.6904852696689443
2025-09-03,房地产,-0.0007043348708741767,1831.6209103470303,14.881427349223724,3.3432254172567255,6.719896994109096
2025-09-04,房地产,-0.014821556147576164,1804.4734381832473,14.941032313695574,3.3445566545054772,1.3616810516057276
2025-09-05,房地产,0.027488347749495816,1854.0754315567567,14.945805841705793,3.338190129108067,6.60002437234577
2025-09-08,房地产,0.004235361022062999,1861.9281103715366,14.688338280177735,3.36749016392807,1.922005200053655
2025-09-09,房地产,-0.016557119903147656,1831.099943397074,14.569410343743874,3.377635038263845,6.576769780339606
2025-09-10,房地产,0.012347867624555397,1853.710123105472,14.6490839594887,3.340725439296905,5.002221882006241
2025-09-11,房地产,0.001246202732615735,1856.0202217263632,14.574108245274045,3.31393357142413,3.4707095241664963
2025-09-12,房地产,-0.016326897968798406,1825.7171689382103,14.39661202472903,3.3434325743074296,6.128893354131963
2025-09-15,房地产,-0.010078092967891085,1807.3174215765762,14.37915694404095,3.324611601970787,4.029368157194838
2025-09-16,房地产,0.014179696324393627,1832.9446337763181,14.250719502809917,3.35748035116859,1.3960995930270093
2025-09-17,房地产,0.008315851452389566,1848.1871290712565,14.233221411549989,3.3947418671655663,5.425975075463479
2025-09-18,房地产,0.01739935874842891,1880.3443999641963,14.192256077210393,3.3587291503831604,6.256578588543228
2025-09-19,房地产,-0.004213973076903349,1872.4206792874413,14.13230378687623,3.3451041131727024,7.862581186595295
2025-09-22,房地产,-0.02482677327866572,1825.9345156004867,14.136011763695857,3.3248061462612823,2.2555527740854733
2025-09-23,房地产,0.022903969619791673,1867.7556642735294,14.06664795840667,3.3077097988101007,3.425669175669028
2025-09-24,房地产,0.025722816056311017,1915.7995996637703,13.898238756880199,3.2905090745117103,2.4373305709475988
2025-09-25,房地产,-0.02601179627042598,1865.9662107823528,13.884002323243054,3.3154760450789658,7.779761321899246
2025-09-26,房地产,-0.019089321605722395,1830.3461816793174,13.803837476304604,3.320166008005751,1.5290852969784687
2025-09-29,房地产,-0.0010507641291143963,1828.4229195677472,13.82434363893932,3.325407282163523,5.365541448031863
2025-09-30,房地产,-0.01199091935377648,1806.4984477946136,13.68061677809128,3.3474808679608237,1.1057747895013252
2025-10-01,房地产,0.018048670958617515,1839.103343866112,13.79155845284031,3.3053031588299584,2.8976737763484604
2025-10-02,房地产,0.014090935667179491,1865.018030769824,13.903839553681713,3.312482153297795,7.627136102463769
2025-10-03,房地产,-0.003023655327251173,1859.3788590656675,13.934627487353145,3.3565863187775253,5.7607831981288085
2025-10-06,房地产,0.01107085786841388,1879.963778137917,13.909055690812067,3.355418845698106,5.080482397629842
2025-10-07,房地产,-0.004706772948832183,1871.1152154821932,13.72839872902988,3.352472264403805,6.878611246650987
2025-10-08,房地产,0.0076622788595848675,1885.45222204163,13.790407811233404,3.3251250930880696,7.8390486810726046
2025-10-09,房地产,-0.012765866063712711,1861.3827915055172,13.774860183954404,3.333545382551915,4.0381468089613115
2025-10-10,房地产,0.0030449131559513124,1867.0505404556338,13.72672925354394,3.2907006011448665,6.064134724950007
2025-10-13,房地产,0.0004371131616775915,1867.8666528203844,13.717202271952154,3.3319854612841957,2.6941545598661403
2025-10-14,房地产,0.01955552183292005,1904.3937599305966,13.66200701862942,3.3390089458499346,2.3948923552676056
2025-10-15,房地产,0.0055877457378812,1915.0350280458965,13.724080811269943,3.3203477634845804,2.732918391959205
2025-10-16,房地产,-0.012857756587715333,1890.4119737983337,13.71670512901874,3.3013351868522953,6.1291343235031555
2025-10-17,房地产,0.024424652283667223,1936.5846289312392,13.826119857259576,3.3121074906407415,6.760886635292373
2025-10-20,房地产,0.0069879715453922695,1950.1174272134547,13.834521190363562,3.331786242648873,2.401974125073381
2025-10-21,房地产,0.021455306194724393,1991.9577937299875,13.909929236720787,3.3358999774544507,1.4792110353350463
2025-10-22,房地产,0.025879057937255447,2043.5077848824933,13.985969700204,3.330313977726325,5.091142368301982
2025-10-23,房地产,-0.025566911437123915,1991.2616023253295,14.017843013935163,3.3519036043824966,5.66524133268785
2025-10-24,房地产,-0.0038446243794529136,1983.605949423161,13.991953025249144,3.390873121626441,5.411730536193105
2025-10-27,房地产,0.012660647757441341,2008.7196856383728,13.87807823861423,3.3470531001767503,5.545256272038172
2025-10-28,房地产,-0.030332962642268094,1947.7892664551155,13.817063863184405,3.370069790592671,4.107436181544645
2025-10-29,房地产,-0.010155799392080141,1928.0079094069504,13.817516289971959,3.391454079567495,1.7377525267546365
2025-10-30,房地产,-4.803625371438476e-05,1927.9152951298506,13.763006428920232,3.4306221727479627,5.586216001670366
2025-10-31,房地产,-0.010288573259276915,1908.0797973782267,13.708795810218604,3.4455166826755366,7.171834282904556
2025-11-03,房地产,-0.015382896846803207,1878.7280026796884,13.771375146742919,3.472203853873749,1.7730230438777186
2025-11-04,房地产,-0.014917208481061468,1850.7026253845072,13.648305970082385,3.4749706658070427,4.748876704157708
2025-11-05,房地产,-0.024696333782170943,1804.9970556164712,13.500786959375647,3.4382066449554665,6.799889185342569
2025-11-06,房地产,-0.009821059781466556,1787.2700716278907,13.609391094303888,3.4066978680500717,4.539439073953712
2025-11-07,房地产,-0.020250589370817376,1751.076799312603,13.584371629937293,3.383493992174562,4.873598328248403
2025-11-10,房地产,-0.020810109866778448,1714.636698733741,13.585929166154457,3.394799563770636,6.865358623962625
2025-11-11,房地产,0.012904956315341876,1736.764010427582,13.63158815807742,3.4112806528036157,4.074474208748022
2025-11-12,房地产,-0.01634535183205747,1708.3759916278882,13.67074027695816,3.384323107474827,5.857647133571097
2025-11-13,房地产,0.008221678187075145,1722.4217092535782,13.625094570486025,3.376333670550522,2.156991431000702
2025-11-14,房地产,0.0018815742023677562,1725.6625735073078,13.815261560302218,3.3687431417731677,3.4798992905205095
2025-11-17,房地产,0.006574491743713179,1737.0079278492665,13.791276381784954,3.360429547549443,4.634571995461435
2025-11-18,房地产,-0.02106435901277158,1700.418969249019,13.857458984938692,3.356502231776782,2.639423596484339
2025-11-19,房地产,-0.008693897995720328,1685.6357001803801,13.970689201933206,3.4125811344013903,3.9104257246632534
2025-11-20,房地产,0.020325511444129887,1719.8971078950303,13.710202375225055,3.4422276380591024,2.2018573539381467
2025-11-21,房地产,0.016028282769965638,1747.464105075618,13.421109295929348,3.442320592155912,7.093688763885689
2025-11-24,房地产,0.008433182657284346,1762.2007890607686,13.659382438494665,3.4492558148161785,1.820427339761634
2025-11-25,房地产,-0.013553270375778428,1738.3172053102178,13.561543415838214,3.4379946612761403,5.844515529170582
2025-11-26,房地产,-0.006892771335244648,1726.3353823058928,13.422192549541013,3.4343617459177502,4.554635447711454
2025-11-27,房地产,0.002851321899530744,1731.2577201873964,13.390014008163828,3.432982379387857,6.54930679500969
2025-11-28,房地产,-0.0004855034664516901,1730.4171885629241,13.308067984884012,3.488696358198537,5.820421405155129
2025-12-01,房地产,0.014577147914071319,1755.6417358736574,13.337945811683918,3.5377787012278565,6.8528239224507415
2025-12-02,房地产,0.00562163055420988,1765.5113050982907,13.37404860775563,3.4787454618647997,6.54090741813959
2025-12-03,房地产,-0.0026030439527559885,1760.9156015720323,13.232899198905958,3.473096518095307,6.98481813693032
2025-12-04,房地产,-0.0011518711148651687,1758.8872537548662,13.341238064852272,3.467967875285618,6.624763616238224
2025-12-05,房地产,-0.010272932996374136,1740.818322848866,13.336667529453715,3.469577643128432,1.4688152841769007
2025-12-08,房地产,-0.003935532893812996,1733.967275077142,13.437033543184935,3.483349504438572,1.46595309539956
2025-12-09,房地产,0.0008640196002367073,1735.4654567889777,13.371815525493563,3.4892373039969526,3.6282824992655027
2025-12-10,房地产,-0.004221689264496153,1728.1388609011476,13.51582230473872,3.45914969973148,3.4536437400031326
2025-12-11,房地产,-0.010130764996343723,1710.631492220309,13.448313973985545,3.4540432930472553,3.5870193959874124
2025-12-12,房地产,0.026625333961882883,1756.1776269863888,13.417883500709895,3.4896723537529084,1.0585457731379997
2025-12-15,房地产,0.014720097124109504,1782.0287322228164,13.487819870133446,3.45791115190217,4.38792557725823
2025-12-16,房地产,0.004228009796972131,1789.5631671611402,13.651077441667082,3.4965456156310557,6.2622289467708825
2025-12-17,房地产,0.00641971977657174,1801.0516612167887,13.660232031983382,3.5359994935525596,1.982271627354605
2025-12-18,房地产,0.016313708509169904,1830.4334930278355,13.82701650573697,3.5156140414355064,2.3648263993020247
2025-12-19,房地产,0.008132469527195298,1845.3194376314423,13.859822545399842,3.5286410731956837,7.35759942090226
2025-12-22,房地产,0.008321113533088823,1860.674550176789,14.019678053139813,3.550776311785693,5.051647281583584
2025-12-23,房地产,0.00485886888309054,1869.7153238502015,13.903872831462795,3.5620799113278525,4.317448540812719
2025-12-24,房地产,-0.014617460213806983,1842.384834492676,14.007677193731398,3.5441181239662023,2.690504395949834
2025-12-25,房地产,-0.01492083215667922,1814.8949196091996,13.9661575309897,3.504266159589241,7.354869597184739
2025-12-26,房地产,-0.020385619004491085,1777.89716324486,13.969626154451158,3.51049719708013,3.679591351054715
2025-12-29,房地产,-0.006990052921612775,1765.4695679845931,14.026710750606211,3.5394399991377172,6.573690153789579
2025-12-30,房地产,0.014099082620666106,1790.3610692878797,13.903438311495599,3.542223703351561,5.454619970733621
2025-12-31,房地产,-0.0005924200686215357,1789.3004234603548,13.77267985486654,3.516859402459822,2.3364860955015043
2026-01-01,房地产,-0.014999737533965886,1762.4613867390353,13.84993757316716,3.473927560228156,5.63378261355708
2026-01-02,房地产,0.009468122006968522,1779.1485861812516,13.911132130435364,3.4913147325715492,6.325959316515472
2026-01-05,房地产,-0.014041364900886462,1754.1669116697844,14.07080243342951,3.4784645645382484,2.8170351449253443
2026-01-06,房地产,-0.000795814263849579,1752.7709206203047,14.110161287320656,3.434919676612855,1.2728552446279129
2026-01-07,房地产,-0.018330157257190074,1720.6423540095045,14.24163019882216,3.4533512067980894,7.973103714491452
2026-01-08,房地产,-0.004183896428526543,1713.4433646097925,14.279804379185057,3.462085587248278,2.7430611527636293
2026-01-09,房地产,-0.010409400709539426,1695.6074460344678,14.29412591666555,3.494252483272389,6.646655371187715
2026-01-12,房地产,-0.011968856787057886,1675.3129633458122,14.177865143407773,3.487429452862354,1.1569812241343858
2026-01-13,房地产,0.018421955853415776,1706.175504797224,14.1100871631531,3.4368745901941,5.580394038449038
2026-01-14,房地产,0.009808003874465508,1722.9096807587932,14.180306857431503,3.473413607457888,6.3361183715067195
2026-01-15,房地产,0.016271169528312368,1750.9434362563902,14.409466187058248,3.5002772790257133,5.108555545912349
2026-01-16,房地产,0.0051586008893815365,1759.9758546239193,14.426168237713654,3.500946617260192,6.297111169479976
2026-01-19,房地产,0.026731576748891307,1807.0227842579943,14.369370276535117,3.4630238493250465,5.177963138214316
2026-01-20,房地产,-0.008097882751523301,1792.3897256217417,14.411633387118318,3.4048443142833476,2.481451289989028
2026-01-21,房地产,0.016976864672718153,1822.8188834343925,14.474965672583773,3.423688352190835,1.3734359789222839
2026-01-22,房地产,0.02416059184928772,1866.8592664922253,14.701256566762652,3.4098361993865107,5.742721297185793
2026-01-23,房地产,0.008574375121336951,1882.8664181418735,14.682395324959204,3.409873834458107,5.8361878358557595
2026-01-26,房地产,-0.0189515942819663,1847.1830976981098,14.801200926098794,3.446467943449503,2.927017494163021
2026-01-27,房地产,0.006261524825135126,1858.7492805209167,14.68018937290547,3.413216415187184,5.935974018993943
2026-01-28,房地产,0.005802399041025835,1869.5344855637188,14.91355284022774,3.398717866511996,6.8615695583910545
2026-01-29,房地产,0.008046185060035916,1884.5771060106836,15.072336504369588,3.4217344758134307,6.6196765437715035
2026-01-30,房地产,0.007696496577440337,1899.0817472570175,15.077583446198952,3.4370129175665642,4.419469428619338
2026-02-02,房地产,-0.016347741359623497,1868.0360500320778,15.039884332605904,3.3915143378778936,7.449152585490828
2026-02-03,房地产,0.008281972381538933,1883.5070730061623,15.25110154421683,3.4341936894925413,3.48447262613907
2026-02-04,房地产,-0.011911531022044218,1861.0716200758097,15.232921596807913,3.459787258870278,7.180403715631055
2026-02-05,房地产,0.00411900026197849,1868.7373745664627,15.095140998781897,3.477022845737523,7.040977819512104
2026-02-06,房地产,-0.0022970369235284335,1864.4448158167058,15.120727707012977,3.4521118937623227,6.618482186470508
2026-02-09,房地产,0.015140129890830046,1892.6727525024555,15.151352048047004,3.4747672483456524,7.813678334153748
2026-02-10,房地产,0.018087448385472063,1926.906373223933,15.136792975294453,3.469696284295126,1.4691157642584698
2026-02-11,房地产,-0.0070694314600594655,1913.2842406884747,15.111864562596473,3.4489730833757193,1.497244223308015
2026-02-12,房地产,-0.009694034027788494,1894.7367981544091,15.02664954972842,3.401242114906792,1.7068467477243277
2026-02-13,房地产,-0.0032636538052233303,1888.553033193216,14.995853362828546,3.3946709846384873,7.811537585386088
2026-02-16,房地产,-0.025333198991200172,1840.7099433978976,14.940330833497633,3.3780318107440546,3.095683615937438
2026-02-17,房地产,0.015978425858984062,1870.1215907563758,14.882099050892043,3.3685213994923493,2.795241427117362
2026-02-18,房地产,0.02073882196132814,1908.905709473108,14.746544871517335,3.3582971421011694,3.398516025657651
2026-02-19,房地产,0.005180978737466097,1918.7957093657158,14.742835918424095,3.335502938441331,3.1169365789497547
2026-02-20,房地产,0.02048042714271072,1958.0934650931265,14.776117859592034,3.341811518238143,4.5385613227290476
2026-02-23,房地产,-0.01574526987365495,1927.2627550473949,14.817467350714464,3.3149686285048103,2.9154829250254015
2026-02-24,房地产,-0.012499693732995433,1903.1725608662935,14.814544483096894,3.2649585630940705,6.75666847829748
2026-02-25,房地产,-0.0057070280266526005,1892.3111017218735,14.800705812267628,3.2483580029609915,4.209019968920066
2026-02-26,房地产,0.008327631340044762,1908.069570957687,14.995028368500357,3.2777094795456194,7.0354208156073215
2026-02-27,房地产,0.010425360348557072,1927.9618838050376,15.04226838176589,3.2271626740513697,6.880756549074399
2026-03-02,房地产,-0.017565402584680343,1894.0964571480833,14.98217340060548,3.2711217024708485,4.447983495273084
2026-03-03,房地产,-0.0009211625222524958,1892.3516864782273,15.131622583756837,3.2694991211854294,3.5298264534703043
2026-03-04,房地产,-0.003896835286103678,1884.9775036526412,15.25926467850421,3.2557368223652343,6.3371287107240795
2026-03-05,房地产,-0.029264387833534196,1829.8147909282632,15.229553794025882,3.2479272683143248,7.660113779641644
2026-03-06,房地产,0.004129255240119698,1837.3705632421522,15.07663594614906,3.23880199055139,5.5132167400377305
2026-03-09,房地产,0.0404701135709611,1911.7291586085028,15.112292128497911,3.199505151287238,3.60521278672828
2026-03-10,房地产,-0.0131848808528267,1886.523237429375,15.160903930253127,3.1664472087602245,2.9505014418052546
2026-03-11,房地产,0.004562792002650606,1895.131050569932,15.087176422823658,3.1527903801317017,6.779976660924669
2026-03-12,房地产,0.005905721723244667,1906.3231671836786,15.064142369678567,3.1544927275633503,2.001007858660085
2026-03-13,房地产,0.006876297070301023,1919.4316115932309,15.210922450244837,3.141541733965995,3.571735100879493
2026-03-16,房地产,0.0019425962611482454,1923.1602922654417,15.108108971419568,3.1516338892457294,2.2258619809124727
2026-03-17,房地产,0.007224733774087074,1937.0546133819553,14.974880572075016,3.1688130550367046,2.5274527418652055
2026-03-18,房地产,-0.005209718680992877,1926.963103776516,15.039442575559235,3.176321489244186,5.391302545634746
2026-03-19,房地产,0.005828254357357438,1938.1939348825683,14.962764549444048,3.1879693575391808,4.208265162113028
2026-03-20,房地产,-0.010518205127063054,1917.807613499444,14.931437898971522,3.209115281402935,1.2804138333548614
2026-03-23,房地产,-0.0002099790115914005,1917.404914152339,14.819570804754228,3.1919714287687526,2.6670265756598743
2026-03-24,房地产,-0.0008436731338183925,1915.7872511396172,14.925084674303243,3.232599334101982,2.0814454280344807
2026-03-25,房地产,-0.0028865289704450145,1910.2572757379933,14.597030734937384,3.2196759146247147,5.178374833826593
2026-03-26,房地产,0.017774934676708255,1944.2119740299427,14.554368173859778,3.2042377877107087,4.574065302216919
2026-03-27,房地产,-0.016450053578288902,1912.2295828895992,14.643814339177172,3.2097592406877,4.568978066853203
2026-03-30,房地产,-0.009562490884449448,1893.9439049342427,14.644030593782622,3.2112058480251497,4.067250292738412
2026-03-31,房地产,-0.007482185985221998,1879.7730643919472,14.610355471636977,3.2185872260901545,1.1748016348193473
2026-04-01,房地产,-0.023096980800532442,1836.3559820143282,14.575115602398565,3.225003252408494,2.9673482511682243
2026-04-02,房地产,-0.013202398508314124,1812.1116785366485,14.526586949884372,3.1958474340576757,6.610120433560676
2026-04-03,房地产,0.02163675527826546,1851.3198954620327,14.45512190180732,3.204156998804779,2.6585332743465404
2026-04-06,房地产,-0.0064936401132962675,1839.2980903263172,14.534394685238077,3.2515428622548512,7.504013020481811
2026-04-07,房地产,-0.009399877251661736,1822.008914048034,14.515067255926528,3.291442022936831,2.640979200080603
2026-04-08,房地产,0.0022676675732117516,1826.1406245805238,14.492458901145083,3.289751849628746,7.730446272018785
2026-04-09,房地产,0.007781064101464956,1840.3499418386743,14.51516513469138,3.30804341456632,5.749499778048465
2026-04-10,房地产,-0.021733371095347634,1800.352933607393,14.616092514192722,3.2959878583332167,7.630130240301735
2026-04-13,房地产,0.005170124701690108,1809.660982781197,14.678462403703422,3.2706038201795953,7.743522243122266
2026-04-14,房地产,-0.014514807974933777,1783.394101116398,14.78133456296769,3.3091359988834164,7.930761922608061
2026-04-15,房地产,-0.016124792305435807,1754.6372416371566,14.630048136334164,3.3062612076145346,2.8273396836439364
2026-04-16,房地产,-0.011790226800640093,1733.949670605405,14.746687132662391,3.2939223630075456,7.54839159469247
2026-04-17,房地产,-0.006826507724205502,1722.1128497856337,14.610463755835694,3.2650570387604994,7.776534670155135
2026-04-20,房地产,0.004675877698494567,1730.1652388542373,14.62042335243994,3.1869272023150663,2.726610310637845
2026-04-21,房地产,0.031334563132487565,1784.3792107607508,14.576881101858179,3.2079545226680874,5.045237788858619
2026-04-22,房地产,0.012440102731616349,1806.577071454775,14.466223155460959,3.252798216056063,3.816843815095182
2026-04-23,房地产,-0.003852399885739955,1799.6174141511224,14.534958168886178,3.224058799789808,2.3342688315211486
2026-04-24,房地产,0.014059556878766059,1824.919237545398,14.473448818014308,3.196807568064797,4.009703338458753
2026-04-27,房地产,0.003639711926519705,1831.561417859227,14.671754485886586,3.1952049566801723,3.0995944884391586
2026-04-28,房地产,-0.027559474625422787,1781.0845474388325,14.511149827413776,3.246002989664443,2.150838703552151
2026-04-29,房地产,0.0020426515781029695,1784.7226826003932,14.394054831842173,3.2388016396748824,6.131000750558362
2026-04-30,房地产,0.010927436011410269,1804.2251255126214,14.456637807654594,3.243978810557701,6.746867121093986
2026-05-01,房地产,0.028841279784402405,1856.2612871515794,14.550304020354929,3.2383541012760895,3.287562941004442
2026-05-04,房地产,0.013089706866844587,1880.559203268665,14.536020402036279,3.240773083765567,5.038001667928902
2026-05-05,房地产,-0.01522144611732895,1851.9343726856641,14.52472670481838,3.244633753891202,6.172066739931228
2026-05-06,房地产,-0.009991613843975695,1833.4305595694036,14.533097230600934,3.2391254307982438,4.726043131660181
2026-05-07,房地产,-0.025964960789173864,1785.8256069805109,14.60079175543625,3.2374158302197262,3.4326315671962826
2026-05-08,房地产,0.006959833330019821,1798.2546555615768,14.552480009337167,3.2863056694547943,2.58565138225274
2026-05-11,房地产,-0.02104650442294291,1760.4076809997225,14.628524646808822,3.237259657916421,6.764865586282733
2025-05-12,医药生物,0.015629815691838345,4349.723777686092,22.136175819738867,1.9146444565202416,3.297256379583284
2025-05-13,医药生物,-0.022590191132152635,4251.462686176094,21.6346310655898,1.9077339860621392,3.6669389156787995
2025-05-14,医药生物,0.008476111998663806,4287.498560062263,21.718477654199297,1.9147798779072611,3.6922775318513774
2025-05-15,医药生物,-0.02784612549543131,4168.108337097288,21.650973016007264,1.9176968365688716,4.721005068807118
2025-05-16,医药生物,0.0069382808192755135,4197.027843225233,21.646325531814345,1.909813743048661,3.854236735019126
2025-05-19,医药生物,0.00700263068831701,4226.418079199922,21.476221080346857,1.9107149340647798,6.003272935107621
2025-05-20,医药生物,0.0069030875120404695,4255.593413063109,21.45306097380036,1.8999146472663913,1.814509396151471
2025-05-21,医药生物,0.009353242543838338,4295.3970104234495,21.480001377823505,1.890999772465397,3.4826634348955796
2025-05-22,医药生物,0.003563246064361895,4310.702566915713,21.10447994348985,1.9083037323805851,6.835508073326206
2025-05-23,医药生物,0.006582348998603453,4339.077115640328,21.306618132989655,1.8873631720923196,1.7411202274919053
2025-05-26,医药生物,-0.010441615036413198,4293.770142785502,21.124355039365383,1.8603822475814524,5.730760475728515
2025-05-27,医药生物,-0.008133201692302998,4258.848044193838,21.15889573112325,1.842490586483449,2.0976889372176397
2025-05-28,医药生物,-0.0057352106763439575,4234.4226534218515,20.95579407709467,1.8381827666170014,7.1553115097493185
2025-05-29,医药生物,-0.022517054637711503,4139.075927175589,21.009708006002,1.8639898684479468,7.706826062436036
2025-05-30,医药生物,0.0004760244617515719,4141.046228565971,21.069131504977605,1.8601734526561178,7.5401287991724315
2025-06-02,医药生物,0.0035789617587132427,4155.866874659073,21.185892039569985,1.8412840535175339,6.266785176126516
2025-06-03,医药生物,0.025737719871944082,4262.82941210414,21.52314687763495,1.8464535322212614,3.999205326941568
2025-06-04,医药生物,0.011827332410521746,4313.247312570445,21.61837218161111,1.8499104544641936,4.78207572253215
2025-06-05,医药生物,-0.00352792927111674,4298.030481122862,21.578226117589956,1.8671459220322004,3.6532833976812453
2025-06-06,医药生物,-0.0025876862828912092,4286.908526603412,21.63173994282971,1.8663006503019333,4.598668097858818
2025-06-09,医药生物,0.018484561846904946,4366.150152395437,21.74819540199716,1.8399545183579022,3.2764783739334793
2025-06-10,医药生物,-0.0012168807166300412,4360.837068469075,21.82120147931082,1.8272384755045459,5.697652099601832
2025-06-11,医药生物,0.019391973974866264,4445.402307409459,22.05628909025596,1.820304537567536,2.8614991544248314
2025-06-12,医药生物,0.024942213414858812,4556.2804804757725,22.245198658367812,1.8096797480762488,7.569708484311913
2025-06-13,医药生物,0.0056212597590965425,4581.892516591828,22.324124929405656,1.7930036449719609,2.558732553861595
2025-06-16,医药生物,0.006959051192938082,4613.77814117533,21.990188820935575,1.7763389836375256,2.196554816945938
2025-06-17,医药生物,-0.004047083451156507,4595.105796012872,22.25338538580319,1.7695748467560373,7.28575252793452
2025-06-18,医药生物,-0.0027140369796777894,4582.634508956961,22.118834029608482,1.7844209727762015,2.1411337967042035
2025-06-19,医药生物,0.025031106696324426,4697.342922300922,22.05271427367021,1.7771794868245745,7.078866667628539
2025-06-20,医药生物,-0.0018909580099485124,4688.4604440765215,22.18320515060304,1.7500333390504819,1.2005669930435816
2025-06-23,医药生物,0.019974534872790037,4782.110260716425,22.150832199212125,1.7504684108750779,6.511603707044911
2025-06-24,医药生物,-0.0011385123133217337,4776.6657693009365,22.144174430791672,1.726225105318709,7.816602893500047
2025-06-25,医药生物,0.022624073411798538,4884.733406329226,21.83702120498055,1.7309335940674013,5.9660720524378235
2025-06-26,医药生物,0.0073020784855284265,4920.402113043125,21.790265331562303,1.7426592259177751,1.3540117267696021
2025-06-27,医药生物,-0.03170841130527243,4764.383979055421,22.001237547497052,1.7389087925855005,6.6395416375433935
2025-06-30,医药生物,-0.010414388422330391,4714.7658337044095,21.8758878966102,1.737369296726148,3.362179952749603
2025-07-01,医药生物,-0.013249633409728121,4652.296914795115,21.994430624307114,1.7265971318892055,1.359056942868509
2025-07-02,医药生物,-0.04340482328982462,4450.364789316637,21.928478642540487,1.7122519576299218,4.70958410851163
2025-07-03,医药生物,-0.024269137231914182,4342.358275512633,21.97271581341448,1.6960051627231356,6.638026305099904
2025-07-04,医药生物,-0.008897550823236094,4303.721922063559,22.052855439963515,1.689776206432835,3.5275230843872603
2025-07-07,医药生物,-0.010219005537447168,4259.742163910359,22.35243781905956,1.6780819895168457,1.3967630251608478
2025-07-08,医药生物,-0.0012493550502233456,4254.420233525228,22.278054819925732,1.6653856740679516,5.490531368793762
2025-07-09,医药生物,0.009323692875274528,4294.08714114497,22.371336602957886,1.6610478459058677,7.269829609866315
2025-07-10,医药生物,-0.01483325528390087,4230.39185036905,22.236672747223874,1.6415566428556374,5.706686903041925
2025-07-11,医药生物,-0.00732103220328455,4199.421015399986,22.328557753795405,1.6543344743953732,6.770453130745446
2025-07-14,医药生物,-0.01635504742795554,4130.739285523166,22.269469383397556,1.644008791865835,5.698895776603927
2025-07-15,医药生物,0.020158623560585603,4214.009303806949,22.202358033873956,1.641295325057497,7.948072568414344
2025-07-16,医药生物,0.013594308051631539,4271.295844415343,22.52733309615003,1.635915991543725,4.27376848739414
2025-07-17,医药生物,0.010884832393702432,4317.788183785722,22.290499484948132,1.659036791275568,3.9924051786318757
2025-07-18,医药生物,0.01089068043291997,4364.811835072371,21.954688615005654,1.6540952632202328,7.54103127127409
2025-07-21,医药生物,0.00675969780558441,4394.316644055698,22.11768813944262,1.6612783816568606,4.893334848410081
2025-07-22,医药生物,-0.014084745711081953,4332.4238115501985,21.997899600687862,1.6510095621943692,7.058936682205424
2025-07-23,医药生物,0.012652877177939153,4387.241437920522,21.918160581549284,1.66282713881999,5.7353862466442305
2025-07-24,医药生物,0.025208361673267052,4497.836606835566,22.18525329126694,1.6726128365874555,4.003436585118662
2025-07-25,医药生物,0.0269269836315659,4618.9497795252855,22.348176053562362,1.6623649372457885,2.5839070100223034
2025-07-28,医药生物,-0.015552111094032183,4547.1153594163525,22.48360513321927,1.680591587093854,2.5309972223457744
2025-07-29,医药生物,0.01062804350125999,4595.442299261477,22.676584028276213,1.6849669986786115,1.3149777486479706
2025-07-30,医药生物,-0.012502764491880468,4537.986566457786,22.903280733150474,1.6954724174948799,3.3238005331509184
2025-07-31,医药生物,-0.00038529279066316176,4536.238112949603,22.84524105196879,1.6951661752839247,1.5711910400338684
2025-08-01,医药生物,-0.015862786280266584,4464.280737247484,23.19457569034512,1.6778014955005867,3.0715242060563126
2025-08-04,医药生物,0.0030421973183162097,4477.861960134548,23.23523310952156,1.6788369645975851,1.3529174152154644
2025-08-05,医药生物,0.0029706571217162493,4491.1641526564845,23.409574598730376,1.6790048391867876,1.4857586013292838
2025-08-06,医药生物,0.043226045835001524,4685.299420171729,23.446337821866784,1.6682885740329625,3.3867100000489083
2025-08-07,医药生物,-0.0023920260609469656,4674.092061855338,23.591127427641254,1.6741783954635134,3.053473950087069
2025-08-08,医药生物,-0.010797342956649948,4623.624286852531,23.95000684123003,1.6774573659160346,7.3018487784144925
2025-08-11,医药生物,0.009779902529646535,4668.8428817116555,24.152742370227376,1.682390698786568,3.0707686824757525
2025-08-12,医药生物,0.002421341296974143,4680.147743790229,24.278847974478595,1.6670784204263511,5.435981198358704
2025-08-13,医药生物,-0.0033716565446808107,4664.367893019805,24.28778312413436,1.6550139155994745,5.655391923046418
2025-08-14,医药生物,0.01779135267901167,4747.353307229178,23.905007573609087,1.6643974297348136,1.9420338697287542
2025-08-15,医药生物,0.0036716888378835848,4764.784111376822,24.028642271973837,1.6615257764419236,6.102574400736101
2025-08-18,医药生物,-0.012894416356805506,4703.345001194437,23.956065265758085,1.6652040352570365,1.0002150319176768
2025-08-19,医药生物,-0.013544111508455872,4639.642372035521,24.21583387541637,1.6807929921578906,7.703421523908116
2025-08-20,医药生物,0.0022144474587168935,4649.91661629563,24.333698684172507,1.7179853053770995,1.5953946984246876
2025-08-21,医药生物,-0.032085753169137705,4500.720539488096,24.504317944874188,1.696524326092291,2.6820938641525673
2025-08-22,医药生物,0.022751297426434985,4603.117771115254,24.448862375738223,1.6881221504353154,1.676513840014266
2025-08-25,医药生物,0.021477970177220546,4701.983397325502,23.96226964405185,1.7053675388640726,3.2885871703567267
2025-08-26,医药生物,0.005270352216525622,4726.764505945663,23.805515094279375,1.6830940370532284,5.707550838715544
2025-08-27,医药生物,-0.01710025765893939,4645.9356150008625,24.022109962321032,1.6876525676716607,1.8982810353213515
2025-08-28,医药生物,-0.013868883648045982,4581.501674520103,24.354969790620267,1.6971423298490107,5.904280474761162
2025-08-29,医药生物,0.008180092982329147,4618.978784216374,24.425435744389187,1.7210542251893293,5.334209147560857
2025-09-01,医药生物,0.00019529491082337933,4619.880847266133,24.3356382793192,1.6971231501406066,5.319741611000594
2025-09-02,医药生物,-0.0052219415004097864,4595.756099742845,24.41671412048794,1.6963912848033869,5.098946101553113
2025-09-03,医药生物,-0.014534553705659717,4528.95883589302,24.250035217281177,1.697548688246821,1.3991883980253355
2025-09-04,医药生物,0.00314197188535861,4543.188697225342,24.074645714361775,1.676513200987216,5.464418992919141
2025-09-05,医药生物,0.0040696397183177125,4561.677838395383,24.454228586910776,1.6762520847391456,2.7661834894878097
2025-09-08,医药生物,0.013906574320783785,4625.115150282501,24.15183155061212,1.6975718519517449,3.5537572914545907
2025-09-09,医药生物,0.00881106831341002,4665.8673558290275,24.05152274894508,1.726960315994702,2.329552955202926
2025-09-10,医药生物,0.007741766403427912,4701.989410967235,24.397164454528614,1.7367152781076571,1.1465388247871329
2025-09-11,医药生物,-0.0034402191521804995,4685.813536942275,24.32413295269683,1.734553891560253,6.36569121355139
2025-09-12,医药生物,-0.015195538114988381,4614.61007874194,24.56348253239854,1.7211672231566915,6.29377653995704
2025-09-15,医药生物,0.024627028321584823,4728.254211844189,24.120111685511233,1.7049408799610042,7.543109408418107
2025-09-16,医药生物,-0.0075909455773919,4692.362291446006,24.054329796902767,1.7107829170682058,3.6448744960903063
2025-09-17,医药生物,0.0013573474432657512,4698.731457405177,24.019424962448888,1.704017053418735,4.541521580236909
2025-09-18,医药生物,0.00707252172183048,4731.963337702723,23.831166238919256,1.6882946687521512,1.806023248766408
2025-09-19,医药生物,-0.025110165206660654,4613.142956541146,23.79049505563082,1.7012601866375874,3.710920879973889
2025-09-22,医药生物,-0.010435314364457356,4565.0033595814575,24.162247070460353,1.6941029213930883,6.696063406055592
2025-09-23,医药生物,0.00286625159402047,4578.087807737567,24.19559614850243,1.7010265572518704,7.681961502011675
2025-09-24,医药生物,-0.0009616519108899046,4573.685280849035,23.964229387039463,1.7207710875900408,3.8102324536233025
2025-09-25,医药生物,0.027307949654568276,4698.5832482343,23.804460146014925,1.7157933981895832,3.7421971539359475
2025-09-26,医药生物,0.007789483301837978,4735.182783988716,23.665771133073818,1.745511709452406,7.103391428963539
2025-09-29,医药生物,0.018058228915153938,4820.69179865708,23.316265889908856,1.7583545326840566,6.621083170684244
2025-09-30,医药生物,-0.01204325866812947,4762.634960366522,23.330841925378074,1.7704750269643388,3.774188378487544
2025-10-01,医药生物,0.002285905979801265,4773.521896102035,23.186986369330782,1.7642387512361264,2.060118653547501
2025-10-02,医药生物,0.02978813265184712,4915.716199559619,22.929891301103083,1.771374592297366,6.799070696572936
2025-10-03,医药生物,0.022536696624924343,5026.50020424332,22.921478551564977,1.7595946568709782,5.410651888031644
2025-10-06,医药生物,0.007571441790802996,5064.558057951208,23.025956550021462,1.7623464057538345,1.8704208900160926
2025-10-07,医药生物,-0.0012826780185895906,5058.061860656403,23.12903492685929,1.7508766274564165,1.2819986314459892
2025-10-08,医药生物,0.006739630842500688,5092.151330375759,22.660487661671702,1.7604303836840307,5.7057548110593626
2025-10-09,医药生物,0.0020926685549295075,5102.8075153417785,22.910507636178014,1.7592561041667072,7.653729746680862
2025-10-10,医药生物,-0.009924010281858284,5052.1672010931825,22.83663023197454,1.7872853225961236,3.6666629151643253
2025-10-13,医药生物,-0.012280919572747849,4990.121942028482,22.86068077834881,1.7788555215393955,7.316822932774723
2025-10-14,医药生物,-0.01918938020728394,4894.364594802188,22.763354893213428,1.7702123552429878,6.743413091361924
2025-10-15,医药生物,-0.0009583156783456835,4889.674248475449,22.82269274086263,1.7873246131317848,3.4717202225687265
2025-10-16,医药生物,0.003988532689949352,4909.176874058697,23.075482736959536,1.7936760259596136,6.490838312489581
2025-10-17,医药生物,0.01671984436603643,4991.257547358303,22.79459008356128,1.8187406960061647,7.705621019482963
2025-10-20,医药生物,0.034286520806703226,5162.390403107417,22.95671197773279,1.8270886346268624,5.001253546380607
2025-10-21,医药生物,-0.01894456624807504,5064.591156117322,23.213900575675122,1.8351895758877363,4.663809596454057
2025-10-22,医药生物,0.01063103711825448,5118.433012686788,23.002002510863928,1.8335524571901987,2.143567308788941
2025-10-23,医药生物,-0.011874497212788411,5057.6541941437945,22.90683253812566,1.8255117230387075,3.7069493993078453
2025-10-24,医药生物,-0.0017148202227728517,5048.981226451885,22.804098576070814,1.7827297796335912,3.679488702821284
2025-10-27,医药生物,0.030994580367524942,5205.4722808492725,22.768019017744717,1.785426853213612,4.539877206469618
2025-10-28,医药生物,0.025635843167162976,5338.918951852139,23.11359905842269,1.787664974734744,7.718537142833951
2025-10-29,医药生物,0.015552959662780171,5421.954942953148,23.502586711655944,1.7961942399467126,1.3190961056406816
2025-10-30,医药生物,-0.006618215781151663,5386.071275185002,23.461475370754307,1.79488086907686,1.8629864550926278
2025-10-31,医药生物,-0.0010131774679819196,5380.61422912804,23.15411035125082,1.796598214864042,3.506978015704011
2025-11-03,医药生物,0.014867233245293005,5460.60907587543,22.764075298033664,1.8131785216759426,3.8755216699972825
2025-11-04,医药生物,0.02099524095894265,5575.255879206024,22.283134549017802,1.8084869169197142,1.1680353139142219
2025-11-05,医药生物,-0.0149589732989337,5491.855775374258,22.191289102686937,1.8306256208995362,3.2075462028628223
2025-11-06,医药生物,0.010173907434526114,5547.729407676684,21.943841841458518,1.8223346649073067,1.6787596967579732
2025-11-07,医药生物,0.007642987810449744,5590.13063591523,21.849866599253122,1.8297916521654451,4.325629110067377
2025-11-10,医药生物,0.029227310600903434,5753.51512031075,21.692986031819853,1.8105834878174605,6.476980685489515
2025-11-11,医药生物,0.0008783406349997384,5758.568666435004,21.70187111478277,1.8033153104258415,3.8677100850476336
2025-11-12,医药生物,-0.020386983218261514,5641.168823671187,21.59814947581238,1.8188656841049682,6.116092420433123
2025-11-13,医药生物,0.025880604260268385,5787.1656815619845,21.29618375926312,1.8251919909121572,7.064962284777901
2025-11-14,医药生物,0.007331460237899351,5829.5940566464915,21.323394784060127,1.8198442996083553,1.9799116370523402
2025-11-17,医药生物,0.01939278004640238,5942.646091946852,20.94523395784982,1.8271636377849143,7.975684161590334
2025-11-18,医药生物,-0.03719906230495116,5721.585229716246,21.011998838638288,1.815054696128654,3.7720067646993067
2025-11-19,医药生物,-0.008526730500880809,5672.798814424636,20.81467432304739,1.8121805536923765,3.9287267336483347
2025-11-20,医药生物,0.031218595072453278,5849.895623539652,21.004953735890666,1.7870630929775695,5.029154000480574
2025-11-21,医药生物,-0.0013514683643542588,5841.989674669663,20.796743778347448,1.8170263295434896,2.4707503503864627
2025-11-24,医药生物,0.02411663587623795,5982.878812446413,20.997170223666433,1.8079542992032496,4.947250447387816
2025-11-25,医药生物,0.013391255617061048,6062.997071949781,20.816195432599596,1.8278634406004561,6.145176303328764
2025-11-26,医药生物,0.004896982100197329,6092.687460084668,20.772540516227906,1.8635653328174069,1.9322748796726639
2025-11-27,医药生物,-0.007771818270388226,6045.336200366617,20.511993128730676,1.8687342663758582,3.0172916817167064
2025-11-28,医药生物,0.03787334827376635,6274.293323715109,20.511708172302686,1.8653273697357067,2.9993819199357015
2025-12-01,医药生物,0.009808144026121603,6335.83249629624,20.531904525540636,1.8636392029145665,1.6399539427199672
2025-12-02,医药生物,-0.019288245451687364,6213.6254039669,20.67194785059769,1.8952549939680474,3.8515586694898265
2025-12-03,医药生物,0.014575787297630637,6304.193886202276,20.6804913147527,1.8987282335425557,7.234609188232897
2025-12-04,医药生物,0.016314770190733418,6407.0453606934925,20.88780727051973,1.9046776419914973,4.007713543486036
2025-12-05,医药生物,0.005011785888990258,6439.156100222336,20.9202338273078,1.8853251863144318,2.8815833052113873
2025-12-08,医药生物,0.004504337814525631,6468.160234538201,20.81490428262658,1.874025065731409,3.1449081454572547
2025-12-09,医药生物,0.03207157104525442,6675.604295032282,21.03659784377066,1.9028156004068837,1.5710244792795613
2025-12-10,医药生物,-0.01814342529333346,6554.485967217507,20.785985249179976,1.904248409407894,2.9829908244480414
2025-12-11,医药生物,0.01879376009662342,6677.669404042078,20.720097055225494,1.9205240865825428,7.529270573422193
2025-12-12,医药生物,0.009261813343827769,6739.516731634106,20.702301841761994,1.9358793531813185,4.952134472534245
2025-12-15,医药生物,0.01908849859680198,6868.163987309027,20.892173561304137,1.9208046012184372,7.158266816060405
2025-12-16,医药生物,0.015307000047097395,6973.294973786239,20.84593736456971,1.9277331950437004,2.544557417352239
2025-12-17,医药生物,0.030947181436788887,7189.098798552251,20.846051236579463,1.9397950987780346,6.32003881473469
2025-12-18,医药生物,-0.011663490725013296,7105.248811394133,20.711511425565288,1.9135274547655563,2.467831942011406
2025-12-19,医药生物,0.0007104111660834807,7110.2964594875475,20.729964984889328,1.9107858554228159,6.4732363909782284
2025-12-22,医药生物,0.006137296716438845,7153.934458601267,20.856022803482652,1.9269039014213385,7.7594728268676025
2025-12-23,医药生物,-0.014587057130017398,7049.57960794925,20.808612041865622,1.9453214471799305,5.025424014211703
2025-12-24,医药生物,0.013619707813608084,7145.592822418288,20.812308306343226,1.9225856982528977,3.185328155983906
2025-12-25,医药生物,0.028666505251189654,7350.4319965850045,20.65448562255811,1.9097532378130184,3.837277524528673
2025-12-26,医药生物,0.011660446723592892,7436.141317276576,20.516795392683154,1.9000016257981256,6.483710539970868
2025-12-29,医药生物,-0.003339549808164574,7411.30795296698,20.638941840304692,1.906409131750672,6.922869473711621
2025-12-30,医药生物,0.004202275944431027,7442.452314094505,20.389922629022575,1.88876373710867,1.4370192909444623
2025-12-31,医药生物,-0.014649366888280207,7333.425099596804,20.38421220934694,1.8765094249327823,6.661784264441788
2026-01-01,医药生物,-0.0165106967524299,7212.3451416207035,20.32267764157078,1.8872773401359342,7.010886848712017
2026-01-02,医药生物,0.006320792702551334,7257.9328801601405,20.4122270936274,1.8939926323679865,7.6151684520639815
2026-01-05,医药生物,-0.01218480524203213,7169.4963815556475,20.226982641003445,1.9126260989337516,4.504055222015819
2026-01-06,医药生物,0.002607344359602201,7188.189727507285,20.585005256416,1.9071171349172267,6.616772213875428
2026-01-07,医药生物,-0.010721156467829816,7111.124020718233,20.563778133355033,1.912314473642283,5.6361961711150395
2026-01-08,医药生物,0.011170703788624886,7190.560280757851,20.660908599535937,1.910139842602527,7.009545181860881
2026-01-09,医药生物,0.005280309768825349,7228.528666451664,20.72734068591409,1.8991074352742103,6.1938441065979015
2026-01-12,医药生物,-0.01694528968110593,7106.039154230462,20.86333827113987,1.898124630387852,1.3754435406458159
2026-01-13,医药生物,0.001293111470232731,7115.228054968721,20.829334847241153,1.9255565737050722,6.943686139710732
2026-01-14,医药生物,-0.01659319192574753,6997.163710257162,20.763759126102112,1.9283092679981984,2.324370546732484
2026-01-15,医药生物,0.018638221764455756,7127.578399211137,20.778891897705222,1.9561777283976791,5.230190875682239
2026-01-16,医药生物,0.01933086106998522,7265.360627011715,20.75367223518824,1.9645244922035017,1.737809641775236
2026-01-19,医药生物,0.01279202756777607,7358.299320442283,20.83221258650907,1.979255711579445,5.879169162030097
2026-01-20,医药生物,0.013282955001094669,7456.039279200303,20.779700956369677,1.970202658626529,3.8544462408431386
2026-01-21,医药生物,0.0051891126548629625,7494.729506979156,20.791790524446508,1.9731547401482141,5.419631843503637
2026-01-22,医药生物,-0.013544813786101294,7393.214791429925,20.652581884775273,1.9709388864451929,6.4285370770329955
2026-01-23,医药生物,0.004814190022837945,7428.807132315525,20.483629663329946,1.9661619395750125,1.0750070838675128
2026-01-26,医药生物,0.006561002922776767,7477.547557623392,20.490093813149745,1.943576094338984,3.4086413249460947
2026-01-27,医药生物,-0.019537237246412608,7331.456936968771,20.043856002774028,1.9582313613298274,7.159402387089101
2026-01-28,医药生物,0.04884639454392099,7689.572175093714,20.413932330724517,1.9553888072667507,5.642023742826462
2026-01-29,医药生物,-0.0013950550379697242,7678.844798691017,20.160239771055977,1.9826996654236029,3.955345637164746
2026-01-30,医药生物,-0.009130522083315721,7608.732936682214,20.254224806259103,1.9905808742368607,3.9327884164566704
2026-02-02,医药生物,0.01624657182475775,7732.3487628334215,19.985999098568872,1.9860343286471438,6.264800328878824
2026-02-03,医药生物,-0.03007731796582957,7499.780450470992,20.009193049736705,1.998636521810749,3.4151178794719628
2026-02-04,医药生物,-0.0016308569818191587,7487.5493811612305,19.78363230937518,1.9921028045393947,1.0015892675277889
2026-02-05,医药生物,-0.010520210154856477,7408.7787881265485,19.866134789143654,1.9972293383348847,4.013750746391259
2026-02-06,医药生物,0.0027208970895023035,7428.937312767928,19.871522609518806,1.9805828704642767,3.441823352210411
2026-02-09,医药生物,0.021632865617203508,7589.646515333666,19.63717660958846,1.9712990439594438,1.2491316156453347
2026-02-10,医药生物,0.005136601680651943,7628.631506379883,19.62044763863808,1.9641425584221643,6.61681249115927
2026-02-11,医药生物,-0.010183754938988444,7550.943392599063,19.31139841127586,1.9657678962776652,7.03011980214927
2026-02-12,医药生物,0.030831140602156158,7783.747590015208,19.278580013679203,1.9894233854481405,7.9218837891256415
2026-02-13,医药生物,0.005031234661504781,7822.909450686496,19.276869308994122,1.9764839470091027,4.768764855008704
2026-02-16,医药生物,0.01254919873516558,7921.080696070366,19.321346621162572,1.9675867329817733,3.4190571010956914
2026-02-17,医药生物,0.01017054117999665,8001.642373479825,19.235881219939877,1.9833561513087814,1.0041855718435673
2026-02-18,医药生物,-0.007263562575778108,7943.521943391057,19.072177774353126,1.9708237610941108,2.634971527480277
2026-02-19,医药生物,-0.026366028296321366,7734.082819059158,19.14412449521295,1.9419528504042307,7.131334474999262
2026-02-20,医药生物,-0.01822665746898644,7593.116340679394,19.1416866295616,1.9561836412163744,3.311091652209231
2026-02-23,医药生物,-0.002054806904078081,7577.513952799098,19.09165849727458,1.9398678537682812,2.150007902906865
2026-02-24,医药生物,-0.0173835063015496,7445.790191250535,19.03288741783691,1.9443471196170155,5.444346614072139
2026-02-25,医药生物,0.002915941141566235,7467.501677200673,19.23132857110392,1.953464797901909,2.1816700404919493
2026-02-26,医药生物,-0.005986207273247206,7422.799664347629,19.472853509091628,1.9545374383653926,7.543568622449484
2026-02-27,医药生物,-0.0022650280882808675,7405.9868146142,19.50589401144895,1.9390049842209216,3.6393775170118916
2026-03-02,医药生物,-0.015038182404849674,7294.61423400812,19.651445995162916,1.9043622741258348,2.11915834356509
2026-03-03,医药生物,-0.01319181273237826,7198.385049078144,19.73219213041229,1.9048911345539776,6.575083930664341
2026-03-04,医药生物,-0.029327563201570806,6987.273956602063,19.85695933770747,1.9247100312194885,2.090412824061191
2026-03-05,医药生物,-0.012647473561137983,6898.90259397151,19.872474831304192,1.90523968907287,1.2786800761202768
2026-03-06,医药生物,-0.026696596788018653,6714.725373140437,19.851146794336543,1.9115210229113209,1.3017007626382684
2026-03-09,医药生物,-0.005765195404219061,6676.0136692786145,19.663111878974494,1.9054056991968713,7.868803041738937
2026-03-10,医药生物,0.004239421288711009,6704.316103751879,19.869933181429875,1.8967854717446306,3.3981375796779227
2026-03-11,医药生物,-0.01744260004832171,6587.375399356613,19.947435505630125,1.9147198225791173,1.4832585583796245
2026-03-12,医药生物,0.007413621391233431,6636.211706529369,19.748057663757535,1.897748005829669,5.449517253668293
2026-03-13,医药生物,-0.014351863905694652,6540.969699267882,19.685249714336695,1.9165380454314769,3.674864461219812
2026-03-16,医药生物,0.00589651454061344,6579.538622209327,19.64145094234441,1.9113681742751172,2.662383136185688
2026-03-17,医药生物,0.014883343378351687,6677.464154794795,19.425906739312992,1.9359679544913875,3.537513891720592
2026-03-18,医药生物,0.012623445352769342,6761.756758647924,19.350162888540353,1.9442329578354896,4.283285232627078
2026-03-19,医药生物,-0.007669936106002045,6709.894516344766,19.426581302241257,1.9643917459966782,1.1774402298475692
2026-03-20,医药生物,-0.016407352252036777,6599.802913441087,19.25408058999855,1.9824179692189288,1.3901859751120922
2026-03-23,医药生物,-0.020736838032887277,6462.943869376082,19.34516767765976,1.9709359576734302,2.0301427576646174
2026-03-24,医药生物,-0.002730855267655359,6445.294505065835,19.262188953920276,1.9667727455190431,7.375783852804206
2026-03-25,医药生物,9.432521779167952e-05,6445.902458873757,19.22896405437906,1.9609218659344663,7.482416918727859
2026-03-26,医药生物,-0.010726924325205141,6376.757750989764,19.33091230314744,1.948259958402513,4.826740854281182
2026-03-27,医药生物,0.0022983084925869107,6391.413507484033,19.48495929399556,1.926591848721955,2.163605534361611
2026-03-30,医药生物,0.0025664215894065424,6407.816569096465,19.446575152214454,1.935773249517583,3.6045757847402715
2026-03-31,医药生物,-0.010890571111885544,6338.031787078802,19.63200203205884,1.950485371339639,1.3472413584463792
2026-04-01,医药生物,0.0038450708308159953,6362.401968228083,19.59425703649367,1.9244289516922777,2.588849776300647
2026-04-02,医药生物,0.004725500133526033,6392.467499578491,19.62177305250631,1.8960429536683192,7.730855124962964
2026-04-03,医药生物,-0.013154767720298076,6308.376074461981,19.531374490370744,1.8520563683205034,3.4615491063933375
2026-04-06,医药生物,0.002345731548184285,6323.173831237657,19.664127209724494,1.862322058730312,3.3929432934208075
2026-04-07,医药生物,0.008938569782132078,6379.693961772727,19.845214850313425,1.859058796494853,3.5427874617306716
2026-04-08,医药生物,0.02110181791286647,6514.317102093868,19.9580228470878,1.8654441551614445,3.765373364997572
2026-04-09,医药生物,0.005894594725789482,6552.716361325991,19.938156260228922,1.8569522450247788,5.716293608488629
2026-04-10,医药生物,0.02442168186064777,6712.744715625356,19.886791078913276,1.8766423580696752,2.304938633977822
2026-04-13,医药生物,-0.020902225142463073,6572.433414255475,19.934055371175685,1.9009820623459583,2.428450719826204
2026-04-14,医药生物,0.015342076828939531,6673.268192650073,19.799310495797094,1.8781852427299446,7.7708983325920835
2026-04-15,医药生物,-0.0011776714650243267,6665.409275121134,19.659264669621905,1.8392930353648032,7.2856865132951345
2026-04-16,医药生物,0.028032549721913942,6852.257692042874,19.69453099114946,1.8341955964866892,1.8641490606724858
2026-04-17,医药生物,-0.02397351038654242,6687.985021091419,19.813120792628588,1.8167712459998977,6.873697891597281
2026-04-20,医药生物,-0.01749053682448926,6571.008572798387,19.840423968348762,1.8265313941886174,6.118754125431625
2026-04-21,医药生物,0.02312047039081749,6722.93338194358,19.545127351632242,1.8391599389449302,5.53925189830166
2026-04-22,医药生物,-0.005041589908254339,6689.039108851307,19.424327714973586,1.8447385247584274,3.7554486419420945
2026-04-23,医药生物,0.01865333263476181,6813.811980355641,19.60529772294213,1.843450808526144,3.380030702419245
2026-04-24,医药生物,0.008264448544248196,6870.124378857472,19.672455473895695,1.8393215774963647,2.1584984226455894
2026-04-27,医药生物,-0.018985461043296795,6739.69190010007,19.721948141254764,1.8663684438464863,5.447263426958247
2026-04-28,医药生物,-0.008509724538309265,6682.338978557144,19.62548647610815,1.8649806987723907,4.9182126293357245
2026-04-29,医药生物,-0.0033925288303262463,6659.668950918376,19.689941600082534,1.8781144162261671,4.04777426379826
2026-04-30,医药生物,0.0009396249728033394,6665.926542175262,19.811048866639762,1.868975864450464,3.11942589790377
2026-05-01,医药生物,0.00564673441616785,6703.56725899661,20.204887756100856,1.8877047328296657,5.204082378909952
2026-05-04,医药生物,-0.005757929742189815,6664.968589697263,20.026717865038,1.8929534824562808,6.093417963897821
2026-05-05,医药生物,0.0015004654912159486,6674.969145066141,20.03905162226461,1.8948323936421092,5.142018782246803
2026-05-06,医药生物,0.008721548076929691,6733.1852093768575,19.87077881643861,1.9154870194956526,4.428501075917685
2026-05-07,医药生物,0.024809218452324307,6900.230272116247,19.54363159909196,1.9209456473658688,4.635188848496123
2026-05-08,医药生物,0.008497237345688137,6958.863166478322,19.457921001732892,1.9505043259859742,4.06401777453479
2026-05-11,医药生物,-0.011419224550278727,6879.398345365642,19.52696140065605,1.9239442507420699,3.4290163478853994
2025-05-12,电子,0.017948407605692687,4816.39312629052,32.838947594006505,2.4070169782795796,3.354263759892335
2025-05-13,电子,-0.007991665041078544,4777.902125719053,33.27068206709131,2.4139616630625134,4.395125912668289
2025-05-14,电子,0.03606149247151586,4950.200407255311,33.37105095637867,2.412031077334971,4.004046443708253
2025-05-15,电子,-0.023734551413345246,4832.709621182948,33.240697266161725,2.424251909227721,2.364707900490414
2025-05-16,电子,0.02383084211084248,4947.8771611329075,33.24835347994995,2.4265445143945192,1.8344730998840135
2025-05-19,电子,-0.0099128584050734,4898.829555428901,33.22732260850169,2.4153023509433975,6.907954303594174
2025-05-20,电子,-0.007612954977262844,4861.534986582135,32.80712966953854,2.414121714175951,5.043291564459936
2025-05-21,电子,-0.008080870026661023,4822.2495542255,32.321100512559646,2.4292551607743045,3.2087322646419487
2025-05-22,电子,-0.003944794526896717,4803.226770576662,32.110098569846876,2.433480443482503,7.763920084237301
2025-05-23,电子,-0.004699352336283512,4780.654715630653,32.52073230062344,2.449096154820167,2.9964406187628985
2025-05-26,电子,-0.010729786214802653,4729.359312565148,33.07969418534063,2.480855562868145,2.9734284891807614
2025-05-27,电子,-0.0014962050382935292,4722.283221333788,33.2164976465497,2.476459223582994,1.3935700639568056
2025-05-28,电子,0.01330442753111795,4785.1104962334375,33.208418659166426,2.494822007969027,2.7482092546054866
2025-05-29,电子,0.0332634345394346,4944.279705988861,33.45613615970298,2.486537197277666,4.914526922379207
2025-05-30,电子,-0.013906904346786358,4875.520081053917,33.46540343949837,2.5137905134808354,1.558005512310995
2025-06-02,电子,-0.024293167577355584,4757.078254698113,33.58862884447266,2.5177088560935994,5.029656770981938
2025-06-03,电子,0.003512127618321369,4773.785720618955,33.3171729619534,2.507612921363094,7.158864235590275
2025-06-04,电子,0.02159889470486699,4876.894215742202,33.51704940980212,2.5132152864801576,5.364537178731361
2025-06-05,电子,-0.005742191349059826,4848.890155966286,33.3112516035037,2.528569980669912,3.106764237421352
2025-06-06,电子,0.017110610156683338,4931.857625117605,33.46368556394571,2.514314339335431,4.3191056211535575
2025-06-09,电子,0.008647031827523893,4974.503554970813,33.10921496127376,2.5124440356057915,4.279898962137942
2025-06-10,电子,-0.003488181336256512,4957.151584513222,33.006352063195635,2.506301228303626,2.4247441172082747
2025-06-11,电子,-0.005910720510727166,4927.851246967855,33.39487473103816,2.4990088317706616,1.241019160013202
2025-06-12,电子,0.0009450658445039681,4932.508390868162,33.74516492576238,2.494524231055797,7.196672150952956
2025-06-13,电子,0.0013963479034882398,4939.395888618688,33.513205213044586,2.4904107704321476,6.80696081999858
2025-06-16,电子,0.011604828130247864,4996.716728973362,33.21865887896277,2.5187118838438667,7.567268207673057
2025-06-17,电子,-0.013470029546381445,4929.410806999192,32.894786168772264,2.5392179547381506,7.505824386944077
2025-06-18,电子,0.011753756719565996,4987.34990239546,33.05149453471861,2.527234983882019,6.169822373778744
2025-06-19,电子,-0.0022233397543883274,4976.261329088419,32.88626973866538,2.507413224646029,7.8806281568829055
2025-06-20,电子,-0.016140249948782492,4895.943227426472,33.24172371927737,2.5251896046926072,7.8363234612050645
2025-06-23,电子,0.018382380328254965,4985.94231789857,33.11057983888887,2.5464993579405033,2.264602789179122
2025-06-24,电子,-0.0026032874557097626,4972.962476807492,33.414145619571975,2.5306627500441725,3.756285990957847
2025-06-25,电子,-0.016063151196697188,4893.081028647031,33.97997991183347,2.513644398811309,1.4092059106581392
2025-06-26,电子,0.011449249559768683,4949.103134460181,33.91400472322763,2.475637890967386,2.17614036534875
2025-06-27,电子,-0.017174289945490067,4864.105802258828,33.45777261359575,2.478006555123424,7.190403995799013
2025-06-30,电子,-0.009331346602536329,4818.717145106542,33.5401260176598,2.4562889213088313,5.653174434375924
2025-07-01,电子,0.025661482720051546,4942.37257185851,33.35743083029608,2.4589640702916835,1.0514713118809889
2025-07-02,电子,-0.03911006439521579,4749.076062307975,33.64306788466031,2.4839843724262707,1.2688061412844118
2025-07-03,电子,0.002510721165526581,4760.999668094308,33.63166465816416,2.4853076916866774,7.36951110711803
2025-07-04,电子,-0.040498639512451175,4568.185658817257,33.79817806965734,2.517882316041579,6.5846327693875075
2025-07-07,电子,-0.0017610560006985731,4560.140828050492,34.09693826041088,2.4703983947846297,7.766942980129224
2025-07-08,电子,-0.007524227959407156,4525.829288933241,33.9565181557381,2.4752113277886583,7.0407173631911295
2025-07-09,电子,-0.01128714970088067,4474.745576228421,33.947140234756176,2.431673492947401,7.144245834038374
2025-07-10,电子,0.01999453493365578,4564.216032971542,34.090135551871114,2.4223862372714144,4.903820838298169
2025-07-11,电子,-0.02772925202311071,4437.653736305351,34.12076790192079,2.4445981288249437,3.1343218706954445
2025-07-14,电子,-0.00126979670081037,4432.0188182316515,34.0395943004853,2.4397796615868588,3.0850157887314786
2025-07-15,电子,-0.002092166756010391,4422.746295798134,34.450315338158724,2.4281201543428033,3.3291063355726536
2025-07-16,电子,-0.007115109614184987,4391.2779711078,34.40198059328489,2.437667632487229,7.916868531682447
2025-07-17,电子,-0.019737777000173238,4304.603905768301,34.38514056569283,2.435739116936155,5.967699404531671
2025-07-18,电子,0.014835175181572298,4368.463458797654,34.46170902112104,2.42581662968696,2.972775023068304
2025-07-21,电子,-0.0012674621814991527,4362.926596572367,34.15625651331746,2.400417780134881,1.1897465663536317
2025-07-22,电子,0.029215827918627944,4490.3931092394305,34.264408569351104,2.4054788365747632,4.029879447400206
2025-07-23,电子,-0.025421790919121945,4376.23927447168,34.987441011930976,2.422668284970133,7.257534574689934
2025-07-24,电子,-0.0036316032123281357,4360.346509864592,35.2945748166035,2.392323918317359,7.488352935021049
2025-07-25,电子,0.0003631813730334571,4361.930106496946,35.452995809997795,2.3589901657681427,7.71210311233287
2025-07-28,电子,-0.005369120689213795,4338.510377317249,35.52210283824586,2.3384158384859215,2.977851872630472
2025-07-29,电子,-0.009937209565499788,4295.397690495752,35.07549677321246,2.32356621464478,2.081645809933633
2025-07-30,电子,0.002440343021986777,4305.879934276411,35.21413307237875,2.2705029020899894,2.811546858551668
2025-07-31,电子,-0.008511521601256912,4269.230344203399,35.141428364694214,2.2676023766370856,4.995977553951331
2025-08-01,电子,0.006650985307629776,4297.624932497583,35.154217448347666,2.277731056638989,1.099376441302066
2025-08-04,电子,-0.004888554508894321,4276.615758756286,34.69227602623461,2.297628334291183,7.967950590478193
2025-08-05,电子,0.013751582937317057,4335.42599505386,34.78232568592488,2.2644714841842637,4.733264835017235
2025-08-06,电子,-0.017440301983791404,4259.814856471741,34.688997771799684,2.30996996257236,2.590827374917636
2025-08-07,电子,-0.0004082592337335215,4258.075747722592,35.20761711505189,2.317726021359788,4.606169198706121
2025-08-08,电子,0.019499387151552923,4341.105615248072,35.035808275047934,2.310377599315897,3.428712652643101
2025-08-11,电子,-0.01676350438741395,4268.333472220634,35.43804385086464,2.303958403887102,4.389211225143852
2025-08-12,电子,0.00553147886140624,4291.943668595655,35.825378548761975,2.323740179700944,2.668027693871641
2025-08-13,电子,-0.008002121343589422,4257.5990145597025,35.832604059747304,2.2950537330745457,2.8259447217346225
2025-08-14,电子,-0.04336696594865631,4072.9598630722594,36.002139721979724,2.296373497953414,7.044021044525691
2025-08-15,电子,0.0072715979974226,4102.576789856158,36.06248916705539,2.276319265033054,7.07585738711632
2025-08-18,电子,0.024673576064821335,4203.802030342445,36.24192047961507,2.2625315656132052,4.2053020658895
2025-08-19,电子,-0.003365665632188183,4189.653438324398,36.53116929881232,2.257340517523655,2.7079671164673056
2025-08-20,电子,-0.011055415428127163,4143.335079063841,36.166949445339874,2.223254099581425,4.682658092760795
2025-08-21,电子,-0.008746262778899772,4107.096381681315,35.84253372002869,2.23978461605245,6.155312222333509
2025-08-22,电子,-0.02340174640153328,4010.983153710554,35.492401638577945,2.238044193940199,3.2451350761809987
2025-08-25,电子,-0.029711932652188848,3891.8090923784416,35.322481742853135,2.220738062601378,7.824329909671644
2025-08-26,电子,-0.019613879590949516,3815.4756174495683,34.72237170599663,2.2258840225420795,2.691208935050341
2025-08-27,电子,0.000888071673268474,3818.864033265472,35.04442338227156,2.243212112277873,5.251270917551461
2025-08-28,电子,0.0041332209835528225,3834.6482422210993,34.873424456361136,2.245815685639763,6.177068240552199
2025-08-29,电子,-0.009666810839433658,3797.579423027781,35.01531978181577,2.2380845222763144,1.21247663873103
2025-09-01,电子,-0.0018857547968079806,3790.418119414547,35.352894259201605,2.230163081920112,7.673150173076608
2025-09-02,电子,-0.004917618710050164,3771.778288351601,35.69415098329116,2.202916414930822,4.813607596932689
2025-09-03,电子,-0.005533408578492278,3750.9074980146656,35.499833183634735,2.1897813322372874,3.8780103553599092
2025-09-04,电子,-0.0099959984140057,3713.413432613429,35.22318387930501,2.2021041588033308,3.56675215792087
2025-09-05,电子,0.004604731607946055,3730.5127048199556,35.20423956546686,2.182070669911349,4.541480601024757
2025-09-08,电子,-0.013192443959771191,3681.298125020404,35.34356545626596,2.1887641285980886,6.91404859787356
2025-09-09,电子,0.021119380823167642,3759.0448620463226,35.048032638421866,2.181823198235695,5.910956859220596
2025-09-10,电子,-0.002334478099937664,3750.269454139192,35.0424603838536,2.179950936200498,3.30565488511453
2025-09-11,电子,0.01590012240921406,3809.8991975275417,35.255578394480956,2.196293014693787,3.057417323534536
2025-09-12,电子,-0.008636353337971017,3776.9955618756417,35.73489518268388,2.189233337805702,5.85044160457352
2025-09-15,电子,0.016458814498034123,3839.160431188451,36.193471445135636,2.1966260914460407,2.922661088515338
2025-09-16,电子,0.023553227548200384,3929.58505041828,35.596017660503094,2.191049288474895,5.055193819519226
2025-09-17,电子,0.0027530307424004793,3940.4033188669587,35.868063443958405,2.196733024509572,1.3581585451183313
2025-09-18,电子,0.03437364605873413,4075.8493478783525,35.85447068104442,2.168928064936339,3.1716469862129335
2025-09-19,电子,0.0004618319787898375,4077.7317054479327,35.46893392092345,2.1489091575024255,4.247897922082665
2025-09-22,电子,-0.012476929162399,4026.8541358157904,35.58362991619152,2.161215921475808,1.7434967931191934
2025-09-23,电子,0.00994145699304594,4066.886933024273,35.74924437375683,2.1541249505085407,5.507355699474353
2025-09-24,电子,0.004467134441967082,4085.0542637143717,35.828350520638644,2.1747266680908877,5.524851626596623
2025-09-25,电子,0.02597610608972692,4191.168066650908,35.11397817499718,2.1764086212013773,1.5701304902381144
2025-09-26,电子,-0.004658987514283274,4171.641466958119,34.62456749906757,2.166901340573529,4.817995651481992
2025-09-29,电子,0.006251552943069361,4197.720704448311,34.410806161204135,2.158227042257639,1.7301916114631752
2025-09-30,电子,0.006777526543486065,4226.17086794485,33.75792047682877,2.19348504183462,1.74698273371648
2025-10-01,电子,0.013531596755167265,4283.357707948315,33.85546729463526,2.2009533188655115,1.5269510165617155
2025-10-02,电子,0.01682064287574851,4355.406538262798,33.69093722930785,2.193833463906838,2.8203362817670374
2025-10-03,电子,0.008838566553985041,4393.902088820895,33.650661334785596,2.213528885827885,5.9724605049863255
2025-10-06,电子,0.005746601556725841,4419.152093404614,33.73797543530131,2.2040952595997236,2.9256921709138712
2025-10-07,电子,-0.020757284598222275,4327.4224957189845,34.06781550091063,2.209753198777474,1.1725108324542588
2025-10-08,电子,-0.002268414544340111,4317.606107590191,34.362176705337816,2.2264198382566076,6.854650041872795
2025-10-09,电子,0.020155725284870907,4404.63059018306,34.72533316047352,2.232694609726368,7.8773780642087345
2025-10-10,电子,-0.012876560320623657,4347.914098698504,34.6905593706433,2.2478212425937087,1.2796358130026604
2025-10-13,电子,0.016425825415926406,4419.33217660717,34.56390095757941,2.2411148136013344,1.3857107461118177
2025-10-14,电子,0.0279252594390114,4542.743174186096,34.271230259734075,2.1963272811886667,7.499888730258951
2025-10-15,电子,-0.02064398745150348,4448.962841102795,34.556617509434005,2.183201338467287,7.807977649548158
2025-10-16,电子,0.0008537839758436394,4452.761294285652,34.45962415296556,2.1444565400758515,3.486987819658458
2025-10-17,电子,0.017072555901735526,4528.781310399429,34.808478368977724,2.1274503069396684,3.209679368148462
2025-10-20,电子,0.014008973640677234,4592.224888401206,34.90604520176347,2.113080247483175,1.2785798913495678
2025-10-21,电子,0.015220496844362935,4662.120832823722,34.97992999995803,2.11094803523261,4.215125817491517
2025-10-22,电子,0.014709668495573232,4730.699084760864,35.0433651931135,2.10146468146232,6.748815942609919
2025-10-23,电子,-0.00679455966167369,4698.5560675880315,34.61921242116658,2.1066907415335088,2.3474520544507893
2025-10-24,电子,-0.02348012802854484,4588.233369571768,34.772059282692766,2.1181550189909872,1.341364231691983
2025-10-27,电子,-0.0029875204703674768,4574.525928457349,35.100014991728706,2.1282672375653116,1.639472699064891
2025-10-28,电子,-0.030154809670182508,4436.581969753403,35.23500812738509,2.153750435359634,2.3061306781121726
2025-10-29,电子,-0.007176067731860908,4404.7447570405,35.09814576100441,2.1558877331821606,6.882437243119557
2025-10-30,电子,-0.009188267963522267,4364.272781901893,35.45408350111507,2.1608674544614814,3.287172233980435
2025-10-31,电子,0.016620074545704147,4436.80732087489,34.969453338293235,2.1737820576165214,5.0652919933896134
2025-11-03,电子,0.02117886506939158,4530.773864462588,35.20531679891678,2.1940041187025203,2.441173917248248
2025-11-04,电子,-0.012838785328238747,4472.604231445958,35.10872322031248,2.2007279893453826,7.010200748877487
2025-11-05,电子,-0.011871390199281087,4419.508201407508,35.138901098714996,2.2075479834230083,2.288709263526699
2025-11-06,电子,0.028208363064684723,4544.175293320162,35.488388204164956,2.2200371629167037,6.8412077699926765
2025-11-07,电子,0.014887781533846,4611.827982338614,35.35745884033731,2.2334739764723612,5.48313091795277
2025-11-10,电子,0.003192279491643697,4626.550226225621,35.334561857373586,2.234883795832612,2.1655248293466056
2025-11-11,电子,-0.006720583221201844,4595.457110403202,35.09565669878948,2.244777876401135,2.6476828332885027
2025-11-12,电子,0.013159199559048037,4655.929647584045,35.09236514643799,2.236502146472287,6.3128378229782145
2025-11-13,电子,-0.00540144542524271,4630.78089768885,35.33973732623295,2.2365258657178875,2.026301900118896
2025-11-14,电子,-0.018347805045200078,4545.816232571018,35.53071609326693,2.244968524310403,5.155792339361133
2025-11-17,电子,-0.013044480976701635,4486.518419201664,35.30184946192698,2.264308445832152,4.13580159467533
2025-11-18,电子,0.003637202517486688,4502.836795290735,35.289212646749846,2.2456376298681975,3.481837461800252
2025-11-19,电子,-0.01545421615203455,4433.248982158977,34.84214394729274,2.2530571970537276,7.407029582654918
2025-11-20,电子,0.007657322425301589,4467.195799007009,34.76011020714907,2.2583433192232913,7.348898629067706
2025-11-21,电子,-0.010941622667930638,4418.317428190509,34.943021571094604,2.257087097030447,5.737740305410329
2025-11-24,电子,-0.013718819491774701,4357.703328935801,34.77790193943509,2.2467344734039845,2.007075764403308
2025-11-25,电子,-0.003947346333801292,4340.501964676533,34.72840105593111,2.23032772332332,6.569048633803105
2025-11-26,电子,-0.016953391896482504,4266.91573384192,34.87888496535424,2.2543553727517964,4.760929715676267
2025-11-27,电子,-0.018718177777784638,4187.046846573041,35.20817740388467,2.274992518568682,5.4011381054199505
2025-11-28,电子,0.014789264640616133,4248.970190449667,35.17704334861354,2.2971545519119654,7.941370400728597
2025-12-01,电子,0.00401899654806379,4266.0467869779095,35.31798554531042,2.2810106311800586,5.720055015900172
2025-12-02,电子,-0.01616344884959153,4197.092757946628,35.542410472492726,2.277691451981221,6.464895129201401
2025-12-03,电子,0.0022728595517602225,4206.632160311151,35.480178199230615,2.2916535725763443,5.414447064881563
2025-12-04,电子,-0.02563515035304679,4098.794512401612,34.93143038920263,2.3112544387527305,7.553235949165536
2025-12-05,电子,-0.011401562378014898,4052.0618510938,35.03488663610467,2.3220584284391284,2.7698618048320247
2025-12-08,电子,-0.0017119445232607676,4045.1249459999062,34.96825446431695,2.326384354702167,6.047382626285103
2025-12-09,电子,0.011011581272573257,4089.668168100498,35.21242361638589,2.3084031396186533,1.1968505439454664
2025-12-10,电子,0.02194780279660024,4179.427398557501,34.81068581656491,2.3135425495160242,2.6452190916834306
2025-12-11,电子,-0.004373833185359909,4161.147280305888,34.51265299848929,2.3453591383332695,5.17230516834353
2025-12-12,电子,-0.0034642140966480105,4146.732175239224,34.63256267664475,2.332481487165802,5.6400185134426595
2025-12-15,电子,-0.012451023226855562,4095.101116609771,35.03488713449119,2.332745510354519,1.9502209716993075
2025-12-16,电子,-0.007399042124137223,4064.801290945374,34.79683783308296,2.3274313550573607,6.711690525906446
2025-12-17,电子,-0.007281477807904474,4035.203530551814,34.588235609100416,2.3233064652692876,3.3955786734523317
2025-12-18,电子,0.000621181610719859,4037.710124780504,34.61707609322541,2.3012465545955063,7.903237580985864
2025-12-19,电子,-0.004276094078857653,4020.4444964237864,34.46022069592244,2.316556596707038,1.490480870048326
2025-12-22,电子,0.011082925595569781,4065.0027836387694,34.49789863866801,2.339313287606465,4.121206339018655
2025-12-23,电子,2.509466166776813e-05,4065.1047935083034,34.779819714492234,2.3565103254439146,2.2177459413233707
2025-12-24,电子,0.02066122906197526,4149.094854807912,34.396183471650474,2.3527966414716515,4.743596263968348
2025-12-25,电子,-0.00896172917628806,4111.911790392393,34.39395096628103,2.3557722558587972,6.712397299800265
2025-12-26,电子,0.020821761484553437,4197.529036937467,34.30725060222915,2.3732328982342286,3.876597866450769
2025-12-29,电子,0.0036299454220507874,4212.765838249024,34.756007662615865,2.398136530603926,3.9216805926033134
2025-12-30,电子,-0.010798976402295307,4167.2722793733765,34.56977013745002,2.381335692835137,4.542312846882856
2025-12-31,电子,0.017426689348005855,4239.894038814573,34.968551796661345,2.371574612295835,2.007133087728461
2026-01-01,电子,-0.017368242600659046,4166.254530547353,35.60468319660965,2.367028923700238,3.95880633760198
2026-01-02,电子,0.0003314522732805073,4167.635445082568,35.475470557676395,2.399717148999268,6.125534444185556
2026-01-05,电子,0.010275472757318889,4210.459869560951,35.31294135236125,2.3736843177026135,2.6570433309768307
2026-01-06,电子,0.006418915258109236,4237.486454661333,35.62258497124795,2.381760945859157,3.9093944742040865
2026-01-07,电子,0.009201784261949153,4276.478890830058,35.50995633138424,2.3703756388167565,4.415301366955113
2026-01-08,电子,0.029423664877021645,4402.308572567499,35.65859339120095,2.3472346913368587,3.5111975738002204
2026-01-09,电子,9.31458168749492e-05,4402.718629195627,35.709420889134094,2.3992286120227284,7.417292021831227
2026-01-12,电子,-0.008702090136045898,4364.405774840718,35.644956419732715,2.4258893079780637,6.030894861809572
2026-01-13,电子,-0.0033026868637734763,4349.991509219974,36.397257556131585,2.4227630085875256,2.7207301091580227
2026-01-14,电子,-0.02041557106442872,4261.1839484338325,36.32486607403492,2.4349080993158254,7.665848101733606
2026-01-15,电子,0.033433169243071464,4403.64883255768,36.48665291230957,2.4139685786876046,3.630748533055587
2026-01-16,电子,0.002068202030357816,4412.756468014159,36.55848305198523,2.3984751484730165,4.128119366403072
2026-01-19,电子,-0.010170769227673324,4367.8753403200635,36.75957352966144,2.392268289637708,7.486097682528668
2026-01-20,电子,-0.017176197588591853,4292.851850432388,36.57087434041242,2.4241400383066534,4.620905188280174
2026-01-21,电子,-0.018322685705036368,4214.195275198632,36.85102324683977,2.406228417364903,7.760856681653085
2026-01-22,电子,0.003244160754651667,4227.86680212287,36.992607974054565,2.3859177767879363,2.718181237772513
2026-01-23,电子,0.014169043939933613,4287.7716326143345,37.209210023905456,2.4056265420210394,7.247283657664082
2026-01-26,电子,0.02365850217349299,4389.213887103982,37.140357820991866,2.394533340163666,2.7380123574159216
2026-01-27,电子,0.013663153554556922,4449.184390427277,37.4761719549311,2.3816154466834067,2.968991944871239
2026-01-28,电子,-0.01095829097988376,4400.428933253818,37.043365862419535,2.37241460241929,1.1375603792279345
2026-01-29,电子,-0.018871167732611133,4317.387700758951,36.67373452012068,2.3668328143088444,2.117664445570055
2026-01-30,电子,0.004262547737509319,4335.790771934771,36.8234095567483,2.3909285008698817,1.314023903394019
2026-02-02,电子,-0.022240218357241406,4239.36183841563,37.10604853001422,2.4155146152554323,6.676546348708274
2026-02-03,电子,-0.009183709565320598,4200.428770549317,37.27743796187076,2.4130283850709997,3.8452390256645055
2026-02-04,电子,-0.0011845809070116094,4195.453022826462,37.74155917886016,2.4224889935023266,2.406379377798657
2026-02-05,电子,0.008414836578787884,4230.7570743875285,37.865241625381046,2.429407094144761,3.0240523411790567
2026-02-06,电子,0.002096192441504263,4239.6255553887,37.508517422569035,2.4658113595628204,1.1187839052082653
2026-02-09,电子,0.014871078009456497,4302.673357753772,37.72541474404156,2.4680167646371203,5.66163016256325
2026-02-10,电子,-0.030295011035050712,4172.323820900402,38.36292889504001,2.452421182899938,5.791047527485152
2026-02-11,电子,0.0001714155051686426,4173.039021895889,38.85172478221913,2.4528007013721163,4.397034438432008
2026-02-12,电子,0.0063009120419167085,4199.332973720341,38.55275769471026,2.4554439859500574,5.291813673484691
2026-02-13,电子,-0.0015776308257236852,4192.707976573522,38.30883230206739,2.456112025752913,5.38783033090547
2026-02-16,电子,0.01172500988435472,4241.867519041059,38.11747255000392,2.395206921377875,6.274329238125365
2026-02-17,电子,0.002129794219313253,4250.901823962205,38.159750981878,2.374394943543556,4.823733200915957
2026-02-18,电子,-0.002276843833327596,4241.223184358235,37.907434076938046,2.3855010957688383,1.9023180955144925
2026-02-19,电子,-0.005353383877995317,4218.518288540112,37.745264050960174,2.3911303336153495,5.361964976234778
2026-02-20,电子,0.017963801240471994,4294.298912604742,37.56711314118711,2.403776592229957,2.6497777420311945
2026-02-23,电子,-0.018771509247782786,4213.688440854039,37.769057294038134,2.4111648798089496,1.8876125938873203
2026-02-24,电子,0.004117652104617638,4231.038943930725,38.0782199835237,2.4073073458764496,2.126022054395685
2026-02-25,电子,-0.015237503661188995,4166.568472531947,38.391805731620494,2.42265059708854,1.7405756419095928
2026-02-26,电子,0.020610140541615578,4252.442034327095,38.39996118122523,2.423093603167534,7.6519545652798495
2026-02-27,电子,0.01126269340434277,4300.33598517946,37.68716095002331,2.438264685773899,6.937421899870269
2026-03-02,电子,-0.04892515950870183,4089.941361163545,37.44055814985259,2.461841379080698,6.823590791816365
2026-03-03,电子,-0.0003064717209648116,4088.687909795944,36.93416063476695,2.4425700937092896,4.443496168273905
2026-03-04,电子,-0.02237953091512515,3997.1849923163672,37.05785994076918,2.4412630072014547,3.338318838939717
2026-03-05,电子,0.022019847182438327,4085.2023950071098,36.97911804801148,2.433453343589887,7.644968202291886
2026-03-06,电子,-0.013067546095900297,4031.8188243992718,36.82510913959906,2.396622464595836,1.246114751898359
2026-03-09,电子,-0.005585269960757975,4009.300027832136,36.96833960368931,2.3592471994706012,4.861986604139768
2026-03-10,电子,-0.01106349206441628,3964.943168790351,36.36385203683843,2.3573748942318793,2.807587692819881
2026-03-11,电子,0.005847652072559307,3988.1287769289074,36.28741616599017,2.3272779312288976,6.316641041018609
2026-03-12,电子,0.010133752785436078,4028.543488030789,36.017349045833086,2.3262178010450234,6.431055456419508
2026-03-13,电子,-0.004845075304517691,4009.0248914637555,36.23532268668517,2.290597636177263,2.4348546297813756
2026-03-16,电子,-0.005126824832357482,3988.47132309666,36.355573078404426,2.2843383191666007,6.058785021321406
2026-03-17,电子,0.01320789592878409,4041.1506372470603,36.538108971328235,2.27923040229539,1.8864598786286204
2026-03-18,电子,-0.0002320404201163233,4040.21292695544,36.149781209937515,2.2916333442730297,4.813772729714023
2026-03-19,电子,-0.002782746152764766,4028.9700399766043,36.41685828526235,2.272372196780458,5.612312646024001
2026-03-20,电子,-0.005475278238996495,4006.9103079911515,36.459194501479054,2.273290895822775,3.1004695803380793
2026-03-23,电子,0.0225470394735703,4097.254272872484,36.322546574117524,2.259491742599326,3.631798553503974
2026-03-24,电子,0.003916807715781229,4113.302430021989,36.787852439997906,2.255903950638934,7.532350419343128
2026-03-25,电子,-0.013028449323147014,4059.7124777616696,37.13111858019343,2.265486591387077,4.26462216153184
2026-03-26,电子,-0.011985428414312828,4011.0550844767645,37.045874551375384,2.2708510444241528,2.1768266831840757
2026-03-27,电子,0.006094456289267406,4035.5002843629513,36.267965404249416,2.317158415298464,5.3756408688057
2026-03-30,电子,0.0018540127787698517,4042.9821534588896,36.4469147641685,2.3053593452388963,1.4403523321261675
2026-03-31,电子,0.0010538963130616403,4047.243037444194,36.700802994060496,2.322858186349584,1.9523936410215006
2026-04-01,电子,-0.003940339728333541,4031.2955249135316,36.7797004799122,2.3034105236087465,3.6061496900113346
2026-04-02,电子,-0.012233746510093083,3981.977677354467,36.757376246062826,2.2723666753994207,3.851855169482798
2026-04-03,电子,-0.007813604079443894,3950.8640803304356,36.80175297461981,2.27317759625118,4.689053372070736
2026-04-06,电子,0.019056196527216053,4026.152522697531,36.43534220938354,2.2774124004049456,2.383832121801413
2026-04-07,电子,0.013229945635335727,4079.418301692389,35.944676289358654,2.2716696239834366,7.7908182049290255
2026-04-08,电子,-0.0033722940256578696,4065.6613037254324,35.74874035352231,2.2892582718240666,1.9493863120511938
2026-04-09,电子,0.0068765638224905995,4093.6190831611307,35.52025709679027,2.3113472046529187,7.562368206793733
2026-04-10,电子,0.009337628501603615,4131.8437773867645,35.27804112017544,2.3201370844566074,2.7040983173578748
2026-04-13,电子,-0.006170833242080814,4106.3468584541815,35.41914388440153,2.3238681429467953,3.817684488430994
2026-04-14,电子,-0.00614071689539065,4081.1309449221376,35.483605557646825,2.3356913845133596,1.6329328445416254
2026-04-15,电子,-0.014995442674342566,4019.932579791072,35.00465530140513,2.3355960028080043,1.8632294375270457
2026-04-16,电子,-0.009661206905663253,3981.0951793908935,34.531810964741354,2.3146681765449957,6.409880583985523
2026-04-17,电子,-0.006279990672562148,3956.0939387977364,34.63620291324474,2.289176934083361,2.0598731075525953
2026-04-20,电子,-0.021558246598730565,3870.8074900973916,34.81479229930846,2.306176283089663,2.332672504079243
2026-04-21,电子,-0.011978824886619893,3824.439765003698,34.73833558976925,2.289643204435325,7.901539180374424
2026-04-22,电子,0.004751557793747358,3842.6118115758186,34.5943097170569,2.313918479591083,5.049947525955481
2026-04-23,电子,0.0018898653312596856,3849.873830420005,34.83137440392624,2.306116358405265,6.902014055208218
2026-04-24,电子,-0.01676563561443828,3785.3282486176213,35.207863689772225,2.329966126880539,7.067750399819424
2026-04-27,电子,0.0016687060641296277,3791.6448488208107,34.95464519772931,2.3460940582865857,5.247013413790027
2026-04-28,电子,0.012349352200287612,3838.469206477305,35.0797531684002,2.3366865193898083,6.04077933460462
2026-04-29,电子,-0.0009248442869083093,3834.919220161221,34.839087097790035,2.3273002145205615,1.1265676454397981
2026-04-30,电子,-0.01490874787683942,3777.7453763797917,35.14470870226087,2.2865025700574737,5.337078149789608
2026-05-01,电子,0.014743221003336455,3833.4415113580912,35.27723307015067,2.2797835881123936,6.96076020328548
2026-05-04,电子,-0.003930849382271107,3818.3728301611973,35.2781214149164,2.3022164829564162,7.869949974454176
2026-05-05,电子,-0.004158977160146998,3802.492304771631,35.11044714814156,2.2765670515553174,7.4986078638655425
2026-05-06,电子,0.01945068747569977,3876.453394220497,35.13371345685613,2.263305194294387,5.136063871765802
2026-05-07,电子,-0.018685984388961192,3804.018046611557,35.354919974004616,2.2818421400644184,2.364599382791119
2026-05-08,电子,-0.005851565479320369,3781.758585927293,35.42285964112467,2.3047177503576517,6.335312578358575
2026-05-11,电子,-0.013557332370565726,3730.488027832636,35.61267178706286,2.3242392752530803,4.024813657613505
2025-05-12,计算机,0.0031719747670381324,4881.799061793106,21.394525957175592,1.2556266871970354,3.2380459453789796
2025-05-13,计算机,-0.009635315791921653,4834.761386200023,21.35418251440372,1.2461897662508095,6.480465299803007
2025-05-14,计算机,0.016988673763461436,4916.897570114355,21.229995308407624,1.217981525030981,6.445365847239758
2025-05-15,计算机,-0.014926730988210244,4843.5043627886735,20.875726491142856,1.2036382133581225,4.681626038310216
2025-05-16,计算机,-0.0204075223734799,4744.6604391390165,20.79043685454257,1.2146237058583123,4.669783043764157
2025-05-19,计算机,-0.017769496438258925,4660.350212364988,20.937979063159755,1.2174102869393233,6.064742013317621
2025-05-20,计算机,-0.002008079180283959,4650.991860130705,21.24918925099129,1.2268652294520386,1.2050961017239286
2025-05-21,计算机,0.003088953780969577,4665.358559022315,21.655832373783745,1.2062602118116543,1.5703172839905932
2025-05-22,计算机,0.01044834522183212,4714.103835830609,21.503816271663034,1.183056112448743,1.368968528974073
2025-05-23,计算机,0.010871158691982427,4765.351606720406,22.039331863930492,1.1907037296723584,2.177656053759443
2025-05-26,计算机,-0.012520983970457629,4705.684715639066,22.008947531816766,1.1777483524757721,3.0039590347835863
2025-05-27,计算机,0.011192436227326175,4758.352791724759,21.78459146899983,1.1876271421947662,3.923959968810831
2025-05-28,计算机,0.007516622316265072,4794.1195325077,21.754409555477604,1.184523513728529,7.860038242377718
2025-05-29,计算机,0.024174827114615494,4910.016543372874,21.88207275198586,1.1846067492946357,1.2627006027226217
2025-05-30,计算机,-0.0033652497544147644,4893.493111406116,22.019898738768525,1.185834377541873,7.778933913502855
2025-06-02,计算机,-0.03137124258578522,4739.978151916326,22.379647145140723,1.1873078953318115,1.4542949567688663
2025-06-03,计算机,0.006172208976838056,4769.234287615601,22.09426837845594,1.185310159605222,4.288630250140771
2025-06-04,计算机,0.03435629747079957,4933.087519508859,21.876063263179393,1.1755245586403091,4.526036042129694
2025-06-05,计算机,-0.006403888065796007,4901.496579215149,21.96200399784187,1.18482205960435,3.368575061476511
2025-06-06,计算机,0.01116500940178222,4956.2218346048885,22.056604883305592,1.191606201346377,1.1948873588381042
2025-06-09,计算机,0.03611542850873676,5135.217909946002,22.011222440396644,1.176225750663407,5.399527300584975
2025-06-10,计算机,0.024558274892167282,5261.330003009637,22.07869444245158,1.1809221454713237,1.616995703735545
2025-06-11,计算机,-0.02518406247464993,5128.8283395140925,22.34505398011935,1.1760053620855944,5.853805974003308
2025-06-12,计算机,-0.03091729526524467,4970.258839376581,22.341115018314387,1.186559883246838,5.789463526319406
2025-06-13,计算机,-0.002600184434701674,4957.335249705996,22.30150245437079,1.189273659298758,7.113527824890066
2025-06-16,计算机,-0.018048712062035645,4867.861733189073,22.10140799568719,1.1960225733835503,1.3344695527698376
2025-06-17,计算机,0.0004918738327832468,4870.256106997235,22.267607192237502,1.1922953575785875,3.7723813420482672
2025-06-18,计算机,-0.004828661228020401,4846.739290162848,22.028708774196144,1.1993885780556406,6.3335406302016795
2025-06-19,计算机,-0.002873149957970758,4832.813881375022,22.08271238889143,1.1994193770855015,4.256942718931463
2025-06-20,计算机,-0.01748385236947488,4748.317676943912,22.0439052101963,1.2052679958811936,6.050144099767004
2025-06-23,计算机,-0.023130606007618636,4638.4862115595115,22.316138227128373,1.2060913251532612,4.935013276793095
2025-06-24,计算机,-0.014703842733910542,4570.282639781328,22.34040471857243,1.2069063224198893,2.8820308148530462
2025-06-25,计算机,-0.015838817406326203,4497.894767554529,22.35585180180538,1.2028114938087626,4.774356558891201
2025-06-26,计算机,-5.509111725746489e-05,4497.6469735064775,22.446173214655257,1.2036247721619617,6.88767319431271
2025-06-27,计算机,-0.010503770048607636,4450.404723936949,22.55875509367212,1.2009570283643602,2.3386949035328497
2025-06-30,计算机,-0.02067937571427597,4358.373132570068,22.866294465140548,1.1998510939967604,2.8565996575187222
2025-07-01,计算机,-0.0049887899357075605,4336.630124550245,22.923572112346243,1.2010973257311115,2.8763303116504644
2025-07-02,计算机,-0.011302960570068285,4287.613365245483,22.93605578893002,1.2109825392062623,5.532638568991142
2025-07-03,计算机,0.0077252756775318225,4320.736360490674,22.94201913827665,1.2187870197492332,1.8194508908730387
2025-07-04,计算机,-0.01590532988376629,4252.013623336286,22.956900716284736,1.2141005599719927,5.358027784829472
2025-07-07,计算机,0.03829072434174292,4414.826304884792,23.07536527633104,1.2139799927977761,3.685263282486109
2025-07-08,计算机,0.025300459192287853,4526.523437652569,22.96655064079827,1.1986117055937104,3.8757147689719944
2025-07-09,计算机,0.012452555171464718,4582.890220494865,22.90680770991298,1.1896257899142342,1.1808728055400783
2025-07-10,计算机,0.010537466856115034,4631.182274298544,22.78152867752707,1.1870207068915821,1.5933630809843322
2025-07-11,计算机,-1.4055294240827572e-05,4631.117181668996,22.888784257838722,1.1933534371512486,7.405971742834272
2025-07-14,计算机,0.006740086628338696,4662.331312659432,23.043299941714164,1.197101847322888,4.559353247156182
2025-07-15,计算机,0.007003782852638276,4694.985268760355,23.15071505167089,1.1927857778572952,6.090139668180969
2025-07-16,计算机,-0.010185261613506913,4647.16561552647,23.028657207984438,1.1873075448930028,1.4666188087631427
2025-07-17,计算机,0.00824620849837015,4685.487112118558,22.95037836419855,1.1973571286056077,6.891308218304707
2025-07-18,计算机,0.013819434704405734,4750.237895322815,22.97304963092388,1.19616661291545,5.685207914544511
2025-07-21,计算机,-0.0029707634472695343,4736.126062217556,22.954279168396507,1.2056397648362347,5.248811813919858
2025-07-22,计算机,0.007971525530449636,4773.8802120379505,22.85709974667322,1.1972553891676891,4.913956595240778
2025-07-23,计算机,3.6992944475417865e-05,4774.056811923567,22.64358668064749,1.1973429389548034,4.0944634918265255
2025-07-24,计算机,0.004295160762415785,4794.562153419684,22.267768348476906,1.1964621085200817,6.327041880646887
2025-07-25,计算机,0.0004403792344274064,4796.673579030222,22.110749423460003,1.2099023592513185,1.370551548981728
2025-07-28,计算机,-0.011291812459160062,4742.510440548004,21.911210955593273,1.2129018986488571,2.0838897625321846
2025-07-29,计算机,-0.01890378322894899,4652.8590512188575,22.151117614552025,1.2032083261989859,4.920811881065439
2025-07-30,计算机,-0.01932381974204997,4562.948041627938,21.8227461716992,1.2020062066766959,1.549569079175269
2025-07-31,计算机,0.0004354669393663757,4564.935054646115,21.903063364647792,1.2041842933894005,2.8947852301121175
2025-08-01,计算机,0.015806463389672582,4637.090533463612,21.560490907869728,1.200630124767852,5.684079088743956
2025-08-04,计算机,0.003407131909115951,4652.889712585636,21.422174458977885,1.1770500032545599,1.3440387324162393
2025-08-05,计算机,0.008540331452634362,4692.62693294367,21.320841611772654,1.1596619327591362,3.688133517754707
2025-08-06,计算机,-0.0062298179037479995,4663.392721661207,21.395151493510983,1.1654145981148447,2.9062077802675796
2025-08-07,计算机,-0.004761623440345791,4641.187401566207,21.30783175035819,1.166808024584211,4.73436146121348
2025-08-08,计算机,0.011761253144281811,4695.773581486079,21.01648319461545,1.1782871298210802,6.6497491422365895
2025-08-11,计算机,-0.015188021589542144,4624.4540709508665,21.026963080709592,1.1792973452759155,7.555991526495874
2025-08-12,计算机,-0.01597769112046896,4550.565972204418,21.154810875519193,1.175578730439248,6.348669106052156
2025-08-13,计算机,0.004564470952061644,4571.336898399985,21.069005497126323,1.1707456852692657,4.511894162044974
2025-08-14,计算机,-0.01778427096990814,4490.039004304101,20.97219216107627,1.173881768245973,3.8445648369422303
2025-08-15,计算机,0.04423486853491667,4688.655289376141,20.792111827127084,1.1698544341562205,6.654820162786356
2025-08-18,计算机,0.006437552544290907,4718.8387541635675,20.880518171374362,1.1870262140124117,5.896695092818003
2025-08-19,计算机,-0.015640461999500015,4645.033935947305,20.83759699254115,1.1899494547779768,5.475623603799429
2025-08-20,计算机,0.031223390622587353,4790.067644984561,20.9503665115327,1.1873853316566736,5.111589080029039
2025-08-21,计算机,-0.0013299207495389796,4783.697234631802,20.80917233263333,1.194517934250285,4.462179369346311
2025-08-22,计算机,0.010016465406584317,4831.612972498065,20.75917590790968,1.1993942078912017,3.874190880667866
2025-08-25,计算机,0.012490599022091096,4891.962712767472,20.82957267856222,1.19012737512369,2.6755888543943245
2025-08-26,计算机,-0.007878605099449362,4853.420870392346,20.575111776486153,1.1853339005811254,3.2439731021154934
2025-08-27,计算机,-0.00598718517831905,4824.362540892988,20.45352150770902,1.1699055478682001,3.427031328651378
2025-08-28,计算机,0.03053885345854222,4971.6930415602,20.528991810273705,1.172609105501024,6.297524560316779
2025-08-29,计算机,0.01806628782160215,5061.513079009684,20.394550723168475,1.1828540203736417,2.724437730696113
2025-09-01,计算机,-0.008018579563104025,5020.926933675953,20.4534542882481,1.1920150133975018,2.7724081435898364
2025-09-02,计算机,0.01956137636183642,5119.143175110869,20.876907711386153,1.1805742891739832,7.050820910360784
2025-09-03,计算机,0.010683795276211832,5173.835052783371,21.06282547535061,1.1702503317232138,1.1128725246055042
2025-09-04,计算机,-0.02185734326846876,5060.748764020249,20.85004548014192,1.1629865895697236,6.530919616082758
2025-09-05,计算机,0.0013844606850212677,5067.755171720805,20.963004107899444,1.1529425683577146,6.622484862708652
2025-09-08,计算机,0.02448181459491302,5191.823014247286,21.032739910631012,1.1417184722085494,6.662009773234957
2025-09-09,计算机,0.020650647703075096,5299.037522251224,21.13341609404208,1.1259635163435782,6.217784173990776
2025-09-10,计算机,-0.022242382197469747,5181.174304402579,20.97817641582237,1.137878412432842,7.509452342019653
2025-09-11,计算机,-0.0023368402846422453,5169.066727566298,21.316126264911393,1.1429965921096668,7.322915355672399
2025-09-12,计算机,-0.002930025568306987,5153.921229890244,21.262807224365115,1.1508411955791298,6.999203198314046
2025-09-15,计算机,0.0085035429660169,5197.747820512082,21.12307063121212,1.149277711659767,4.064470341097339
2025-09-16,计算机,-0.01118456048355017,5139.613295635324,20.957678536691937,1.1467731135756432,5.172447517704166
2025-09-17,计算机,0.018705864175042893,5235.754203855723,20.914057165938438,1.1407509037098982,1.6279064331039206
2025-09-18,计算机,-0.022450618179778784,5118.208285341787,20.877158372883603,1.1389831470133702,2.1268910218116233
2025-09-19,计算机,0.008304319160535431,5160.711520473362,20.986472134928118,1.1398319972559503,1.026812033502258
2025-09-22,计算机,0.01646297366065314,5245.672178305144,21.021780286076194,1.1416410794873666,5.75420189676595
2025-09-23,计算机,6.226469922291595e-05,5245.998798505549,20.75110031429893,1.135272465315043,4.9051542850451995
2025-09-24,计算机,-0.007881412560191434,5204.652917684258,20.70877687303756,1.1375990527955853,7.994451092604086
2025-09-25,计算机,0.018099665088906886,5298.855392398345,20.542192156061795,1.1287144364878274,2.1182462216376097
2025-09-26,计算机,-0.007488011659698251,5259.177501437011,20.410471085867293,1.125579441214333,1.789883811618191
2025-09-29,计算机,0.011762033299819568,5321.036122338575,20.46542234116699,1.133818082924184,2.153116272567432
2025-09-30,计算机,-0.025328533450275033,5186.262080923801,20.37351818778032,1.1308294355104465,7.924959615744695
2025-10-01,计算机,0.02532289509371097,5317.593251527525,20.34767314249669,1.126423938433258,4.373301169769842
2025-10-02,计算机,-0.02978333360291875,5159.217597752651,20.35321252569794,1.1319548679106533,7.571035113845041
2025-10-03,计算机,0.005831837864408791,5189.30531828995,20.419638395181796,1.1351698517222888,4.853817104339969
2025-10-06,计算机,-0.007893868311056974,5148.341625481502,20.56582839478259,1.1203489389619368,4.271711348135478
2025-10-07,计算机,-0.013374217494070993,5079.486584848533,20.462425761306104,1.117726151721979,4.687720162352894
2025-10-08,计算机,-0.002653612666198235,5066.007594909195,20.21729463100322,1.1299158851323028,6.1763225771887935
2025-10-09,计算机,-0.004354391093470015,5043.948216558471,19.919893905659137,1.1225513810132424,3.21528148843049
2025-10-10,计算机,-0.016243304873028476,4962.017827913144,19.90907797987766,1.1264276104687518,4.375576612361286
2025-10-13,计算机,0.011295132021767506,5018.064474373788,19.980145717105277,1.1265995630478225,7.76039310719001
2025-10-14,计算机,0.009331033836866254,5064.888203779746,19.891093316917697,1.1213143226438007,5.7326512391520374
2025-10-15,计算机,-0.009096581923808163,5018.815033299134,20.000355600437917,1.119958408852671,1.6230681442720618
2025-10-16,计算机,0.012834459905208541,5083.228813615669,20.0040670229951,1.132063060472593,2.1157641933998153
2025-10-17,计算机,-0.022487934479483135,4968.91749711086,19.9472368183863,1.1202928860881936,4.141959559564021
2025-10-20,计算机,-0.010291218101849312,4917.781283417997,19.97304032882921,1.1212147399532395,1.1358087193275082
2025-10-21,计算机,0.002440128665898207,4929.781302500282,20.147541260698592,1.1079712775693082,2.92633148241433
2025-10-22,计算机,0.003794412773584969,4948.48692764547,20.265695191755935,1.0911942685449938,3.7498735353698165
2025-10-23,计算机,0.0048723628819668475,4972.597751673628,20.31523498915463,1.0802491114153492,7.705855472742234
2025-10-24,计算机,-0.012573099696689781,4910.0767843903,20.316254514290712,1.067013594108204,6.991476327139084
2025-10-27,计算机,0.01745401093847444,4995.777318293798,20.099413317947317,1.0645916652740115,2.3377393588380144
2025-10-28,计算机,-0.011262801799567696,4939.510868523079,20.240297973879397,1.0585496292965908,3.251804580909166
2025-10-29,计算机,0.009868931486227648,4988.25856286001,20.35100585191621,1.058098750073945,7.522119973276773
2025-10-30,计算机,-0.00835471101679699,4946.583104090251,20.159037546551883,1.058385729510364,4.224077854862666
2025-10-31,计算机,-0.017656116035117353,4859.2456588270825,20.131500843219133,1.0380119045437057,7.273653744022932
2025-11-03,计算机,-0.011368004493239358,4804.005732343782,19.84579947663828,1.032314882024411,1.2644915461697577
2025-11-04,计算机,-0.009058183699719422,4760.490165925707,19.63715332173223,1.038866772532292,1.3664302490191917
2025-11-05,计算机,0.010518994580771423,4810.565736182894,19.540855349879436,1.038392707149012,3.912494692860803
2025-11-06,计算机,0.01795981164795334,4896.962590724837,19.431799172671052,1.0304672416500902,2.209301227967611
2025-11-07,计算机,0.011534987581164719,4953.448993394277,19.397305666058873,1.0193400661968193,7.5408755619985035
2025-11-10,计算机,0.02672253939589675,5085.81772926582,19.70754457397487,1.0286362446662407,1.276902545938292
2025-11-11,计算机,0.025768881399460652,5216.873563150546,19.532839168661962,1.0366681715478379,3.243942570526472
2025-11-12,计算机,0.021192296404585143,5327.431094006077,19.50871634125668,1.0295283348895605,1.9012810615763884
2025-11-13,计算机,-0.0003488496151439675,5325.572621719227,19.611667738833475,1.038507333078711,4.485640148075847
2025-11-14,计算机,-0.011021440969324706,5266.877137441097,19.761851349921038,1.033664676002685,7.070065057007854
2025-11-17,计算机,-0.0047000987126356595,5242.1222949878,19.78157400951423,1.046196370137288,1.9555210845850752
2025-11-18,计算机,0.005926012534437639,5273.187177414952,19.84692925448563,1.0437444656922736,1.1408520529715183
2025-11-19,计算机,-0.0023477853651659598,5260.806865732036,20.10680335232917,1.0422139128832701,6.73578761676545
2025-11-20,计算机,-9.691516781061953e-05,5260.297013751825,20.20648305862094,1.0244476008277132,5.741104804349616
2025-11-21,计算机,0.0014415935567813863,5267.880224033605,20.212429072184005,1.0049068218724428,7.675925385441955
2025-11-24,计算机,0.01137726296427226,5327.814282606725,19.99027198144557,1.0126829755624616,1.885249717824998
2025-11-25,计算机,-0.005965374047547595,5296.0318775551095,20.1536521519585,1.0096144664556232,2.3925084585652683
2025-11-26,计算机,0.031439904831646964,5462.538615770811,20.052686450602838,1.0107852092541287,3.8933972190983455
2025-11-27,计算机,-0.03271573704730037,5283.827638806529,20.30927596459446,1.0164710179075154,6.398701518232246
2025-11-28,计算机,0.008198109768489689,5327.145037787245,20.42874993602427,1.0169744402556762,6.844697425364818
2025-12-01,计算机,-0.007054257093331551,5289.565987117228,20.56632216761639,1.0084219290446872,2.101601083449373
2025-12-02,计算机,-0.0377765397437622,5089.744487377642,20.436868414101543,1.0020931047035109,1.5836533763813168
2025-12-03,计算机,0.002233451246220637,5101.11218354592,20.55597753133935,1.0072046278071571,3.4193411823055264
2025-12-04,计算机,0.004081547078658824,5121.932613076583,20.48686527523012,1.008096797049712,2.307407697617905
2025-12-05,计算机,0.007768727217160853,5161.723510372255,20.589551731545697,0.998100006886983,4.734881034875056
2025-12-08,计算机,-0.02234305913023584,5046.394816766079,20.479498777184975,0.9918617021883783,6.641340897734089
2025-12-09,计算机,-0.012645227774218058,4982.582004869439,20.379291158283205,1.0007379307569955,2.689447926862499
2025-12-10,计算机,0.000395650615654282,4984.5533665072135,20.34348148049898,0.9955767173379863,6.233562771954845
2025-12-11,计算机,0.019932624364101557,5083.90859638462,20.377739300969566,0.994299038924351,1.2804836044378667
2025-12-12,计算机,0.03771350746901422,5275.640621206157,20.373084701790418,0.9952430589181823,2.0655974974180675
2025-12-15,计算机,-0.018286468587460004,5179.1677847077435,20.52832140899816,1.0086922874095283,4.120108746320084
2025-12-16,计算机,0.02524884172106958,5309.935772350693,20.444546029018817,1.0145791717523747,4.140428141324139
2025-12-17,计算机,0.03073810302772689,5473.153125191821,20.521250380261275,1.0105861379197318,5.5223286086761725
2025-12-18,计算机,0.02012085333480451,5583.277636502733,20.759502861708363,1.004608202121688,1.1423875731752435
2025-12-19,计算机,-0.0007536030877918219,5579.070061235865,20.518538528047113,1.0052155992726552,7.509093376057153
2025-12-22,计算机,0.015932962128130432,5667.961173231722,20.21660386985762,0.980121043032014,1.8382275195037232
2025-12-23,计算机,-0.00916765682632866,5615.999250290578,20.337415195799785,0.9803679673748216,5.73965649348551
2025-12-24,计算机,0.010551105145049188,5675.25424887491,20.264697103746443,0.9830138869237962,5.20670036498248
2025-12-25,计算机,0.00015820833999648145,5676.152121428683,20.17827377954032,0.9803081297443547,3.5553329668482108
2025-12-26,计算机,-0.005418012261253763,5645.398659638041,20.49720929363654,0.9718089729952039,1.5209989290696098
2025-12-29,计算机,-0.020022655681412354,5532.362786091801,20.499780830301752,0.9865825562419627,4.896964795869977
2025-12-30,计算机,0.015545848328783588,5618.368058864191,20.362097867429732,0.9961876782532508,6.355746141431916
2025-12-31,计算机,-0.009465104005329763,5565.189620846819,19.91590073982987,1.0056406663001052,3.1689298172729594
2026-01-01,计算机,0.02330485969729829,5694.885584149514,19.951656506531666,1.0096776391345645,1.8897182963951829
2026-01-02,计算机,0.01707398817954861,5792.119993297164,19.67348700419499,1.0129848465664815,1.0641588512867153
2026-01-05,计算机,-0.003950076575787181,5769.240675787492,19.446288599780367,1.0185512001071735,1.4689376607709332
2026-01-06,计算机,-0.0030081275133195832,5751.886064179694,19.597240990924508,1.021963427786731,3.856283231219716
2026-01-07,计算机,0.003508753066060412,5772.068012043014,19.60927572721895,1.0106447891280474,7.356585809418981
2026-01-08,计算机,0.010092972043837075,5830.32533312369,19.886395862963035,1.0190420836224685,3.870166507192201
2026-01-09,计算机,0.0015973750654961353,5839.638549434552,19.76285578976681,1.0187767232452072,2.9470054831423758
2026-01-12,计算机,0.006055492915930634,5875.000439302249,19.738522935318873,1.0161655165169692,5.699130964949958
2026-01-13,计算机,-0.02649098395760831,5719.365896913751,19.730600797400157,1.0060032637003844,6.1697732763313535
2026-01-14,计算机,0.005117166103611849,5748.632842215592,19.880944527664795,0.999477168129726,7.62043548072443
2026-01-15,计算机,0.005702210649281634,5781.412757627284,19.936834899584035,0.9957185622799066,2.8537142524482317
2026-01-16,计算机,0.0024710457192759893,5795.698892873387,19.98443637591067,0.9894845786777954,4.101279836446126
2026-01-19,计算机,0.010805485394161774,5858.3242326092895,20.19761232523629,0.9940906211338818,1.727715631386727
2026-01-20,计算机,0.011996093179937248,5928.601235981955,20.107200333649867,0.971560310407329,3.201038740679838
2026-01-21,计算机,0.020587842412460373,6050.658343954669,20.364420409547126,0.9759377601328779,3.8765303347393076
2026-01-22,计算机,0.021916946276867987,6183.270297818807,20.51733928982761,0.9745627619382352,7.018234639795469
2026-01-23,计算机,0.0014448112821876496,6192.203956505911,20.2413025302058,0.9722588777186637,2.692351552357771
2026-01-26,计算机,0.015354118802540236,6287.279791703663,20.23411906107228,0.9829806947105463,1.6777311169105302
2026-01-27,计算机,-0.009872683104708185,6225.207470729537,20.274485365000317,0.9828852008008075,6.393064619546359
2026-01-28,计算机,0.000310440221353507,6227.140025514721,20.034671139115133,0.9790508994178275,6.4605881661447535
2026-01-29,计算机,-0.02134380797392177,6094.229144583413,19.918098007232754,0.984733437243509,7.455563227084021
2026-01-30,计算机,-0.025753940957265176,5937.278727013767,20.130645743307404,1.0044077426968159,4.919233722920498
2026-02-02,计算机,0.0008900958010451142,5942.5634738783165,20.337434340335413,0.9759720939019159,2.234883372995203
2026-02-03,计算机,0.0028943340894788516,5959.763237919655,20.556289151607487,0.9787808555084168,7.527107848641456
2026-02-04,计算机,-0.0072795084368267714,5916.379091147728,20.53179472230902,0.9827637716750891,1.9486181149252784
2026-02-05,计算机,-0.01490391041417716,5828.201907196952,20.5396502394958,0.9783279991496141,3.6821512799138807
2026-02-06,计算机,-0.022210566899346258,5698.754238834256,20.50496802624814,0.989471186955826,2.1953778200233582
2026-02-09,计算机,0.0012255734895148813,5705.738480952632,20.218478071312905,0.9920964334425625,4.960231145858021
2026-02-10,计算机,-0.015507363530353967,5617.2575201193695,20.26464079963141,0.9932075317847535,7.38578192770809
2026-02-11,计算机,-0.005798499851639748,5584.685853222335,20.143836342023864,0.9923734940427825,1.0651720353364758
2026-02-12,计算机,0.009391861123749345,5637.136447175567,20.048623983844763,0.9917782346082903,4.807145448127823
2026-02-13,计算机,-0.004948088902645566,5609.243394878599,19.71408583731714,0.9995039984661027,5.6333110353035005
2026-02-16,计算机,0.004681966704826428,5635.505685692688,19.91599202752991,0.9973904753870921,7.339074963011925
2026-02-17,计算机,0.0015052472058857983,5643.98851487983,19.750905410579236,1.0042264893397508,2.1403185813417585
2026-02-18,计算机,0.006170723247638937,5678.816006018006,19.808066425676724,1.006795780400319,7.400383098665385
2026-02-19,计算机,0.00695743585667052,5718.32600412171,19.766587020875356,1.011273536461652,1.353552295825975
2026-02-20,计算机,-0.02837416681015958,5556.073268205887,19.509820861014774,1.0082808911126753,2.332894472174371
2026-02-23,计算机,-0.006519420076749626,5519.850892593254,19.320215660278382,0.9904683526416159,3.244985154890057
2026-02-24,计算机,-0.0032587959778541927,5501.862824706116,19.335942478234927,0.9931102012436996,1.1640306875717175
2026-02-25,计算机,0.015542622073261462,5587.376199289451,19.306482826264315,0.9885491831344065,6.308693401129425
2026-02-26,计算机,-0.004016882273321295,5564.932366880147,19.50623534221705,1.0039703530056798,1.3750359172518554
2026-02-27,计算机,0.005275361629039394,5594.289397556586,19.351343660658962,1.0041343388502728,4.814171802205754
2026-03-02,计算机,-0.021785107860131426,5472.417199630026,19.36921542166302,1.00368662394718,6.8972487478490265
2026-03-03,计算机,-0.005558121119961742,5442.00084201552,19.400559523989397,1.003542936354707,2.1249934443368996
2026-03-04,计算机,-0.01444600072995696,5363.385693879338,19.048323296711406,1.0018624706581296,5.475704950178685
2026-03-05,计算机,-0.00273677906452872,5348.707292197336,18.8894950873346,1.006434339186601,1.2840999849428656
2026-03-06,计算机,-0.004771470569222543,5323.1860927692305,19.035555350309803,1.0009888599198509,1.218494922371233
2026-03-09,计算机,0.0006414588751632828,5326.600697732583,19.114232261886155,0.9931304892766157,1.4648374742234815
2026-03-10,计算机,-0.020872254158912605,5215.422534166468,19.00262508751389,1.0088171581155885,7.642413527321006
2026-03-11,计算机,0.003276130088519448,5232.5089368549925,18.755836850793145,1.0240578588092057,1.4760716236669436
2026-03-12,计算机,-0.002263629775480478,5220.66447382506,18.669590548145063,1.0190061112654019,6.167055283891828
2026-03-13,计算机,0.004820148533260113,5245.828852031211,18.475001921882647,1.0226913903845471,7.59529818142747
2026-03-16,计算机,-0.0051396112657874915,5218.8673309649175,18.15213386205528,1.0249292745387002,2.638404425122494
2026-03-17,计算机,0.007059864216301482,5255.711825684422,18.45683143868097,1.0237970775219707,5.857043396298762
2026-03-18,计算机,0.009067041768858988,5303.365584332989,18.87262485595067,1.0042156712612518,2.8744202022288223
2026-03-19,计算机,-0.024183160503430914,5175.113443198692,18.494180176548024,1.0066053997040234,3.30524894237753
2026-03-20,计算机,0.0022924669422118827,5186.977219689422,18.493469232694274,1.0018239309935413,4.81122932504418
2026-03-23,计算机,0.007851865418751124,5227.704666748551,18.397397166195688,1.0041900994646176,5.931455454881793
2026-03-24,计算机,-0.0033735051258342624,5210.068978258927,18.678910730479974,0.9867270817659249,6.947201224877206
2026-03-25,计算机,-0.0343631790391595,5031.034445152644,18.62496465804786,1.0080642857703912,2.323543576448442
2026-03-26,计算机,-0.003259924999595622,5014.633650191065,18.668501972370894,1.0134878304853885,5.4328824213624225
2026-03-27,计算机,0.003484458737839626,5032.106934230537,18.542777582011574,0.9937425551918448,5.121671891093563
2026-03-30,计算机,0.010462448129134319,5084.755092010181,18.521769210900292,0.9870415061576283,2.223507005316106
2026-03-31,计算机,0.0007057858235157986,5088.343840070172,18.561567837457346,0.9782384999904101,1.663172403455409
2026-04-01,计算机,0.018153664231420282,5180.71592563682,18.837950677538203,0.9708330339539216,1.172881083802779
2026-04-02,计算机,0.0026088414975763965,5194.231592330777,19.04322894183337,0.9689966152215764,2.13748890832109
2026-04-03,计算机,-0.0015942943655315699,5185.9504581698575,19.091010744408955,0.974159697199459,2.749312051458229
2026-04-06,计算机,0.002964635961171552,5201.324913391001,19.026860713571175,0.9593160386182608,3.5452801443304467
2026-04-07,计算机,0.02186618292582631,5315.058035403866,19.127657918363624,0.9508308844062605,7.794676194557094
2026-04-08,计算机,0.005575167666140048,5344.6903751065065,18.94455911245894,0.9394702826196538,2.779030960894701
2026-04-09,计算机,-0.03165921374050997,5175.481680144163,18.935561590945266,0.9493094423877577,4.803840965387849
2026-04-10,计算机,-0.013621765351433819,5104.982483116595,18.84991332364985,0.9511559225789149,2.373639971814989
2026-04-13,计算机,-0.00685305008177967,5069.997782493189,18.713167347355274,0.9631199898403469,3.9104236069275604
2026-04-14,计算机,-0.03315361251905795,4901.909040539927,18.63560964928394,0.9608009485970324,5.646140524857569
2026-04-15,计算机,-0.009271555412247749,4856.460719244763,18.450946243535977,0.9681843418857119,4.220718385903815
2026-04-16,计算机,-0.00830057662082579,4816.149294938641,18.362408065176883,0.9630945196378458,2.957210028515923
2026-04-17,计算机,-0.010265783558473672,4766.707748691506,18.411603812362607,0.9561910900713974,1.5260006722431059
2026-04-20,计算机,0.0056055307385729156,4793.42767549859,18.27747231989158,0.9659141407884104,4.901973212690994
2026-04-21,计算机,-0.014500934527609212,4723.9184946133555,18.392103896250042,0.9561147977031151,1.8139157620501645
2026-04-22,计算机,-0.03585502901650796,4554.542259917375,18.596985451023702,0.9612571151097206,7.099335146381978
2026-04-23,计算机,-0.022307148237445024,4452.94341057169,18.390053947640233,0.9575478809410288,2.7996726257657825
2026-04-24,计算机,-0.03379078141223924,4302.474973143991,18.33844730664288,0.9558034614639513,3.6141121380180485
2026-04-27,计算机,0.010932396451542278,4349.511335273239,18.499923048693013,0.9528916021495876,5.5555182459283134
2026-04-28,计算机,-0.023367285266768248,4247.875063130867,18.659986467673995,0.9531777885934438,3.78775164404389
2026-04-29,计算机,0.016577080086119682,4318.292428248217,18.97221676172339,0.9529079243018288,1.0893579856252815
2026-04-30,计算机,-0.0020795107347405827,4309.312492787926,19.133122988334854,0.9460946629906442,4.076257620509095
2026-05-01,计算机,-0.005619474533611783,4285.096420977329,18.74067141548855,0.9453540542588837,5.750620656788279
2026-05-04,计算机,0.007786031487091984,4318.460316636283,18.727672715457324,0.9548652164480241,1.765491321766352
2026-05-05,计算机,0.006290841836421214,4345.627067465103,18.48012295305389,0.9469194674546076,4.986376716956142
2026-05-06,计算机,0.009888356304138387,4388.598176273106,18.317639095936748,0.9564059616808644,1.8756223688548248
2026-05-07,计算机,0.0026194931399404265,4400.0940790898085,18.34153501942467,0.9482764530444714,7.624650573508596
2026-05-08,计算机,-0.02608565642711495,4285.314736695689,18.21523826668342,0.9533773408535517,6.858494829912366
2026-05-11,计算机,0.00269983726039766,4296.884389094352,18.25220889344664,0.9465339607187845,6.744035075336948
2025-05-12,通信,-0.0021676303156012476,2136.3365217765136,15.911743315348561,3.395087384121179,6.1003060975494385
2025-05-13,通信,0.004375372496680441,2145.6837898375484,16.06793739172691,3.3521570761313115,5.097627959536695
2025-05-14,通信,0.03151990523765141,2213.3155395631925,16.158909539159602,3.3427750121432895,1.834901704278204
2025-05-15,通信,-0.002839251514064792,2207.0313800663844,16.159053023125967,3.301473453136629,6.883099253822141
2025-05-16,通信,0.014771327972243092,2239.632164426377,16.246507958163797,3.272456011577394,3.7557732019342898
2025-05-19,通信,-0.025557650047934255,2182.3924293318705,16.264261803559773,3.2731205892214414,2.1678079346518397
2025-05-20,通信,0.010745977201116523,2205.84436862136,16.195602522344895,3.279849010673229,3.862490650296704
2025-05-21,通信,0.0019637252099282978,2210.1760408172,16.137861920970206,3.33373873226349,5.414120881159804
2025-05-22,通信,-0.019900853355412144,2166.1916515392513,16.10985756765747,3.42015295128536,6.674226937821127
2025-05-23,通信,0.013628078525279372,2195.712681467233,16.219549471635922,3.453639146739372,1.7937096688680079
2025-05-26,通信,0.0002375345047568395,2196.234238991614,16.45428745265296,3.4506362015171854,4.796099829347554
2025-05-27,通信,-0.005474148168661127,2184.211727354287,16.513125577915044,3.433007982589016,1.05848292920497
2025-05-28,通信,0.004594277502782525,2194.2466021545847,16.354389764765415,3.4454536967502865,5.938476563542367
2025-05-29,通信,0.0036976928569228775,2202.3602521416988,16.22375863784533,3.490196542871522,1.00899097868761
2025-05-30,通信,0.0016141894042141904,2205.915278724968,16.089248767918146,3.467004282320711,6.114753080698732
2025-06-02,通信,0.02663191494618636,2264.6630268064646,15.986649100211936,3.468139372553479,2.344113756775642
2025-06-03,通信,0.007679072277308447,2282.053537873059,16.08304675737911,3.4941843672208495,2.2367761992341366
2025-06-04,通信,-0.01814708221614135,2240.6409246996404,16.19415207818544,3.498977530492708,3.2412681719990704
2025-06-05,通信,-0.01518000835798679,2206.6279767354526,16.26661602775669,3.457035455192451,2.478457810115662
2025-06-06,通信,0.01734979735942353,2244.9125249794474,16.14402297750677,3.4418799273949685,7.31341275486518
2025-06-09,通信,-0.02133033873986621,2197.0277803802674,16.069198164791267,3.3893537610939584,6.210934776693282
2025-06-10,通信,-0.008025987086624945,2179.394463785979,16.06164944335554,3.40146152260808,7.027233799805683
2025-06-11,通信,-0.017462779238599613,2141.336179391058,16.090722739936496,3.40521390001423,5.554245662764724
2025-06-12,通信,0.02954914943878574,2204.610842154563,16.071756254056446,3.431472878007557,7.308243362521489
2025-06-13,通信,-0.0009311977135929916,2202.5579135789867,16.285052927630705,3.386573317444694,7.88518109817142
2025-06-16,通信,0.01471918269711409,2234.97776590993,16.243654903811468,3.3897317308700443,3.286353340236061
2025-06-17,通信,-0.008093439005405689,2216.8891096831,16.263624725873274,3.3885513051593343,3.32883125784869
2025-06-18,通信,-0.006020535800904508,2203.542249431617,16.051036647176247,3.3770348026222896,2.1530242286008665
2025-06-19,通信,0.00246846608250263,2208.981618735701,16.303113154988864,3.360393958603205,5.142655353643281
2025-06-20,通信,-0.01515596280620755,2175.5023754825465,16.410091887812627,3.3823657252381745,6.014277404332196
2025-06-23,通信,-0.003983254562097547,2166.8367957205514,16.679629640402656,3.372766070147288,5.350250958597492
2025-06-24,通信,0.0018401086451136361,2170.8240108409072,16.67989342470972,3.414126256097072,3.5025932989906585
2025-06-25,通信,0.013129471341297298,2199.325782478243,16.50062189605518,3.434629935953974,3.396338577226935
2025-06-26,通信,0.006052309100201797,2212.636781925845,16.545664084870417,3.4758530406277854,7.179855434746554
2025-06-27,通信,0.026690754560784312,2271.6937272043915,16.91444045602828,3.518629124900354,7.752833351799227
2025-06-30,通信,0.007407780171623366,2288.5219349527774,16.921115322613417,3.5389653089275135,5.3043211019685526
2025-07-01,通信,-0.013419185702839244,2257.811834122625,16.915798937365192,3.5605295604800973,3.181923250449684
2025-07-02,通信,0.01258931233430096,2286.236132494476,17.033152280696456,3.546362800948466,1.5065008041892862
2025-07-03,通信,-0.004919647693147724,2274.9886561792587,17.10599198284584,3.565160298390032,5.746857510756525
2025-07-04,通信,0.0023195768615721576,2280.2656672264716,17.339636543120992,3.5431755576481048,3.407857454214591
2025-07-07,通信,0.011282349251755483,2305.992420870908,17.51724051754941,3.5305779162041886,1.2173981322460894
2025-07-08,通信,-0.0019398129713380625,2301.5192268610954,17.734263613596323,3.539622312832258,4.761654333106986
2025-07-09,通信,-0.019252507707519597,2257.2092102069473,17.641022288129463,3.5179387191039417,7.678921490997508
2025-07-10,通信,-0.0012162739320407145,2254.4638254854103,17.678316081525793,3.516803581308463,4.878408684221475
2025-07-11,通信,0.006176720682680011,2268.3890188246396,17.713022726019286,3.536590892454984,4.796705921333071
2025-07-14,通信,-0.0016348507319911775,2264.6805413767734,17.551006809758388,3.539065763499753,1.0055265776525315
2025-07-15,通信,0.010793464621506047,2289.1242906791367,17.583018605492967,3.5567492664388913,1.5508900369525662
2025-07-16,通信,-0.016315496288254662,2251.7760918112076,17.423586902672998,3.566705993779074,6.1516749236062465
2025-07-17,通信,-0.004971661680383443,2240.581022902746,17.16265532065975,3.533229014302979,6.1914647303233465
2025-07-18,通信,0.005523107044040698,2252.955991733084,17.3055796221757,3.4974654325304133,2.1079813548956157
2025-07-21,通信,-0.011228134434576377,2227.6594989827204,17.35894584524598,3.454522507492046,6.238626745997278
2025-07-22,通信,-0.006597744634443374,2212.9619704759402,17.435597986736,3.445012952424719,7.2427414798462895
2025-07-23,通信,0.007133936966813062,2228.74910168327,17.26367238212518,3.4394132702699816,5.993252106508906
2025-07-24,通信,-0.011384767640842517,2203.3753110308694,17.425510353385423,3.4806338853162053,2.977786045637105
2025-07-25,通信,-0.01214944103886564,2176.6055326030078,17.3902527226529,3.4815320066171194,5.961359426419582
2025-07-28,通信,0.02744909245333209,2236.351379101862,17.278649119135345,3.4495810261828592,3.339507360820803
2025-07-29,通信,0.0006269517262873248,2237.7534634595754,17.281652769138134,3.371418533930846,1.2157723308955917
2025-07-30,通信,0.017593944340632463,2277.124373343741,17.279362133094217,3.3898487173133627,3.3935414550230862
2025-07-31,通信,0.020114231774079578,2322.926980767583,17.58474845132653,3.3800032443953985,5.565848041606391
2025-08-01,通信,-0.021294236254256315,2273.4620248377314,17.476000187416403,3.3564587428502706,1.264740955864247
2025-08-04,通信,-0.01056088245489147,2249.4522596277607,17.427824232511767,3.3649457002894736,6.981980648228486
2025-08-05,通信,-0.008290218741051573,2230.8038083478937,17.40572049621047,3.340233025935507,2.609428596031428
2025-08-06,通信,-0.024939115286486523,2175.1695349899724,17.42081647388634,3.2884084979758796,3.668028174243149
2025-08-07,通信,0.013550151902396446,2204.6434126025515,17.640937255031282,3.2723147731977553,4.161472968631865
2025-08-08,通信,0.010867886801323634,2228.603227648,17.369645874881083,3.2371537439532077,7.135923435521023
2025-08-11,通信,-0.0057340055986856075,2215.8244042634174,17.347826149571894,3.2058139277231352,5.23989468321913
2025-08-12,通信,-0.013763278655547917,2185.3273955357763,17.559806785246654,3.210812617589085,4.0765544631328625
2025-08-13,通信,0.015995000409481118,2220.2817081222215,17.55122390176151,3.1915785709242104,6.745150885710112
2025-08-14,通信,0.017045797962896944,2258.1281815395882,17.605600022559567,3.1650341078170783,1.0954789208511675
2025-08-15,通信,-4.475818519034225e-05,2258.0271118202554,17.758134932495445,3.1377798424479573,6.531819327591856
2025-08-18,通信,-0.0004037934763124235,2257.1153352031656,17.489388377510654,3.092696435507352,2.6194409924010533
2025-08-19,通信,-0.023549583844406745,2203.9612083703023,17.44757893277438,3.0838329066225914,1.3873267101434226
2025-08-20,通信,-0.021931171016410345,2155.625758195999,17.590301914196644,3.0526548852889532,1.0591604724372239
2025-08-21,通信,-0.020358385631005144,2111.740697734517,17.91282520334776,3.0982606213697106,5.576445460693094
2025-08-22,通信,0.02389744578085429,2162.2059065618514,17.739134331836297,3.151792102199567,7.214723482350733
2025-08-25,通信,-0.027722266758332326,2102.264657633702,17.671505454136184,3.118897744554901,3.2162170437918904
2025-08-26,通信,-0.016088837939344514,2068.441662251422,17.627648876363374,3.1543679170778955,4.090738072652279
2025-08-27,通信,0.00045237599431715973,2069.3773756050696,17.79677553051565,3.1535534114841335,5.942406802466215
2025-08-28,通信,-0.025300296517153174,2017.021514396373,17.787240394093804,3.1584227045806617,2.548033270774854
2025-08-29,通信,0.014669026359555404,2046.609256158844,17.905251444553546,3.1424625244494067,1.309018934612188
2025-09-01,通信,-0.006647459477025426,2033.0045040632228,18.08923679171099,3.1687044859161664,3.890378327124493
2025-09-02,通信,-0.00012017953258620524,2032.7601785321788,17.997864069002713,3.1700360102249086,1.016432317072172
2025-09-03,通信,0.012074813091402884,2057.3053777476016,17.836780858416123,3.2148482604503834,5.984503945735513
2025-09-04,通信,-0.01576367067899836,2024.874693286656,17.75046414331244,3.2276507714952176,6.752610214779402
2025-09-05,通信,0.007778165361285356,2040.6245034869219,17.950173962884126,3.1960071808119443,1.8532244845625128
2025-09-08,通信,-0.01240090053312709,2015.3189219937185,18.328977453656833,3.203725496751787,3.5153729336105104
2025-09-09,通信,-0.03323182399039375,1948.3461982935132,18.269975346531513,3.2231770908943935,2.147441834328614
2025-09-10,通信,0.004200496842531085,1956.5302203476026,18.12331291430202,3.2146330337789126,5.374606392854824
2025-09-11,通信,0.004188988794773934,1964.7261035172753,18.14374407137487,3.2185171568080033,1.3999290354033098
2025-09-12,通信,-0.009404781387691232,1946.248284027005,18.154388896401127,3.2434611770499995,5.685438455339573
2025-09-15,通信,-0.003980633863294707,1938.5009822012278,18.192770262459035,3.223365686848537,4.279228659609606
2025-09-16,通信,-0.005594567477168595,1927.6559076517453,18.134074885275915,3.2255453778816827,2.924269607799614
2025-09-17,通信,-0.0009665905039662432,1925.792653756495,18.067906569268715,3.1987182862099437,7.34094572999514
2025-09-18,通信,0.006516274853297092,1938.341647998833,17.893125054561857,3.2001702914895582,7.452086686161629
2025-09-19,通信,0.012358668804950075,1962.2969704572918,18.022056861397278,3.176663034246812,2.4770468419526823
2025-09-22,通信,0.00981441198804644,1981.5557613682547,17.872084698869344,3.1944222495070718,4.070701877621342
2025-09-23,通信,0.010244339485704261,2001.8554912975644,17.967167402073773,3.230975711510039,6.8703525733863975
2025-09-24,通信,-0.003231977617215184,1995.3855391567913,17.79598823227599,3.2485193427625343,2.9180824626988326
2025-09-25,通信,-0.010643278016142472,1974.1480961141551,17.74625976794185,3.225895241456593,4.187301248660216
2025-09-26,通信,-0.009997415649418355,1954.411717043794,17.882382993896364,3.254997624267284,1.6702793906435036
2025-09-29,通信,0.0020909349200510766,1958.4982647511179,17.993681039861595,3.288891081197412,2.8015582088114384
2025-09-30,通信,-0.01017118306414607,1938.5780203695217,17.9838282050029,3.289648198765911,6.875856263264904
2025-10-01,通信,0.03130668024204925,1999.268462577495,17.870702148934605,3.3078236516444153,6.4056819312529365
2025-10-02,通信,-0.016108605081169985,1967.0630364625963,18.203054164005206,3.293826350746803,4.19428146675679
2025-10-03,通信,0.00012086604336431396,1967.3007875888616,18.345141749424386,3.3044441863795755,3.873533749438496
2025-10-06,通信,0.0070556009839455045,1981.1812769614903,18.272999561824992,3.2670979990119946,6.783521630426541
2025-10-07,通信,0.0022824812407672,1985.703286060714,18.04679121083581,3.2530474666259264,5.495467459018882
2025-10-08,通信,0.017045589464471978,2019.5507690731577,17.982795345228126,3.245537478195611,6.560689575649994
2025-10-09,通信,-0.003998868134830109,2011.4748518560393,17.912154652676403,3.23510058335595,7.811317446599128
2025-10-10,通信,0.01414610337216736,2039.9293830409097,17.779477187477603,3.232158797978706,5.9526597328463
2025-10-13,通信,0.014800489287284214,2070.121336021423,17.868217536975923,3.189386310501179,2.64138804748219
2025-10-14,通信,-0.015317070355263064,2038.4131418736515,18.265601495235973,3.162901867157009,5.422423905569287
2025-10-15,通信,7.294453071708977e-09,2038.4131567427605,18.21552356453113,3.1477284488207027,4.994652052865524
2025-10-16,通信,-0.029260482369563644,1978.7682045080023,17.92670339817883,3.1099763262659867,6.129063907893146
2025-10-17,通信,0.01381998734273686,2006.1147560485133,17.99933103840321,3.125508492393594,5.0963634977499765
2025-10-20,通信,-0.021177666467510584,1963.6299268493665,17.963860076224055,3.067962337204944,3.196475003140101
2025-10-21,通信,-0.005315534893266806,1953.1921834557356,17.897731376308094,3.0756801234424707,5.62509175176406
2025-10-22,通信,-0.009963886446676774,1933.730798331246,17.873150824769414,3.1027088282358686,5.101041353695451
2025-10-23,通信,0.0006390347585724004,1934.9665195251014,17.93482679299054,3.0963444884548106,5.0932976583611325
2025-10-24,通信,-0.019856126618317572,1896.5455793112058,17.860910786238502,3.0932105197406607,6.608200523067274
2025-10-27,通信,-0.01880345069389891,1860.8839780218957,17.923590860990775,3.135316936284031,6.392882509480506
2025-10-28,通信,-0.0003447390012388001,1860.2424587378912,17.645150220026068,3.135221518966224,7.816198074269455
2025-10-29,通信,-0.014355759726268798,1833.5372649676465,17.889013542465705,3.1596238527570955,2.6952841191563737
2025-10-30,通信,-0.013663284459700229,1808.485123748933,17.905733355009183,3.1271279808300667,3.029911748508993
2025-10-31,通信,-0.0129842050487178,1785.003382074621,17.948213106110178,3.094832422752021,1.0017005410415891
2025-11-03,通信,0.01404519855341749,1810.0741089943808,17.89570710446795,3.107317490439018,6.448603331818439
2025-11-04,通信,0.005594737368231737,1820.2009982512404,17.90757848080669,3.1441652913941516,1.44475005696743
2025-11-05,通信,-0.015287184518423083,1792.375249730356,17.970539527974147,3.1416924721128052,4.772866121150844
2025-11-06,通信,-0.009577110671105634,1775.2094735995377,17.9181940460233,3.1659724969368908,3.6175709952264223
2025-11-07,通信,0.020559869928896638,1811.7075494732894,17.98864057424132,3.160170382989146,3.2465480682360828
2025-11-10,通信,0.0036165050210730763,1818.2595989226754,17.751337904933838,3.1746410618595444,3.6947110584629
2025-11-11,通信,-0.01270854684133843,1795.1521616400535,17.943450060237254,3.16279142022083,7.739493655865125
2025-11-12,通信,-0.0030415655677497886,1789.6920886363375,17.79753042721455,3.103929049169033,3.542323866013575
2025-11-13,通信,-0.005176832602552162,1780.427152283355,17.81677886087206,3.095828198992764,4.053500919840317
2025-11-14,通信,0.007960059420254607,1794.5994582089654,17.745566860048786,3.094252376932106,3.089154628034324
2025-11-17,通信,0.021419640012430217,1833.0391325703038,17.549181530064935,3.1165737862478995,2.652055512265984
2025-11-18,通信,-0.006395499264037131,1821.315932146999,17.46558801106906,3.1174217250654186,3.553726674154998
2025-11-19,通信,0.011235819665283317,1841.7799095141102,17.42746488756951,3.141617284101532,3.3450599897038704
2025-11-20,通信,-0.007596621844450454,1827.7886040208252,17.253882532990175,3.1702904225922865,3.0270789326950895
2025-11-21,通信,-0.01749311587871092,1795.8148861689017,17.157500709665175,3.1734398064648044,2.3390240968756006
2025-11-24,通信,0.010058016519440806,1813.8772219598463,17.13838468619731,3.211839207578301,2.785610556949787
2025-11-25,通信,-0.01677343909819495,1783.4522628456998,17.021881933971752,3.1994290738951743,2.2180731361128694
2025-11-26,通信,-0.030867698238706994,1728.4011965730397,17.157149314830217,3.272661102046149,3.193573861200947
2025-11-27,通信,0.00467406656901482,1736.479858823787,17.299509924776505,3.2488233866975262,7.0989389168481
2025-11-28,通信,-0.004064351658300076,1729.422194029972,17.403778135907658,3.1951818026387158,1.8806163544223593
2025-12-01,通信,0.011510931908466856,1749.3294551464421,17.501676503836734,3.259045319572674,2.4209549143383806
2025-12-02,通信,0.021308572051516452,1786.60516788327,17.46974039216372,3.236813806682887,4.836150480603946
2025-12-03,通信,0.003069323902043791,1792.0888378285692,17.603627635803097,3.2539959956374442,5.403823050439867
2025-12-04,通信,0.007288360990757336,1805.1502282061704,17.49364443644558,3.2085815366965993,5.685884449775504
2025-12-05,通信,-0.013624796796673935,1780.5554231593917,17.555023237826067,3.1734147995658453,7.392441732699206
2025-12-08,通信,-0.018830379652647597,1747.0268885487199,17.805933255999378,3.1628483383472132,7.867206423805533
2025-12-09,通信,0.00925221515452305,1763.1907572023097,17.986639723388326,3.175282450506267,1.5991968697593784
2025-12-10,通信,0.008722760050105966,1778.5706470999498,17.88648721229288,3.208442621826012,5.872219848923796
2025-12-11,通信,-0.023492581256309094,1736.787431652868,17.777510159420817,3.2005879961137413,1.4875210742378595
2025-12-12,通信,0.009050071416567069,1752.5054819447225,18.138804787804286,3.2023380889896234,3.957120530216154
2025-12-15,通信,0.02570643944688639,1797.5561579966711,18.08828351535389,3.200418567673344,3.3489004118766
2025-12-16,通信,0.01363288306125461,1822.062030894678,17.83644138214817,3.1953652960403005,1.1257050462510567
2025-12-17,通信,0.017708136254707376,1854.3273536022898,17.839238081445767,3.1748528392252258,7.786075629731148
2025-12-18,通信,-0.006536612032439728,1842.206335110651,17.868098525630362,3.1895142682970223,6.890078319693713
2025-12-19,通信,-0.009713415054792743,1824.3122203611526,18.08829657239255,3.221545916584491,1.1983621526836925
2025-12-22,通信,0.007456682510041667,1837.9155373875751,18.168078146881662,3.244185744752508,2.5039822449749867
2025-12-23,通信,-0.015015624339729248,1810.3180881100118,18.092991049802762,3.217628756588131,3.929146480228207
2025-12-24,通信,-0.04861718411946562,1722.3055203055685,18.266025571516433,3.177629950061959,3.0907051017128477
2025-12-25,通信,0.02369763690058862,1763.120091157649,18.323192288117507,3.1924194474919494,7.004358838607096
2025-12-26,通信,-0.01632661544409661,1734.3343074475576,18.3209967631074,3.167394996669005,4.088607683642017
2025-12-29,通信,0.010011920032566384,1751.6983238434589,18.305147050363985,3.1955746921659185,6.210577430127935
2025-12-30,通信,0.018468907129617726,1784.050277505631,18.37543837488427,3.2318355824012643,4.237197719456036
2025-12-31,通信,-0.004876536772222288,1775.3502907238812,18.372225356358683,3.250120826552074,4.238334903536106
2026-01-01,通信,0.008935654189291275,1791.2142069866477,18.448104839442504,3.2164501627063427,4.274307616703057
2026-01-02,通信,0.0035055132325700544,1797.4933320916068,18.764380189959684,3.204362370804336,6.810228785396523
2026-01-05,通信,-0.02052148978795447,1760.6060910331728,18.79754025077394,3.174855968669517,4.716013240019331
2026-01-06,通信,-0.014268518986437627,1735.4848495956282,18.754244842227006,3.1810796683971696,2.633773886206889
2026-01-07,通信,0.01591270455631443,1763.101107269203,18.326206434326615,3.17322424894109,6.529052347248771
2026-01-08,通信,0.02337477193073549,1804.313193542448,18.197188184397447,3.1800576203291375,2.09432006874987
2026-01-09,通信,-0.03031373289266385,1749.6177253386932,18.016344640101714,3.193135241985186,3.7169315670157452
2026-01-12,通信,0.02345945889886502,1790.662810455002,17.943659785268114,3.1776083308457332,5.028507129283413
2026-01-13,通信,0.008025368893714746,1805.0335400731592,17.559567184988346,3.1901214846301698,6.9677711859917695
2026-01-14,通信,-0.01472627451831764,1778.4521206472712,17.551187153793936,3.146693318116695,7.828691303146313
2026-01-15,通信,0.014735608274530246,1804.658694432137,17.312466294659025,3.1518391528121397,1.6274224131323254
2026-01-16,通信,-0.01165255196287724,1783.6298152200084,17.40688757295277,3.1761083870534152,5.128103252535261
2026-01-19,通信,0.017095212986524663,1814.1213468003102,17.384965849284143,3.1760761723326536,7.5207453440868335
2026-01-20,通信,0.009214075710675897,1830.8367982380819,17.536498299590807,3.2361778944326502,4.181379130687497
2026-01-21,通信,0.0011154287533448129,1832.8789662455183,17.308879415460066,3.2125203116768573,7.8645375369483475
2026-01-22,通信,-0.03173990576753834,1774.7035605735823,17.21824547422982,3.1598474555782046,1.934608859469737
2026-01-23,通信,0.02292071918741604,1815.3810425263969,17.274814240804105,3.1657338876759695,2.7754973203896287
2026-01-26,通信,-0.016826567818235678,1784.8344102983872,17.220449391850828,3.1464249889336005,1.8181513241365734
2026-01-27,通信,-0.003940165925747213,1777.8018665718284,17.173736736067532,3.1295268182632534,7.037038910988098
2026-01-28,通信,0.002225797487183396,1781.7588934991538,17.119177102801913,3.1284885219316583,5.484971573090551
2026-01-29,通信,-0.02349441178832764,1739.8975163477696,17.038196349304783,3.143431999162733,3.913519217226201
2026-01-30,通信,-0.01684674907991057,1710.5858994650991,17.113560412084265,3.1198790929020426,4.955505981256856
2026-02-02,通信,0.010084030322805257,1727.8354995450684,17.262082532627197,3.1285323303638113,4.090831022158813
2026-02-03,通信,-0.010076739694640954,1710.4245509809928,17.08679767009411,3.1669796593908837,7.697702694136145
2026-02-04,通信,0.0036688662077612546,1716.6998698170123,17.075168645090994,3.1599564863684284,6.624792437784993
2026-02-05,通信,0.007470361694276127,1729.5242387650621,17.193226140450808,3.091510720224919,3.0645179506270503
2026-02-06,通信,-0.00650826722093284,1718.2680328540985,16.955395795035955,3.0941455521667236,5.934377929119353
2026-02-09,通信,-0.0012081183246003895,1716.1921617570322,16.988069081085218,3.077667532378669,5.575595334839343
2026-02-10,通信,0.0023564696466287743,1720.2363164939948,16.976556547602314,3.0815511845961048,6.3603432473327794
2026-02-11,通信,0.004835103991615223,1728.5538379743964,16.980695624116645,3.0594317360839556,2.621080939022996
2026-02-12,通信,0.007352203925369069,1741.2625182871634,16.91415276874755,3.0570949997811017,7.570047677102231
2026-02-13,通信,-0.01647258071051686,1712.5794309164803,16.916334665754846,3.060599807688723,2.1909991812401053
2026-02-16,通信,-0.010743445236064242,1694.180427588019,16.675875645483476,3.033378140100536,7.805607964514503
2026-02-17,通信,-0.014295686406881034,1669.960955478545,16.738996563410833,3.016320570575929,1.002872026074224
2026-02-18,通信,0.011818707465976123,1689.697735490948,16.76298207397688,2.9952883174586407,5.561758564148989
2026-02-19,通信,-0.008616488574567392,1675.1384742586176,16.896691578928266,3.0223022258773002,3.235218160149618
2026-02-20,通信,-0.0010094321267471518,1673.4475356659507,17.004777907155447,3.018353697910064,3.970723126507573
2026-02-23,通信,0.01798743798113262,1703.5485694284212,16.970854106412656,2.9902699052355546,4.761918570198649
2026-02-24,通信,-0.0004909210618669808,1702.7122615557753,16.91742356898319,3.0066484802193667,5.446098922047545
2026-02-25,通信,0.016248701531164575,1730.3791248872492,17.111542162627327,3.013497735942872,4.789347678908871
2026-02-26,通信,-0.01225768447416312,1709.1686835537027,17.05650028971215,3.0116773428919026,7.146806378899909
2026-02-27,通信,0.015213990187935027,1735.1719591348149,17.29455225199508,3.032393672937739,6.62982808064915
2026-03-02,通信,-0.0157599042484833,1707.825815204197,17.52437525563323,3.066656826624148,3.615552074610889
2026-03-03,通信,0.0011531007575350505,1709.7951104454467,17.411154986056573,3.0611743187541665,7.402091046552234
2026-03-04,通信,0.004014734398305654,1716.659483689407,17.31340870038079,3.0191213965502746,5.756862856008787
2026-03-05,通信,-0.023490485490445023,1676.3343189957661,17.333810544232673,3.002685443431638,6.404222501806483
2026-03-06,通信,-0.005521067957071217,1667.0791633018198,17.386498333425195,3.009665307908279,7.172983605744779
2026-03-09,通信,0.01129317810793909,1685.9057852130213,17.794789814347588,2.9849156559504606,7.433267939200698
2026-03-10,通信,-0.0015883653439885655,1683.2279508905592,17.925723661273192,2.9678783706525707,3.714350299708248
2026-03-11,通信,-0.022399192437150908,1645.5250041029703,17.782129342960104,2.9459828146038802,7.027440555358036
2026-03-12,通信,0.0032677400421683893,1650.9021520492668,17.711669992596367,2.9344968432058054,1.430801238943858
2026-03-13,通信,-0.015181955117667303,1625.8382296731945,17.838376838984562,2.9165066749670165,7.1951072718308104
2026-03-16,通信,-0.0027572107143761923,1621.3554510864972,17.623447396015166,2.941485492273214,6.339593370130638
2026-03-17,通信,-0.0010756650855703502,1619.6114156364642,17.9144767956981,2.945205762543334,6.931485377365568
2026-03-18,通信,0.0001654131894376181,1619.879320726374,17.9128078043832,2.9508632553622185,4.799889620338522
2026-03-19,通信,0.006303600887849478,1630.0903934507137,17.6084344033514,2.9606274554925283,4.643643735490602
2026-03-20,通信,-0.0140761670993758,1607.1449686854144,17.863615395481915,2.9776487571099346,2.0827939372940283
2026-03-23,通信,0.006590697308674939,1617.7371747051798,17.54670184231298,2.9498213710524825,5.812253628348096
2026-03-24,通信,0.011139677248074178,1635.7582447036068,17.364117633195825,2.9447394498306063,7.37710989985454
2026-03-25,通信,0.015094356956794461,1660.4489635441826,17.53108149637141,2.9449464872203763,1.1428112748174444
2026-03-26,通信,-0.02266220360569023,1622.819531055487,17.63125220025772,2.934999402121835,5.807290041973363
2026-03-27,通信,0.010797271408721845,1640.3415539796679,17.476250043185118,2.9511401790442258,1.2435943990784508
2026-03-30,通信,-0.024115124268645084,1600.784513562426,17.378686530153253,2.9638320958384723,4.199167665348378
2026-03-31,通信,0.00849502507855478,1614.3832181505006,17.592672708978277,3.001114690102778,6.790107038993364
2026-04-01,通信,-0.02440353799995205,1574.98655593988,17.5155724356605,3.0074177034975538,4.144037419125488
2026-04-02,通信,-0.025365500624443985,1535.036233471696,17.394507622624953,3.0043734129343496,6.03022618483137
2026-04-03,通信,-0.009099335459704271,1521.068423840536,17.313014794818827,2.970144648851557,5.087007871156108
2026-04-06,通信,-0.0066460477426016126,1510.959330475928,17.1970306531256,2.9200825254153147,4.760185251228203
2026-04-07,通信,-0.0068369448898613246,1500.6289848026424,17.141448277470882,2.91600645214549,3.884655267427774
2026-04-08,通信,0.015222956365616006,1523.4729943592718,17.14112342424397,2.903325162413985,4.8791880512770005
2026-04-09,通信,0.026693597904491086,1564.139969889049,17.20996048338596,2.890464384395969,6.675113256612889
2026-04-10,通信,-0.01061100980763146,1547.542865328048,17.004054797430786,2.890179998558303,1.420512178484877
2026-04-13,通信,-0.012757989495935502,1527.7993297076828,16.946504832290977,2.8969625236589773,2.0068412969321763
2026-04-14,通信,0.027589958176115696,1569.9512493158152,16.99883158460168,2.869692953209927,3.358453391537219
2026-04-15,通信,-0.02562523862390434,1529.7208739242008,17.107404682031092,2.8678351150645542,2.3164099653535293
2026-04-16,通信,-0.0016097941410968444,1527.258338223844,17.363478508903626,2.8483135529093904,2.846642524624503
2026-04-17,通信,0.0003790517027208195,1527.8372480974424,17.320756470810917,2.858417044046422,5.126295621652728
2026-04-20,通信,0.0017196542483187767,1530.464599911873,17.671318570279237,2.8356962186281582,7.49530440903419
2026-04-21,通信,-0.007504169533209096,1518.9797340895593,17.806010730188603,2.8178297927873954,4.530947278006491
2026-04-22,通信,-0.012876621114538946,1499.420407573025,17.809192912068696,2.856006813331577,1.4745747707967882
2026-04-23,通信,0.012952798307725638,1518.842097690806,17.897705235412456,2.878266810622351,3.9861433073807535
2026-04-24,通信,-0.018543338541092205,1490.6776944828628,18.17452685844128,2.8841787890414627,7.1834479071547275
2026-04-27,通信,-0.029559950247204318,1446.613335999332,18.167911060899534,2.866073636168553,3.7197180360422943
2026-04-28,通信,0.010865679565960445,1462.331772964146,18.227365904241818,2.8813584729838384,3.8266770367324945
2026-04-29,通信,-0.008847213505205414,1449.3942115532866,18.053179726425093,2.8621646803281555,6.203330394959597
2026-04-30,通信,-0.008124990821713153,1437.617896887372,18.009732806020093,2.824903607115239,3.7010161278527636
2026-05-01,通信,-0.0005124616818229461,1436.8811728021142,18.04002463198583,2.86313776979657,3.931312933378585
2026-05-04,通信,0.02337856569145529,1470.4733936912837,17.94863059045193,2.8609214697482197,4.615825572724836
2026-05-05,通信,-0.017680395129747783,1444.4748430630407,17.95094537471839,2.8662015250365105,2.37537856682043
2026-05-06,通信,-0.012384526594662663,1426.5857059538052,17.849335515333816,2.8538472722952895,7.7048471311395215
2026-05-07,通信,-0.005972368618319207,1418.0656102522241,17.92665085447626,2.829237842682181,4.443131716225766
2026-05-08,通信,-0.009410274902464015,1404.7212230300202,18.062435563846137,2.8304827737868554,2.150748790298899
2026-05-11,通信,0.008781885764125854,1417.057324341113,18.148547336297106,2.8244456254560144,2.1910684880116182
2025-05-12,传媒,-0.014497986935461487,1989.6122769434232,16.65975351535848,2.5775366765925796,1.884590993629036
2025-05-13,传媒,-0.010098081297306532,1969.5210104207295,16.81480598195604,2.599575487857014,4.9651057956063855
2025-05-14,传媒,-0.019089995597747406,1931.9228630021269,16.748153147750827,2.5299578040570916,6.125665398646013
2025-05-15,传媒,0.0040605965962602405,1939.7676224038707,16.66362905039669,2.538708477044263,4.060971537712323
2025-05-16,传媒,-0.010557728510837071,1919.2880824724189,16.52582273106322,2.533130531402499,4.547390285024516
2025-05-19,传媒,-0.0008091619737030179,1917.7350675395007,16.383745468394036,2.517276094542881,4.365503177258091
2025-05-20,传媒,0.012997479596197877,1942.6607899507585,16.346129413006693,2.5404448429279216,6.375026461880987
2025-05-21,传媒,-0.006244524677912631,1930.5297967070978,16.175984609415533,2.531726428118607,5.58234835460824
2025-05-22,传媒,0.014671548414536684,1958.853658085192,16.26370425313121,2.5650708694346562,3.5006937771909534
2025-05-23,传媒,-0.02737777934908106,1905.2245948569953,16.380557969484325,2.5575237224319665,5.552078818514554
2025-05-26,传媒,0.010737999709007835,1925.6828960021642,16.247031959911524,2.524682019545719,2.8347908041175756
2025-05-27,传媒,-0.014771419416535527,1897.2378262820675,16.019016583346758,2.526591235947655,7.604956520098838
2025-05-28,传媒,0.02729133676755442,1949.0159827272744,16.019524229945336,2.514636541779625,5.089573521822027
2025-05-29,传媒,0.016950219126012835,1982.0522307146032,16.049268595352828,2.524672621072776,1.1333038649200429
2025-05-30,传媒,-0.004932229766908583,1972.276293702705,16.078806389765322,2.5271664384479777,5.600383631480436
2025-06-02,传媒,-0.00847689593314497,1955.5575128095784,16.068838263011006,2.525985137362178,1.202977210351636
2025-06-03,传媒,0.012596049759957869,1980.1898125493872,16.04479495795395,2.5654857088191174,1.870417222096875
2025-06-04,传媒,0.028880082035790462,2037.3778567822499,16.19421180968968,2.5931761053676143,7.027061749156095
2025-06-05,传媒,0.0005664776026705124,2038.531985706294,16.101204578529806,2.6286343065819464,4.958902382584709
2025-06-06,传媒,-0.019531619605747685,1998.7161544073292,16.269873597416474,2.6228115797043365,3.614964002273564
2025-06-09,传媒,-0.009875811838871158,1978.9772097470902,16.323326506495913,2.593889847486964,4.100398686293746
2025-06-10,传媒,-0.00013654077970860233,1978.7069986558458,16.315758941580544,2.6060930964250577,6.074095975059163
2025-06-11,传媒,0.014635177538998543,2007.665726878833,16.175925274169444,2.6295025985698937,1.6976474545374312
2025-06-12,传媒,0.011735474831634132,2031.226637486954,16.10767722575747,2.629395175352409,1.0679024844612957
2025-06-13,传媒,0.0061814564663722135,2043.7825765199152,16.054193990092326,2.611732125748109,5.050097440150648
2025-06-16,传媒,0.010921184748334176,2066.1031036235154,16.0241759791731,2.6265136459966913,5.247037058475624
2025-06-17,传媒,0.011853975385322431,2090.594638957407,16.211213026105707,2.6546784120255835,5.401049709179075
2025-06-18,传媒,0.004570684772239189,2100.1500880386143,16.21538710052345,2.6732148013724686,7.1072397055857195
2025-06-19,传媒,0.011181214271495337,2123.632316175274,16.506475517366507,2.614917999147139,6.8042724596494235
2025-06-20,传媒,0.03093062386548276,2189.3175885754754,16.29182633047273,2.6032705524699296,5.306504276178398
2025-06-23,传媒,0.0006895825503630713,2190.82730378176,16.24854419431421,2.609894692326369,5.160322137486171
2025-06-24,传媒,-0.01715412095844207,2153.24558721363,16.290466044118954,2.581413308382072,2.1992718111806244
2025-06-25,传媒,-0.00777816625433993,2136.497285049859,16.426818184990257,2.614501066795778,5.504864860911923
2025-06-26,传媒,-0.023371299975074505,2086.5645661050266,16.304291041848945,2.5666917304422614,7.045039021974021
2025-06-27,传媒,-0.011538870438221997,2062.4879679157557,16.278276734726493,2.57563588967149,7.047550652219684
2025-06-30,传媒,0.007111958654239511,2077.156297068439,16.0800289002004,2.5920782393096573,1.03726933399745
2025-07-01,传媒,-0.008126638418925247,2060.2759989025703,15.834447449914341,2.6080364238130653,3.2587859495447415
2025-07-02,传媒,0.01471691703505139,2090.596909847727,15.884990012721449,2.629944952990356,2.8521797831672098
2025-07-03,传媒,0.005069873532537774,2101.1959717881696,15.531020856964464,2.653050515698899,1.0815142965216735
2025-07-04,传媒,0.02949660797408861,2163.1741256447394,15.6163739592121,2.6856524989811357,4.99937669917154
2025-07-07,传媒,0.009163065588420923,2182.995432037197,15.422320742123759,2.6999605562653164,1.557515903243361
2025-07-08,传媒,0.02428429748847677,2236.007942524774,15.16560196001404,2.726005853656928,5.506394256708712
2025-07-09,传媒,-0.01385192852439074,2205.0349203249507,15.308339445509526,2.709176372662969,5.540865297731248
2025-07-10,传媒,0.012210529213183653,2231.9595636356685,15.560601897443384,2.7212858240061184,6.725893397540437
2025-07-11,传媒,-0.0021471606418473773,2227.167187906435,15.372407353986626,2.732932288861819,2.426021752943666
2025-07-14,传媒,-0.004434400218968611,2217.291037240703,15.113587321244115,2.73595116038789,2.1575929785923016
2025-07-15,传媒,-0.028091930559265392,2155.003051392856,15.327515594347728,2.740317898798101,4.052338085808115
2025-07-16,传媒,-0.02170751349127732,2108.2232935810016,15.47358812774489,2.755118620076611,4.486907719287863
2025-07-17,传媒,-0.025540498724660337,2054.3782192399967,15.267837099756411,2.7687765832368028,3.568704822718967
2025-07-18,传媒,-0.0031002704148951105,2048.009091225882,15.252275280772096,2.7710502035231594,2.9079042417078034
2025-07-21,传媒,-0.004266942343359403,2039.2703545149452,15.246915615015489,2.795157310586944,3.13903521529478
2025-07-22,传媒,-0.03531216480059917,1967.259303683337,15.290066902665664,2.7732589250034723,7.978933519687858
2025-07-23,传媒,0.002650405323737007,1972.4733382149907,15.061339405679536,2.752909800853775,5.971468938213854
2025-07-24,传媒,0.01611884387768177,2004.267328006568,15.009119986809612,2.7915208980810733,1.7521725150932057
2025-07-25,传媒,-0.0052772891979732004,1993.6902296866283,15.066039650268102,2.8070655473466903,2.48201744923376
2025-07-28,传媒,-0.006336845944354539,1981.0565218403392,14.96462115631957,2.796334925090211,3.7805927069636276
2025-07-29,传媒,-0.00046909798274502113,1980.1272122222401,15.034065725142932,2.7983773943168977,4.617152314580451
2025-07-30,传媒,0.0031017286248769416,1986.2690294772876,15.191606517529648,2.7967130239955433,5.028846554817723
2025-07-31,传媒,-0.002568271632789177,1981.1677510737934,15.104680325048665,2.781181719049901,2.4082107697973054
2025-08-01,传媒,-0.007719910326484203,1965.8733136937813,15.268181742024632,2.7095158646016753,2.7737867529156084
2025-08-04,传媒,0.006133982521444134,1977.9319462393523,15.206929531673389,2.7096322736149157,1.9226726144822142
2025-08-05,传媒,0.004845901687040033,1987.5168099944842,15.264807347788071,2.72241391754352,3.5899922017198422
2025-08-06,传媒,-0.039577420945674235,1908.8560205687288,15.365922702444466,2.7376929420453355,6.342996331422114
2025-08-07,传媒,-0.012950456284289393,1884.1354641213509,15.44711131505162,2.72925004504652,3.315550939993589
2025-08-08,传媒,-0.03087065769007236,1825.9709631667351,15.351026189316656,2.7546126123025214,1.9676246074973602
2025-08-11,传媒,0.004283550879910821,1833.7926026926996,15.343992912705433,2.766690308807995,4.030811348877944
2025-08-12,传媒,-0.019892340497929883,1797.3141758373513,15.341281774619844,2.749392862209353,5.915150300538187
2025-08-13,传媒,0.01647833395492447,1826.9309190487188,15.34601366028535,2.738754721365219,7.555959281606043
2025-08-14,传媒,-0.0035008663617166077,1820.535078049041,15.49167323857549,2.6973135524539638,6.544021882911371
2025-08-15,传媒,0.01800616518112633,1853.3159333824267,15.37210357970117,2.688366444528484,2.0129744529556395
2025-08-18,传媒,-0.010664538013115,1833.5511751605582,15.302330978203843,2.7020592659479137,6.0218248878364715
2025-08-19,传媒,0.0008454645998192215,1835.1013777711134,15.3864151949183,2.6574147019456222,3.281231003755499
2025-08-20,传媒,0.032024469609953046,1893.8695260747272,15.685091815341423,2.645199309984488,7.901941005194615
2025-08-21,传媒,-0.001028415693587395,1891.9218409325051,15.809467204243864,2.6610164373658503,3.7506553549394717
2025-08-22,传媒,0.004668142865357677,1900.7536023760686,15.798058185244873,2.6715460717357167,5.207578657752509
2025-08-25,传媒,0.0022947751132384488,1905.1154044391997,15.80627628850083,2.688927800328049,4.645709103008575
2025-08-26,传媒,-0.012457808161373488,1881.3818422054185,15.917133604199634,2.6731482434961045,4.865555961216926
2025-08-27,传媒,-0.018855430694876295,1845.9075772691156,16.064168923853767,2.723775839886717,3.834375699888908
2025-08-28,传媒,-0.005466473312837157,1835.8169727600102,16.287739135682664,2.7256341973742595,3.8773303548924067
2025-08-29,传媒,-0.016517984725120928,1805.4929760458426,16.061117377106456,2.749766099606484,4.804289089869542
2025-09-01,传媒,-0.03391931546809299,1744.2518902159177,15.917100915544758,2.7495739464816515,4.472528349503718
2025-09-02,传媒,-0.0006609619568019061,1743.0990060734052,15.910632105312386,2.7531076976056417,5.61643040687209
2025-09-03,传媒,0.010133944732394295,1760.7634750640445,16.013562791385123,2.7488309157706223,5.465513427057658
2025-09-04,传媒,-0.009222240996334638,1744.5252899594602,16.178359280381077,2.743178166904073,2.896742455098537
2025-09-05,传媒,0.004363287702402976,1752.1371557036712,16.049332728594376,2.722706089136214,6.987857134730016
2025-09-08,传媒,-0.012607346312565656,1730.0473557946011,15.966751420900925,2.7379304394112975,4.941886157244328
2025-09-09,传媒,-0.009235567918054164,1714.0693859387102,15.965357117170608,2.7362585320441277,3.8551944879525126
2025-09-10,传媒,0.005244168338713437,1723.058254342808,15.871221621517465,2.7593903124802446,6.099296618910144
2025-09-11,传媒,0.014702106563758166,1748.3908404137192,15.926673454947075,2.7682470097619456,1.6530116930537795
2025-09-12,传媒,0.010987529995331558,1767.6013372163277,16.1585367430995,2.7664069154974,5.195054964173351
2025-09-15,传媒,0.009933228888557586,1785.159325882618,16.256066529631664,2.7654941404952638,1.532593087358551
2025-09-16,传媒,0.029954504786540288,1838.632889454506,16.25761156270304,2.7740469561240557,7.362424208850178
2025-09-17,传媒,0.020589463990472085,1876.489355123627,16.215355453141783,2.7725697972349788,3.3059166016211003
2025-09-18,传媒,0.013309846265103236,1901.4651399584254,16.22553081519557,2.7766287163081635,4.724825807211479
2025-09-19,传媒,-0.012314070146019481,1878.0503648447666,16.287880344043263,2.7703884848525573,7.491564866230874
2025-09-22,传媒,0.013774430622412997,1903.9194393007183,16.25845703756464,2.8022242272548623,4.3315955228340695
2025-09-23,传媒,-0.010358744881233166,1884.1972235545818,16.47782864410255,2.7948225517139917,3.570216701019045
2025-09-24,传媒,0.029703754437623804,1940.1649551950995,16.472668575551957,2.8227643026375366,5.890449126023692
2025-09-25,传媒,-0.0156474560593789,1909.8063093107373,16.46352580079259,2.865489928913512,7.404203050850528
2025-09-26,传媒,-0.04411373411863047,1825.5576215637204,16.379005069699904,2.851141480553345,1.2963414476281234
2025-09-29,传媒,-0.01447382407090716,1799.1348217179034,16.205322235166438,2.867196393438866,3.1290867813982555
2025-09-30,传媒,-0.01053269478227843,1780.1850837685797,16.350716284082544,2.8520340842180603,6.424008815273691
2025-10-01,传媒,-0.007524080596499087,1766.7908277216193,16.33317978119967,2.8275417111623624,4.548510812540361
2025-10-02,传媒,0.015524528207414122,1794.219421763184,16.520863439881843,2.803786141251232,2.0221183391447575
2025-10-03,传媒,-0.01438447367102252,1768.4105197307945,16.387665322323976,2.778734514581307,4.653191233492348
2025-10-06,传媒,-0.016568914120551097,1739.1098776994959,16.58945611097617,2.7581002996981594,3.0319857412033224
2025-10-07,传媒,0.01885142417154387,1771.8945756849307,16.53344056686919,2.7589056634814293,1.5585238654380027
2025-10-08,传媒,0.009729937928243095,1789.134999921736,16.517877004089435,2.7488529383532962,6.924226089466116
2025-10-09,传媒,0.003874356397580059,1796.066746554817,16.610677929314782,2.781188955607581,6.742050724264241
2025-10-10,传媒,-0.020434511331795427,1759.3650002696816,16.547737352116968,2.846670343814528,4.768284604069384
2025-10-13,传媒,0.011067365905725914,1778.8365364893937,16.62969451943231,2.848715049378787,7.31571936167362
2025-10-14,传媒,0.0038270310733362284,1785.6441991889242,16.66979297940397,2.847881400497955,6.9257414518638365
2025-10-15,传媒,-0.025867069237697493,1739.4548170546116,16.89302681844441,2.8486756726914937,1.9727193367424136
2025-10-16,传媒,0.01297386568839796,1762.022270222115,16.770088769984252,2.8383907487661193,2.854063804695
2025-10-17,传媒,-0.015068672357157385,1735.4709339461233,16.947782299661505,2.816715677301437,3.574930267999607
2025-10-20,传媒,-0.013532155436354387,1711.9862715126894,16.96492792617691,2.8053841708847167,5.539739113233397
2025-10-21,传媒,0.017882989055554084,1742.6017032694097,16.845984272632897,2.8206531492772107,7.19272489467345
2025-10-22,传媒,-0.017678120562868747,1711.7957802659525,17.107909528351236,2.8035109565576533,3.3639754230695713
2025-10-23,传媒,0.010154695205492621,1729.178544668602,17.189466006819565,2.824661797062931,6.36049004901007
2025-10-24,传媒,0.026119457530726475,1774.3437502291167,17.12492348577906,2.795604749336308,5.4287392438895195
2025-10-27,传媒,-0.007382346331667667,1761.2449301534953,17.3963910974511,2.785664081314211,4.790543974857415
2025-10-28,传媒,0.007163768571845053,1773.8620812314505,17.48116517521753,2.7984212039371967,5.558383984667425
2025-10-29,传媒,0.006155700048235998,1784.7814441304508,17.59945688937238,2.790761442360405,2.4115864788682457
2025-10-30,传媒,-0.0045412444168446,1776.6763153620057,17.64371441019185,2.800565948444713,4.640578782516087
2025-10-31,传媒,0.012697691469052728,1799.2360030548457,17.602071383440673,2.8275989695785166,2.3579576935637805
2025-11-03,传媒,0.0008609385110989903,1800.7850346204314,17.34356472192292,2.859011660507573,6.539469065566341
2025-11-04,传媒,0.0023356686876569942,1804.9910718389956,17.538825470270325,2.8683391292040845,2.342414208055697
2025-11-05,传媒,-0.001447961846529035,1802.3775136336471,17.51299613081464,2.8506198520743817,7.134197789408562
2025-11-06,传媒,0.025184048205297908,1847.7686758211419,17.60710991874688,2.8115066121420487,3.6315686278230532
2025-11-07,传媒,0.015983167339355876,1877.301871771211,17.6208341834656,2.8064022101890678,4.234983312889305
2025-11-10,传媒,0.0062000000842034955,1888.941143534268,17.710071264948038,2.8079574033701196,7.990321234150692
2025-11-11,传媒,0.011930410813611915,1911.4769873793657,17.580912805847994,2.8075099633032945,4.418344391030343
2025-11-12,传媒,-0.0035182017861799452,1904.752025628126,17.65315418780329,2.7678320152559865,3.106433512157931
2025-11-13,传媒,-0.0046980377880185675,1895.80342863492,17.487790046261527,2.7723133206359742,2.39179971200536
2025-11-14,传媒,-0.02315426630059717,1851.907491194722,17.315885733838055,2.772981922739275,5.696822966400495
2025-11-17,传媒,-0.006564910255439641,1839.7498847136524,17.3566056859433,2.755843960253728,5.187277118794016
2025-11-18,传媒,-0.0006694599950245379,1838.5182457649855,17.384532250478305,2.7180274930006854,4.622227065690039
2025-11-19,传媒,0.0015675221999965877,1841.400163930321,17.4941527329235,2.679309176731042,7.643557222279718
2025-11-20,传媒,0.02274101489458382,1883.2754724851497,17.392042251537866,2.699509223710415,6.909467100433624
2025-11-21,传媒,0.018757712004335136,1918.6014114228544,17.356635382121695,2.6896176780604995,5.907987919685039
2025-11-24,传媒,0.007330023881412369,1932.6648055874955,17.21470861335557,2.6668805227573693,3.0744365381640653
2025-11-25,传媒,-0.013445346826125014,1906.6794569777262,17.31930518805695,2.653721593168941,4.331344292312405
2025-11-26,传媒,-0.020019936765507534,1868.50785481694,17.18533945822603,2.6788059100492325,3.2308808009977814
2025-11-27,传媒,0.03186944501149376,1928.0561631495727,17.06702658950165,2.671882967595909,7.016042079834857
2025-11-28,传媒,-0.0053085550119892876,1917.8209709412884,16.972925279124112,2.6419109390233255,7.09890295665082
2025-12-01,传媒,-0.018347174298885233,1882.6343753133713,17.145973109204025,2.639895877649158,6.692275030991229
2025-12-02,传媒,0.026154827222857526,1931.8743521235049,17.149617926563938,2.658767797204063,3.5209947989725663
2025-12-03,传媒,0.028979095008143115,1987.858322517487,17.10115116696456,2.6539715199845153,7.427352109231921
2025-12-04,传媒,0.004632675373855081,1997.0674248149267,17.051861976401355,2.6671889636413715,1.741691379408334
2025-12-05,传媒,-0.004867226412871046,1987.3472454965831,16.966272442284787,2.693409704670118,7.294752148870953
2025-12-08,传媒,0.007116170484446526,2001.4895473073318,16.969328132341733,2.6443344308438697,1.3037802500499258
2025-12-09,传媒,-0.01568817562559353,1970.0898277763847,16.901415385603507,2.6334161507924128,4.467223528537362
2025-12-10,传媒,0.032068343447435206,2033.267344995816,16.97679621487034,2.631553800643499,2.503145875850943
2025-12-11,传媒,0.02608540689222156,2086.305951010699,16.993344443970237,2.647415069568719,3.6457784894889893
2025-12-12,传媒,0.0016973947264965188,2089.847235729803,16.87498634056112,2.6457873076829572,5.2629937773635
2025-12-15,传媒,-0.011805031092479556,2065.17652413348,16.807623115531026,2.6827195649894393,1.531101488568333
2025-12-16,传媒,0.03627256313380959,2140.0857699875733,16.931846915514626,2.7144728175959454,2.3231209792254806
2025-12-17,传媒,0.02694358400097716,2197.7473507005293,16.898343478961554,2.662811056909601,3.2563692065666054
2025-12-18,传媒,0.010250745077232858,2220.2758985367245,16.98093776170138,2.6660831007150936,5.702213883342384
2025-12-19,传媒,-0.0008966095301340776,2218.2851780065694,16.873513507615364,2.6877516852201353,3.9286833639929006
2025-12-22,传媒,-0.005850696189530239,2205.306665368315,17.14709926234597,2.6685516349829808,6.421341934931883
2025-12-23,传媒,0.0015196032069375344,2208.6578564492893,17.08670379913978,2.6572583583179794,3.4357806630865153
2025-12-24,传媒,-0.01593604972662417,2173.4605750198143,16.806590422971688,2.64913241447921,1.7515278291546743
2025-12-25,传媒,0.009348200707856283,2193.7785207057123,16.801222201236058,2.6659792671831015,5.51694428726494
2025-12-26,传媒,0.02043702657670144,2238.612830636772,17.0604776894844,2.666971618587206,5.107743115514946
2025-12-29,传媒,0.005331590594756273,2250.5481977498953,17.322152544897868,2.634422367007058,5.34582842941935
2025-12-30,传媒,-0.01711245077169312,2212.0358025065775,17.3208085312514,2.6553217068522623,6.7730621485384415
2025-12-31,传媒,-0.012819631337924978,2183.6783190121523,17.29121167003698,2.622763554710356,6.025559165357986
2026-01-01,传媒,-0.01672886009645552,2147.147869917735,17.190935917599013,2.6039731138462967,4.8332838889996665
2026-01-02,传媒,-0.005176053632693328,2136.0341173857178,17.022464760918847,2.6284824015295727,4.5714904153468545
2026-01-05,传媒,-0.008555832003439017,2117.7585683237517,17.07400907685389,2.6160887790800413,3.7782158475744327
2026-01-06,传媒,-0.010822163463012862,2094.8398389221556,16.882885588865157,2.5710310759528174,2.693340408142305
2026-01-07,传媒,-0.00026179753620122787,2094.29141501359,16.848119188347617,2.569913469728883,6.407484922674197
2026-01-08,传媒,0.018038396918836776,2132.069074821317,16.938053794521494,2.5693333296715393,2.4375772928298973
2026-01-09,传媒,0.020664893662562998,2176.1280555337385,17.058688040706542,2.591069669280191,2.7238951387222126
2026-01-12,传媒,0.006145504347010264,2189.501459958672,17.081853434461884,2.573522991023183,4.095092966789682
2026-01-13,传媒,0.00931921350508631,2209.905891533725,17.058025735690876,2.5595824445650552,6.1912211381604605
2026-01-14,传媒,-0.023394838856092916,2158.2054993141633,16.914390718995282,2.579942363136585,1.3330823478227871
2026-01-15,传媒,0.004020967060703142,2166.883572537134,16.767590210957813,2.5724386101736276,5.867479755123087
2026-01-16,传媒,0.004784983529638938,2177.2520747423696,16.669499195359844,2.5539652208818975,7.5544679047748975
2026-01-19,传媒,-0.009362311522375174,2156.867962555894,16.66363079219185,2.5470079735260276,1.1513889472325565
2026-01-20,传媒,0.003731836926666715,2164.9170420645046,16.17193833264706,2.5305512342427976,3.634712764141327
2026-01-21,传媒,-0.0056735496603405895,2152.634277715834,16.31391887311167,2.5441036117711278,4.715254216716996
2026-01-22,传媒,-0.019494527949209094,2110.6696886244767,16.365337112093812,2.5277751104084474,2.7450674500322796
2026-01-23,传媒,-0.007369506134338518,2095.1150954065965,16.379579323467073,2.496657240728893,4.938821290535106
2026-01-26,传媒,0.016726067926793133,2130.158132806817,16.444048494221214,2.464575059599024,2.8378516101400013
2026-01-27,传媒,0.0061243695548496065,2143.204008422394,16.537708199089387,2.445468667174242,6.478560939760136
2026-01-28,传媒,0.027980600672205046,2203.17214394113,16.482434810677493,2.423995281047029,3.7870464546603455
2026-01-29,传媒,-0.005224421640588185,2191.6618437143825,16.562038925731443,2.4260847288060305,1.4812566646207412
2026-01-30,传媒,-0.030825635731465482,2124.102474073491,16.57388347044698,2.417494655811371,3.191177482911069
2026-02-02,传媒,0.00031591839763526965,2124.7735171235136,16.602889720486292,2.442583399881014,4.154077449712822
2026-02-03,传媒,-0.01475842431158164,2093.415207991793,16.46222510811295,2.4641508253500963,7.770492447657879
2026-02-04,传媒,-0.005567336815622769,2081.760460433956,16.19186606150114,2.4408727629544225,6.925855430739039
2026-02-05,传媒,0.022999280088714488,2129.6394523410877,15.915205380822036,2.4557091147329757,4.7239182278954726
2026-02-06,传媒,-0.012392913370264859,2103.2470150983263,15.987910045100374,2.4680583747693854,2.5050333778902
2026-02-09,传媒,0.013597825208108774,2131.84660037911,16.070010409058316,2.447727571347826,1.0184250890571174
2026-02-10,传媒,-0.0070602568543312715,2116.7952158064004,15.806359408796547,2.4343666783584075,4.884368836777862
2026-02-11,传媒,0.0052149058183025504,2127.834103493464,15.769691012715946,2.4180369346759427,4.364998395390492
2026-02-12,传媒,-0.010937301666543994,2104.561340007196,15.580471418866813,2.417919930344188,2.9030250870814105
2026-02-13,传媒,0.008191748139839364,2121.801376449378,15.480067535234895,2.4137589067863936,5.998609158795122
2026-02-16,传媒,0.023334149414919528,2171.3118067962296,15.400667589624344,2.421834165487274,7.7632461738417575
2026-02-17,传媒,-0.0072980864561627765,2155.4653855069437,15.46757206661455,2.4173024720123077,1.9686499377934288
2026-02-18,传媒,-0.002741398160154068,2149.556396664839,15.442563898863204,2.449264025104403,6.480539209179071
2026-02-19,传媒,0.009475408493894975,2169.9243216039035,15.622389526160378,2.469478364915844,1.0654146744037094
2026-02-20,传媒,-0.02093378654035787,2124.4995890467167,15.480987452931476,2.487009337313079,5.815739880830963
2026-02-23,传媒,-0.009655528555259857,2103.986422599038,15.604161401481283,2.4718532960756163,4.442998099752032
2026-02-24,传媒,-0.004295440849964714,2094.9488733716353,15.513078832155196,2.4857692926309745,2.8864303509335434
2026-02-25,传媒,0.005190789943777819,2105.8233129162613,15.347628990951694,2.480850731478838,5.438385392076883
2026-02-26,传媒,0.005198458024850326,2116.770347016208,15.415088512846136,2.4677512809506634,3.3716081894897907
2026-02-27,传媒,-0.004292725563212163,2107.683632836122,15.262700741162272,2.4643548386730325,4.762661701421339
2026-03-02,传媒,0.021772538017185525,2153.5732548602464,15.073897724041627,2.490460937044705,3.7494995243009344
2026-03-03,传媒,0.005789722797200826,2166.0418470293525,15.09397532700074,2.521197934315653,1.6244459117187469
2026-03-04,传媒,0.003852126157051553,2174.385713485563,15.09529550805788,2.491317765796463,1.1400820654014234
2026-03-05,传媒,0.0019656112769143716,2178.659710564352,14.893409664539353,2.5453361448103182,7.480261851387138
2026-03-06,传媒,0.007998065271528671,2196.084773133895,14.767663269749333,2.5819699305838855,7.512458239931474
2026-03-09,传媒,-0.009268617043610507,2175.730104376413,14.838483156808683,2.5899370809211053,4.919182159038886
2026-03-10,传媒,-0.011948351486341121,2149.7337163499096,14.919327913408894,2.6070536609128423,5.3764807370026055
2026-03-11,传媒,0.0005283323174725216,2150.8694901462177,14.957157600808968,2.6239479367335345,7.69974967200036
2026-03-12,传媒,-0.010672916257000783,2127.913440198149,15.052520344856134,2.6582320104942134,4.222703229725284
2026-03-13,传媒,-0.02090940165238604,2083.4200433955352,14.896202461496229,2.686180163714833,5.749619486390901
2026-03-16,传媒,0.010898993761948136,2106.127225452021,14.892825212901778,2.6556336817463455,6.541480505281441
2026-03-17,传媒,0.03918234350111873,2188.6502258567402,14.687416003257805,2.670374009212376,3.8654144461767483
2026-03-18,传媒,0.017697925043315046,2227.3847934999876,14.783873889914416,2.6509014289764345,6.677107624524485
2026-03-19,传媒,0.01580086836190084,2262.5794074133805,14.663371130270438,2.646071041664129,6.935801853188132
2026-03-20,传媒,-0.01390023898185631,2231.1290129349077,14.80510951519196,2.608912698514282,4.526414106072439
2026-03-23,传媒,0.0031010955078457545,2238.0479570943444,14.812179473825168,2.6111288742494256,7.041201454751993
2026-03-24,传媒,-0.009367130392899038,2217.08387005468,14.714594155412051,2.610369001830345,4.923775466917396
2026-03-25,传媒,-0.013676269307179526,2186.7624339712083,14.661597850421158,2.611911488386784,7.532934886653466
2026-03-26,传媒,0.018103798032143927,2226.3511394201023,14.732774614829395,2.6320193742095213,1.0351785235571835
2026-03-27,传媒,-0.01990732962049655,2182.0304334366983,14.695079187085115,2.6350579883458867,2.8435453329865545
2026-03-30,传媒,-0.02730558651444152,2122.4488126593483,14.74822803071751,2.6071555617115973,1.622506659285167
2026-03-31,传媒,-0.002208394142526961,2117.761609133658,14.68271214220992,2.616081682847769,3.960135279267452
2026-04-01,传媒,0.026046120764693745,2172.921083755986,14.450958451833603,2.636260646272081,7.55302434802479
2026-04-02,传媒,0.0025273301429803445,2178.41277270928,14.404913879275256,2.638740600491446,2.288287243750127
2026-04-03,传媒,0.002471110941080281,2183.7958723461106,14.52574055375075,2.6179302150399226,1.5898939142653588
2026-04-06,传媒,0.00918494512526396,2203.8539175983874,14.624904760523963,2.6075801750930574,6.024323813713616
2026-04-07,传媒,0.004457668509541051,2213.677967806494,14.734352559471514,2.618183909390916,1.2911716937952864
2026-04-08,传媒,-0.0006824928119728331,2212.1671485054435,14.708310272056854,2.6221870965407166,7.421442310547242
2026-04-09,传媒,-0.017045612093461088,2174.4594054061217,14.83609405895004,2.6150202040854764,1.0016861216250654
2026-04-10,传媒,0.009829206941655518,2195.8326168880876,14.804016334154603,2.6195749040425973,4.1604715738361095
2026-04-13,传媒,-0.012169755104360311,2169.109871690393,14.60494434806677,2.609099965919396,7.089341537232246
2026-04-14,传媒,0.024094461440410716,2221.373405853851,14.776138890959158,2.590490957207436,4.115130786077486
2026-04-15,传媒,0.0012455640414392034,2224.1402686907923,14.750168819218247,2.5838597867610162,1.0218515594948674
2026-04-16,传媒,-0.009559849320042923,2202.8778228554684,14.711623965606902,2.625251721237441,7.12153706526654
2026-04-17,传媒,-0.004413571256736988,2193.15526461441,14.56287404964948,2.6455821972104827,2.774507112740412
2026-04-20,传媒,-0.017890335571121782,2153.918980970886,14.45965580797405,2.5852622858606957,4.586999859636594
2026-04-21,传媒,0.008368736011904422,2171.9445603136614,14.340581966383601,2.6178394307507777,2.7591538099950976
2026-04-22,传媒,-0.006683152675374954,2157.429123214635,14.22383990314062,2.6358539909782825,5.6683377067894725
2026-04-23,传媒,0.012353900665630007,2184.081788295966,14.278292211758762,2.6053856839759693,4.994827631037936
2026-04-24,传媒,0.04317818034628944,2278.3864656420556,14.175260894785895,2.66425115171455,6.008541682347901
2026-04-27,传媒,-0.005113095827631824,2266.7368573108483,14.208967881662087,2.6543439024406204,1.9512030508931595
2026-04-28,传媒,-0.019601157816059527,2222.3061904432197,14.181828457227025,2.6816429213595314,7.6542824232002316
2026-04-29,传媒,-0.000655919371467339,2220.8485367635762,14.021202684092048,2.709553796898218,5.2232789595121885
2026-04-30,传媒,0.008967860777561521,2240.7647972493232,13.991125618341274,2.713165911633813,3.273592407662524
2026-05-01,传媒,0.016099252546435645,2276.8394356174026,13.967890909146895,2.741845512273298,3.275930498801851
2026-05-04,传媒,0.020156485165682244,2322.732515926065,13.954416119597791,2.7124501888250037,3.6154857292668896
2026-05-05,传媒,-0.007085181168625705,2306.275535244471,13.842819987556092,2.7012582429765324,5.250866690710415
2026-05-06,传媒,0.016889514578049526,2345.2274095179814,13.834943944488677,2.703107950173215,6.340642149580928
2026-05-07,传媒,-0.003975594514118411,2335.9037362943413,13.884308409164436,2.7095904838795932,6.103236199806458
2026-05-08,传媒,-0.002981345048806384,2328.9396012556517,13.944533319310848,2.702266400638487,1.0487031111230385
2026-05-11,传媒,0.00023347433243603002,2329.4833488743384,13.903354858843443,2.697071546304099,2.821479575550275
2025-05-12,机械设备,0.004711235257711931,1716.220783816596,10.778786164734305,3.7186540639184407,3.413508500581756
2025-05-13,机械设备,0.011336663579704344,1735.677001471221,10.75135126509085,3.73652541006325,4.93898080339542
2025-05-14,机械设备,-0.0055648784028815845,1726.0181700113556,10.70818660332048,3.7823001421269145,5.335459141554093
2025-05-15,机械设备,0.005256309391005214,1735.0906555274319,10.693225300982515,3.8234566550432927,7.3263708297937455
2025-05-16,机械设备,0.010553838936842048,1753.402522846688,10.479728010261622,3.7408907190349407,6.426335385057341
2025-05-19,机械设备,-0.01748003854446283,1722.7529791633697,10.31439235737163,3.749510580233443,2.8071071736093485
2025-05-20,机械设备,0.0015290958608712288,1725.387233613112,10.273768603641054,3.733037007433083,5.576809746793744
2025-05-21,机械设备,-0.006122122561469387,1714.8242015029377,10.365901050144466,3.757094928855702,4.52503827437014
2025-05-22,机械设备,0.00783542531101963,1728.2605784553427,10.46159026951221,3.7312296875455693,4.09507879650608
2025-05-23,机械设备,-0.009605155806220868,1711.6603663255298,10.574746124512805,3.793896660879612,5.590573959298039
2025-05-26,机械设备,-0.007521875492494851,1698.785470164591,10.574469118694958,3.8395734220484203,3.917243424368372
2025-05-27,机械设备,0.01192819763906183,1719.0489189990808,10.508472259639968,3.8621583860534434,2.548936137463288
2025-05-28,机械设备,-0.005829797367042026,1709.0272121372834,10.41908441954141,3.871279044923699,3.679769455744527
2025-05-29,机械设备,0.004885808651174671,1717.3771920754368,10.552231757538394,3.89124523793114,2.6884474223961607
2025-05-30,机械设备,0.0029520967806735076,1722.447055755365,10.556013884763294,3.93058895981907,2.558225455788664
2025-06-02,机械设备,-0.014949313040142397,1696.6976555238066,10.563235323923358,3.876639006415,3.2373268785564986
2025-06-03,机械设备,-0.007642788805544303,1683.7301536757761,10.50130089424982,3.8483108506220307,2.2018579518994383
2025-06-04,机械设备,-6.62003862759052e-05,1683.6186900892185,10.52130976265101,3.8224264379276716,1.6594725452874566
2025-06-05,机械设备,0.00708770251002295,1695.5516785048853,10.496515021812199,3.811342390814794,6.747882731396258
2025-06-06,机械设备,0.0029823650047773524,1700.6084324946498,10.598056683039573,3.8106018776110218,5.205178421152754
2025-06-09,机械设备,0.00935766503538521,1716.5221565622865,10.486275321591517,3.7935832761394273,1.1012944905200552
2025-06-10,机械设备,-0.0005214613456398699,1715.6270566087048,10.513706957549918,3.768238361325321,4.970141615393746
2025-06-11,机械设备,-0.007062206963308155,1703.510943263083,10.518354528949947,3.7923524123438415,3.783143085174526
2025-06-12,机械设备,-0.0006674126245883709,1702.3739985534248,10.62588212362826,3.8096603243871376,6.487476953993213
2025-06-13,机械设备,0.017480580474705944,1732.132484233185,10.631156926173903,3.836831468500017,2.681590164768817
2025-06-16,机械设备,-0.0035370886935934213,1726.005778007398,10.621498514596095,3.8351171052041235,6.56907285579598
2025-06-17,机械设备,-0.02142103281063135,1689.0329516053623,10.583995380608263,3.8446738604275135,6.837416203227258
2025-06-18,机械设备,-0.002921981441263829,1684.0976286670882,10.763584069433898,3.874749900197987,4.320278993852037
2025-06-19,机械设备,0.011528644984858585,1703.5129923478332,10.746627056870917,3.867942674656516,3.4119333559151275
2025-06-20,机械设备,-0.014921949351652745,1678.0932577561366,10.476799483826621,3.8637037319881515,4.63222672155757
2025-06-23,机械设备,0.000826264600517728,1679.479806811388,10.380916736798078,3.8420305593943294,1.4538395315033386
2025-06-24,机械设备,-0.008382278993838164,1665.4019385061777,10.346459046110803,3.8881949529225497,5.386505783182308
2025-06-25,机械设备,0.013913893171911842,1688.5741631668475,10.442507446139178,3.815456835114894,3.631719367484646
2025-06-26,机械设备,-0.00903029150142151,1673.325846251682,10.435508200983561,3.884258315989234,6.943925735919574
2025-06-27,机械设备,-0.0007164599435152284,1672.1269753103938,10.441309643339043,3.894903415872832,3.108580236435956
2025-06-30,机械设备,-0.014134572770413646,1648.4921748964975,10.52092891066809,3.9194903894513358,2.410230470552123
2025-07-01,机械设备,0.0020971351323256205,1651.9492857518367,10.387885447686084,3.902828745019494,3.2502373456346314
2025-07-02,机械设备,-0.013232567804629078,1630.0897548183168,10.352675442625955,3.887556002768992,6.519862894057796
2025-07-03,机械设备,0.003575868278869088,1635.9187410642812,10.35774101233954,3.8633271239623195,4.992711277572715
2025-07-04,机械设备,-0.004972226960009427,1627.7845817955767,10.366464602104276,3.867981737526663,5.357611078889012
2025-07-07,机械设备,0.0067240558126711505,1638.7298961745757,10.207178576902496,3.876355073719877,6.075672132283556
2025-07-08,机械设备,-0.009071671475103613,1623.8638769200495,10.209982153128674,3.8651136749275548,5.947533530777701
2025-07-09,机械设备,-0.008761574462088194,1609.6362726461193,10.256254766641707,3.867921012212492,3.314205669790013
2025-07-10,机械设备,-0.025569359705797108,1568.4789037953321,10.249469413509424,3.903078600147488,6.5970505087140205
2025-07-11,机械设备,0.021789402257532033,1602.6551215625816,10.284309258239954,3.933495240760308,2.922006208857151
2025-07-14,机械设备,-0.007177292357242454,1591.152397207295,10.164290678705244,3.9408944694082413,4.328685651383354
2025-07-15,机械设备,-0.01694465711279649,1564.1908654224133,10.091855530746372,3.9617156631197017,1.0823556605689837
2025-07-16,机械设备,-0.0020104020213443205,1561.0462129447997,10.095237991415305,4.0452815306245835,7.113689150597333
2025-07-17,机械设备,0.003932556181270682,1567.1851148787648,10.049183257839593,4.082479004118954,7.596341464545259
2025-07-18,机械设备,0.018565839302043557,1596.2812218781587,9.856553897709224,4.060303620049793,3.171030547635614
2025-07-21,机械设备,-0.03230635092288636,1544.7112005525491,9.78474752106288,4.0718988758794215,1.6204308232470654
2025-07-22,机械设备,-0.0005559992589853315,1543.8523422696956,9.781747608612179,4.0985703337698824,5.366195718496789
2025-07-23,机械设备,-0.0065369761143166385,1533.7602163842469,9.864913560521751,4.035388862521339,3.623117157750319
2025-07-24,机械设备,-0.022026508338692314,1499.9768341885047,9.794765367813325,4.030231684044541,5.333651666897838
2025-07-25,机械设备,0.0012911499304584892,1501.9135291736563,9.703988770446756,4.0243508671035535,7.847886401992917
2025-07-28,机械设备,0.030573034107437703,1547.8315827275046,9.678099593441733,4.05285152344344,1.3184057903059223
2025-07-29,机械设备,-0.002837844962036239,1543.4390766683807,9.691612652258865,4.068030327155971,2.649809800314966
2025-07-30,机械设备,0.004058566260147833,1549.7032264295406,9.670445647032563,4.087069403330211,7.834892556688393
2025-07-31,机械设备,0.0017043458376055814,1552.3444566730298,9.653893292241797,4.0278115167950315,2.56446019979088
2025-08-01,机械设备,0.039659225147778074,1613.9092349871307,9.583728601826818,4.0472773645262246,4.869892571893377
2025-08-04,机械设备,-0.007213023237440578,1602.2680701720487,9.470104794073483,4.045620090388886,7.107258662809773
2025-08-05,机械设备,-0.023520328391950854,1564.582198989665,9.517658388749156,4.0994961575748725,1.6230222458787575
2025-08-06,机械设备,-0.012999465280336148,1544.2434670156667,9.556622232788085,4.076912261221924,3.9193410982463064
2025-08-07,机械设备,0.01203455187570381,1562.8277451281836,9.627437376248754,4.064322672153697,1.885811210993857
2025-08-08,机械设备,-0.01643224481929818,1537.1469770098456,9.643099580842906,4.0823711813578525,4.042253577070774
2025-08-11,机械设备,0.004409560501740304,1543.9251196050377,9.704102547181602,4.081651701892521,4.6469397205455
2025-08-12,机械设备,0.040407633074498676,1606.3114793325396,9.671155549243121,4.059927012392524,6.747773694190612
2025-08-13,机械设备,0.005003821719322307,1614.3491756008204,9.612880741786766,4.056237605307006,6.5032786843874915
2025-08-14,机械设备,-0.011922829873722071,1595.1015650233485,9.593743594222554,4.084670632684007,7.214274565897904
2025-08-15,机械设备,0.004825464689478286,1602.7986713015002,9.557613164489146,4.121308106921358,5.210839544657943
2025-08-18,机械设备,-0.024157079672086034,1564.0797361005564,9.65540971443681,4.121550425840921,4.253489441562506
2025-08-19,机械设备,0.014012237988199934,1585.9959935953184,9.655268455109542,4.126165971990548,2.2487877635000673
2025-08-20,机械设备,0.020624108544751267,1618.7057471187686,9.659645790331078,4.148680914722548,5.956166487985382
2025-08-21,机械设备,0.010015609390904269,1634.918071600722,9.706325189763154,4.135072265169537,7.2541042576338555
2025-08-22,机械设备,-0.004505930845897716,1627.5512438313808,9.686163024073448,4.204465234744221,4.8175399649354915
2025-08-25,机械设备,0.009159550502472785,1642.458881644617,9.85714077004724,4.207144305952718,4.518478634828747
2025-08-26,机械设备,-0.019250990461300594,1610.8399213809978,9.854589524869393,4.1814687625135,2.369664069377397
2025-08-27,机械设备,-0.007222429081294378,1599.2057442875057,9.902858866125861,4.1293029065330025,5.271250033656493
2025-08-28,机械设备,0.0062396676719618325,1609.184256670952,9.86527934718211,4.106732697017952,3.0206641187282233
2025-08-29,机械设备,0.011327131122166528,1627.41169774599,9.825294593883461,4.1146134432174035,3.92784856631803
2025-09-01,机械设备,-0.019616735002405183,1595.4871937314927,9.844994834163167,4.185952478543898,3.2916367608077945
2025-09-02,机械设备,-0.016459949049268657,1569.2255558139118,9.8878894431432,4.201002937264059,3.2652662860384956
2025-09-03,机械设备,-0.0036288723499329446,1563.5310365836106,9.9075275665102,4.208702359214138,4.3035615602870605
2025-09-04,机械设备,-0.009909214926451115,1548.0376714979266,9.88798429037276,4.233453977282497,3.0100658440634005
2025-09-05,机械设备,-0.04654979271189837,1475.9768387794882,9.8920970615517,4.277619620129735,6.316932837397358
2025-09-08,机械设备,-0.015507247416699359,1453.0885007592167,9.964434181793717,4.243841955321798,3.7598076484702165
2025-09-09,机械设备,-0.003889906603373752,1447.436122204827,10.124683677462697,4.188309451049153,3.5922412281536555
2025-09-10,机械设备,-0.003837033273868641,1441.8822616421276,10.126303261245234,4.174912666329198,4.535404601892861
2025-09-11,机械设备,0.00702599230302136,1452.0129153142882,10.128266973628849,4.138300368123069,3.5237304249615344
2025-09-12,机械设备,-0.028151597089806305,1411.1364327531653,10.137580261235236,4.185554085597686,5.004698718801375
2025-09-15,机械设备,0.005323392101719446,1418.6484652937322,10.169544367758261,4.199081018393401,4.048052902314248
2025-09-16,机械设备,-0.01021850418045655,1404.1520000205298,10.154152544218892,4.19618070109954,4.410746922418157
2025-09-17,机械设备,-0.01909125324939923,1377.3449785874875,10.093373010832597,4.230949665814853,2.7135266332059738
2025-09-18,机械设备,0.011422936765912209,1393.078303182739,9.974137393503732,4.266753688369717,2.7253453670371535
2025-09-19,机械设备,0.004865226115672869,1399.8559441245611,9.893984520762038,4.270453757368462,5.130814956411296
2025-09-22,机械设备,-0.018737868910791607,1373.6256269495625,9.82557472073674,4.309250678938518,6.574101301773645
2025-09-23,机械设备,-0.022606938737063296,1342.5721565534536,9.651986513101994,4.372751802098406,2.9145200608079493
2025-09-24,机械设备,0.0018708628025743985,1345.0839248609216,9.663696864664855,4.336938756776419,3.2888433626991747
2025-09-25,机械设备,0.030201615378280013,1385.7076322110784,9.603182253044839,4.419634014355181,4.809400014795395
2025-09-26,机械设备,-0.0015460734919165112,1383.5652263733705,9.670972813627316,4.455962675594613,4.739329242660334
2025-09-29,机械设备,0.011940559079027762,1400.0857686985703,9.699973978225692,4.386758479664972,6.349719345966661
2025-09-30,机械设备,-0.022408128487843525,1368.7124668995714,9.643980367648169,4.391631502686723,7.244784109837569
2025-10-01,机械设备,0.002126766008694396,1371.6233980498496,9.598360125018985,4.3270158337275655,1.6322299220935113
2025-10-02,机械设备,-0.011553775862256735,1355.7759687413547,9.529048112094332,4.420421526509194,1.7318812070571699
2025-10-03,机械设备,0.02192617505183585,1385.50294996305,9.581245904018111,4.430530916860167,3.86629519322144
2025-10-06,机械设备,0.0030272957114063173,1389.697277101614,9.517987302263473,4.413059799606983,4.047725772896094
2025-10-07,机械设备,0.021849500151946824,1420.0614679688056,9.375603748260085,4.466663394966373,4.569229637439271
2025-10-08,机械设备,0.007796828697616441,1431.133443974644,9.36359738860692,4.45796553985887,1.3260595946057911
2025-10-09,机械设备,0.012018968787440793,1448.334192168438,9.398157566696392,4.484584340295338,5.132093502289197
2025-10-10,机械设备,-0.0015224863762933187,1446.129123092542,9.475702180198619,4.498511155817884,3.0776014353628725
2025-10-13,机械设备,0.01105373428865085,1462.1142501662864,9.456010787531886,4.486337945516484,7.935609491621565
2025-10-14,机械设备,0.018417620176667055,1489.0429150807413,9.651453190739232,4.438595189302036,4.70842440679759
2025-10-15,机械设备,-0.0076993742047084595,1477.5782164706648,9.634397123286531,4.441222980113224,1.9766874639176848
2025-10-16,机械设备,0.0016510464910702114,1480.0177668002505,9.679400010568362,4.486846942362022,3.8640065154233563
2025-10-17,机械设备,0.009381237512056738,1493.9021649926674,9.646990612314687,4.502537015666468,5.266979737289248
2025-10-20,机械设备,0.027694257889306316,1535.2746768113673,9.642607899903476,4.470463256164891,2.355902049499914
2025-10-21,机械设备,0.009448930791718357,1549.7813809788356,9.556617185710854,4.463768241428065,2.4542449110853326
2025-10-22,机械设备,0.012198909492948754,1568.6870237792534,9.623708273955593,4.476326155442777,6.238231607857436
2025-10-23,机械设备,0.0018197827502904583,1571.5416933657314,9.707576143749321,4.455217687845318,3.4379223075423404
2025-10-24,机械设备,0.00638726694187269,1581.579549671541,9.726960966323487,4.368226746265949,7.503534521797766
2025-10-27,机械设备,-0.006751263566741443,1570.90188927994,9.644075118546285,4.397130512233301,7.319432334351815
2025-10-28,机械设备,-0.022420215589492424,1535.6819302523427,9.651928353238006,4.4079069129437,6.8671144098076065
2025-10-29,机械设备,-0.02166687082022274,1502.408508248615,9.661654517651455,4.501485890729124,6.197202949494896
2025-10-30,机械设备,0.018041274266952144,1529.5138722069307,9.616109189890022,4.456348529526559,3.548192284501964
2025-10-31,机械设备,-0.0008095850495157339,1528.275600642965,9.658547177486076,4.485273094916045,2.8588092936226897
2025-11-03,机械设备,0.012577755868300525,1547.4978780473325,9.73004220799231,4.491324674448547,4.326384036198646
2025-11-04,机械设备,0.006849363899111382,1558.0972541471815,9.744217403018292,4.503153956524716,4.983990993179878
2025-11-05,机械设备,0.004887798196658297,1565.7129190962203,9.792963305360681,4.497055805670987,4.024820229311262
2025-11-06,机械设备,-0.034384682578063236,1511.8763773647238,9.923091567502684,4.455452224099992,1.3357729100563311
2025-11-07,机械设备,0.038320115480457884,1569.8116547375162,9.911463238634646,4.491324354553153,5.122605539551441
2025-11-10,机械设备,0.012455550293887868,1589.3645227550307,9.830806775150801,4.46835011534218,2.2705557313504685
2025-11-11,机械设备,-0.009052489014657513,1574.9768178725044,9.853399739768525,4.502084925654142,2.317399871759036
2025-11-12,机械设备,-0.0028616368974016303,1570.4698060979283,9.709890657445358,4.4864525247584455,3.0849314385201527
2025-11-13,机械设备,0.02510640280240021,1609.8986536388302,9.65036105711727,4.48362468142675,6.590811596512538
2025-11-14,机械设备,0.0124170009912276,1629.8887668168397,9.57875459178444,4.491316032185225,6.666312467308041
2025-11-17,机械设备,-0.0023797974311226696,1626.0099617165533,9.57690557716391,4.509662184720302,6.09178105692166
2025-11-18,机械设备,-0.01696883913009664,1598.4184602522505,9.540984703290473,4.465331262057459,7.874312359504687
2025-11-19,机械设备,-0.0029389706749661376,1593.7207552712446,9.555339943467713,4.434924839514052,5.385246986778391
2025-11-20,机械设备,0.030817857547911283,1642.8358144783433,9.591975124141575,4.44000194883738,3.0104879978915307
2025-11-21,机械设备,-0.01477439587481604,1618.5639077979145,9.524009166263275,4.417807813448978,1.0780821111828134
2025-11-24,机械设备,0.011879410469632362,1637.7914928299779,9.438502232624009,4.41966974111524,7.21472680475499
2025-11-25,机械设备,-0.02340245686021646,1599.4631480729947,9.373231085518,4.475871076039031,3.607282572384758
2025-11-26,机械设备,-0.01923970030971653,1568.6899564476346,9.359911727246645,4.425831388376812,6.966557444834305
2025-11-27,机械设备,0.020877353332290943,1601.440050937208,9.405117348367156,4.475453822173544,3.5494155585466123
2025-11-28,机械设备,0.009944141601478431,1617.3649975700066,9.353777021845467,4.420252932961347,2.3662223052800435
2025-12-01,机械设备,-0.0009419083460336276,1615.8415879802128,9.389556384476235,4.399840957218854,2.602910297102182
2025-12-02,机械设备,-0.03880862529293996,1553.1329972595397,9.496967485380656,4.434973387675883,7.074231730572114
2025-12-03,机械设备,0.003360277824432183,1558.3519556286249,9.47252208563563,4.433820967439372,3.9851066400001223
2025-12-04,机械设备,0.017280771017841465,1585.2814789390486,9.631159983551715,4.399378804134054,5.5257456914651275
2025-12-05,机械设备,0.006571989702151779,1595.6999324936478,9.675166004953901,4.373915670440068,3.37361329283876
2025-12-08,机械设备,-0.0013017910294187145,1593.6226646358834,9.678763515675866,4.430990549520487,2.588093614320459
2025-12-09,机械设备,-0.010795043786685487,1576.4194381916845,9.720224144384488,4.47384745164532,5.112932405048588
2025-12-10,机械设备,-0.0037436079681244902,1570.517941821764,9.549607740554716,4.449218489710203,5.888193267583921
2025-12-11,机械设备,0.03668954486032632,1628.1395303021811,9.44475994333049,4.43833988559971,2.497536479607331
2025-12-12,机械设备,0.011887813655012059,1647.4945496427722,9.494578482684286,4.468597794867224,5.947356973031418
2025-12-15,机械设备,0.00027365837845330155,1647.945400329738,9.461742342389677,4.476881893879701,2.539937888278515
2025-12-16,机械设备,0.0174354209449744,1676.6780220788212,9.414542701457641,4.513901380782951,1.914887776238191
2025-12-17,机械设备,-0.007620042137007289,1663.9016649003865,9.377263782257096,4.477212555346003,3.8594117221759134
2025-12-18,机械设备,0.01855586063757082,1694.7767923089002,9.324582348659428,4.467551098693658,6.860679996608216
2025-12-19,机械设备,-0.010760751701479733,1676.539720057434,9.25879102246186,4.415987882475194,6.434739580569082
2025-12-22,机械设备,0.025918312216415117,1719.9927999651036,9.343177228886129,4.399226665152662,6.832466198371836
2025-12-23,机械设备,0.0049971745219426714,1728.587904163014,9.390905415938544,4.458972519545418,7.228147343481397
2025-12-24,机械设备,-0.01411634649462865,1704.1865583614249,9.439053589040038,4.45053591611452,1.3865233872528395
2025-12-25,机械设备,-0.041638074880208056,1633.2275108345277,9.443643640147794,4.519119951168418,1.179425749190958
2025-12-26,机械设备,-0.023104705650549114,1595.492269936317,9.454148105436262,4.50767003972759,2.7879979673226334
2025-12-29,机械设备,-0.012958299788303398,1574.8174027925613,9.494005386418356,4.507942670116851,5.02467445260749
2025-12-30,机械设备,0.004778729894263565,1582.3430297932928,9.553922753744173,4.549969403965083,4.299576771210983
2025-12-31,机械设备,-0.00102021590553623,1580.7286982662833,9.523257779604823,4.575798651327201,1.9016915163409167
2026-01-01,机械设备,0.004204663848074886,1587.375131077498,9.605933206683718,4.575852201159873,3.6247518435217048
2026-01-02,机械设备,-0.009904853074047874,1571.652413630778,9.700490942941919,4.59516159580691,2.9641315118205824
2026-01-05,机械设备,0.026696858698063423,1613.610596039949,9.737793696942013,4.604347785491265,5.242767198970812
2026-01-06,机械设备,-0.004162977552860121,1606.8931713495776,9.726508236340749,4.619296227369469,1.7570215963603906
2026-01-07,机械设备,-0.012811689950208939,1586.3061542551388,9.727567695424092,4.625276903107591,3.5803445674880208
2026-01-08,机械设备,0.02471574797971646,1625.512897382382,9.741104361386219,4.602403057153163,5.096542305736687
2026-01-09,机械设备,0.007320664660979976,1637.4127322062166,9.721344478863971,4.58498691348968,4.80633719143059
2026-01-12,机械设备,-0.027446002222904282,1592.472298718273,9.66693599519127,4.577307037913368,3.7110382157273096
2026-01-13,机械设备,0.005320163890179854,1600.9445123380256,9.860681905423023,4.5656862012941675,2.9917842719043928
2026-01-14,机械设备,0.0022833128201806495,1604.599969467445,9.826267097523642,4.603969179095291,5.285463442800511
2026-01-15,机械设备,-0.005915905259029277,1595.107308069434,9.801801980201642,4.609536583897924,5.121316244955066
2026-01-16,机械设备,-0.02937221949984873,1548.255466091006,9.849890839642034,4.651493573456339,5.26130827590687
2026-01-19,机械设备,-0.010908456675055859,1531.3663884172338,9.653337922661683,4.694152088912912,2.6100031678387987
2026-01-20,机械设备,-0.004095740052600807,1525.0943097649867,9.67022881332506,4.687887658804825,7.013324307946593
2026-01-21,机械设备,0.03715335398198389,1581.7566785115948,9.6618036075071,4.72355746999755,5.164412146432101
2026-01-22,机械设备,-0.014612541902042026,1558.6431927680094,9.600739687219088,4.749737889693109,6.841316204238399
2026-01-23,机械设备,0.025793289620380917,1598.8457280539099,9.465216492989924,4.702999326036558,6.426022544100163
2026-01-26,机械设备,-0.007943013921288055,1586.1460741779858,9.364673277761224,4.692143565736991,7.330977396220051
2026-01-27,机械设备,0.0009379690671614407,1587.6338301315643,9.350217669199285,4.644471133065531,3.240076924729444
2026-01-28,机械设备,0.016499503127622953,1613.82899947734,9.445566240830614,4.602275707646967,1.4069365371878
2026-01-29,机械设备,-0.01060213900240461,1596.7189600987697,9.498991686091514,4.591857028883856,5.916772997782988
2026-01-30,机械设备,0.015991534094173775,1622.252945788003,9.58587793944849,4.598647784963833,3.205391785230581
2026-02-02,机械设备,-0.02660216832720524,1579.097499854846,9.807630637643456,4.627856428704051,2.1611454726377484
2026-02-03,机械设备,-0.0042446083333408016,1572.3948494478045,9.827003145420935,4.586198396698773,5.602459609894594
2026-02-04,机械设备,-0.0064497745357802345,1562.253257187644,9.72961243278332,4.630082981991976,4.136900896256117
2026-02-05,机械设备,0.01277823389470436,1582.2160947107516,9.734930415542493,4.634761681385592,4.205472059026285
2026-02-06,机械设备,0.02687403858956715,1624.7366310970426,9.784782984515527,4.670721531604807,3.498220635962808
2026-02-09,机械设备,0.003741472462560656,1630.8155384612057,9.707912203181353,4.645061245313391,1.264480776452166
2026-02-10,机械设备,0.017392728545741584,1659.179870429839,9.806832360695541,4.684233121424889,4.3618684796593925
2026-02-11,机械设备,0.005390784651305491,1668.1241518091072,9.779976950967862,4.71803796942722,7.4869525303736335
2026-02-12,机械设备,-0.015651784497248234,1642.015032070336,9.84762090267567,4.766166652282697,1.9652917521123379
2026-02-13,机械设备,0.03730938170625074,1703.2775976692496,9.714695424809097,4.797860177411319,1.3664413676672171
2026-02-16,机械设备,0.0024274670994186708,1707.4122479987686,9.751290780145002,4.811791984720225,3.4988858449807907
2026-02-17,机械设备,0.01185623387697884,1727.65572693546,9.910214246771393,4.817453609515765,7.7217662764100625
2026-02-18,机械设备,0.008454002957313998,1742.2613335601927,9.881555317942043,4.826068207981353,7.518866391809365
2026-02-19,机械设备,0.008543632812933246,1757.1465746583026,9.923482297782233,4.82145221826663,5.919480140161824
2026-02-20,机械设备,-0.04364063198585501,1680.463587648434,9.832671536009238,4.7774356066400525,4.2841623399717905
2026-02-23,机械设备,0.003444983268495032,1686.252756591198,9.957902399248013,4.754972564224027,6.591402803802399
2026-02-24,机械设备,0.002298401352054772,1690.1284422068534,10.003627230978607,4.764328209307135,6.427210277162633
2026-02-25,机械设备,-0.001934207451891665,1686.8593831792828,10.143222736312548,4.789620993665697,7.470214485052004
2026-02-26,机械设备,-0.012961758717542215,1664.9947188640908,10.258115032358955,4.735707160200264,2.167867640945843
2026-02-27,机械设备,-0.025390946208971518,1622.718927519191,10.349020075769824,4.75717325500929,7.917424449088819
2026-03-02,机械设备,0.016536485042711664,1649.5529947926373,10.20962244922103,4.793777095229469,1.6228287510853687
2026-03-03,机械设备,0.012514729021068507,1670.1967035283592,10.232289106363872,4.80605636887023,1.2338210460420411
2026-03-04,机械设备,0.0019702394616185888,1673.487390982316,10.060421713992632,4.739798033374996,7.381178205921919
2026-03-05,机械设备,0.0037990291658738877,1679.84501838938,10.024106100517844,4.734838286199705,3.1015897807897046
2026-03-06,机械设备,-0.036194763601881,1619.0434250609787,10.090059290547467,4.710249468528209,6.734151500673608
2026-03-09,机械设备,-0.00577308885578835,1609.6965435067218,10.20937393702715,4.654389799103451,6.02909032314879
2026-03-10,机械设备,0.01237993363031198,1629.6244798802777,10.191690434135044,4.589678051070362,5.526709272119336
2026-03-11,机械设备,0.03173067133756709,1681.3335586550127,10.183592986243463,4.579675236928574,4.2938127946585585
2026-03-12,机械设备,0.017323380984150833,1710.4599404530315,10.097423210128143,4.599700111012006,7.925333007797927
2026-03-13,机械设备,0.011762509416853459,1730.5792416097609,10.14743236823677,4.585882281412538,6.366358656221403
2026-03-16,机械设备,0.02039179627847445,1765.868860948424,10.08310451384378,4.591917397515954,4.726314218109718
2026-03-17,机械设备,-0.0031765810701975413,1760.2594353522838,10.16146333247138,4.544335632759763,5.491339991000863
2026-03-18,机械设备,0.028062158139435946,1809.656113993574,10.017274677698445,4.603543879799613,4.075122906295979
2026-03-19,机械设备,0.0029725964654057015,1815.035491361631,9.954121961690186,4.627737494062186,3.59745314362472
2026-03-20,机械设备,0.011839663496092409,1836.5249008128176,9.99509122210974,4.586383677803312,6.958975485515717
2026-03-23,机械设备,-0.032262051505195004,1777.2748398722213,9.936346385313362,4.621457985423834,3.2678327459307726
2026-03-24,机械设备,0.010038022687193721,1795.1151650362372,10.083912551825913,4.6031573741642315,7.299882938150579
2026-03-25,机械设备,-0.01299458399084404,1771.788390250936,10.138712067647496,4.5770064096968115,1.141522641034582
2026-03-26,机械设备,-0.0052643514383861655,1762.4610734902024,10.302966590897777,4.610022558365377,6.979873848602715
2026-03-27,机械设备,-0.005519060590475004,1752.7339440372564,10.308178420441738,4.5998495308644065,3.574825570246695
2026-03-30,机械设备,0.018078968543226093,1784.4215658761505,10.283211775634804,4.61275028569826,2.257436784604985
2026-03-31,机械设备,-0.0020570484622376337,1780.7509242380813,10.386553730046813,4.656579287714358,2.7653661299954275
2026-04-01,机械设备,0.014264222652643965,1806.151951910315,10.345772628091634,4.628672554223875,4.737695828544537
2026-04-02,机械设备,0.017413496782170475,1837.603373113016,10.274023901611617,4.627573196713756,6.903326484243562
2026-04-03,机械设备,0.003081714006180027,1843.2663411657422,10.281783415977637,4.640907688747621,4.881587889836755
2026-04-06,机械设备,0.0025734630447992904,1848.0099189764549,10.307517950913063,4.643348348043251,5.494904028049823
2026-04-07,机械设备,0.02665428811626185,1897.267307798563,10.378688293692766,4.5976948408271126,5.4806327761031906
2026-04-08,机械设备,0.014434223342106449,1924.6528878590045,10.288899074530194,4.6100478267175875,2.4472265201816743
2026-04-09,机械设备,-0.013927225321709957,1897.8478134237123,10.314261413591359,4.637076263563761,3.2896405420114703
2026-04-10,机械设备,-0.007499937800162567,1883.61407286886,10.372558069920613,4.636366895513302,2.590043621858624
2026-04-13,机械设备,0.02284173575603975,1926.6390877876881,10.242695603589107,4.650267827002706,7.408310913014606
2026-04-14,机械设备,0.003773822500585211,1933.9098817276883,10.18479003138525,4.677038470139765,1.1736653102979606
2026-04-15,机械设备,-0.014976717635842511,1904.9462594958873,10.158059829614654,4.713293025949768,1.3078014913501839
2026-04-16,机械设备,0.019177332506549537,1941.478047321348,10.11747218882025,4.738521783192327,4.025589528437296
2026-04-17,机械设备,-0.011480107769455697,1919.1896701060664,10.267429079472107,4.71126032854379,3.8101048448200268
2026-04-20,机械设备,-0.0012580550538966939,1916.775223842203,10.284502623097145,4.716257945758781,3.8944799594436024
2026-04-21,机械设备,0.025877103012942573,1966.3758137622237,10.23138918433074,4.768781787809497,5.2678549856182695
2026-04-22,机械设备,-0.004022930647964821,1958.465220235623,10.254142356589057,4.736450443369732,2.3072239921812883
2026-04-23,机械设备,0.047444720167018124,2051.38405456654,10.344838261782435,4.732475627882369,2.9560969556512595
2026-04-24,机械设备,0.0159830286151165,2084.1713846112707,10.383180495300937,4.719866509888842,2.1970759809275986
2026-04-27,机械设备,-0.019199542288146507,2044.156247976682,10.3577228063543,4.71440699434476,3.4580058338976842
2026-04-28,机械设备,0.023329585217579503,2091.845565361901,10.439022620637587,4.69981385122981,4.876417680061067
2026-04-29,机械设备,0.008473895210607733,2109.5716454795524,10.464299828135081,4.688962619093991,7.667158842024697
2026-04-30,机械设备,0.010341573939422479,2131.3879366317888,10.458583289317707,4.679081150469502,7.270592002561891
2026-05-01,机械设备,-0.014029367652796448,2101.485911658046,10.379757190094075,4.711974502442976,4.068329429300476
2026-05-04,机械设备,-0.02296409981646333,2053.227179419839,10.42379583446872,4.723452578367052,5.719395624600025
2026-05-05,机械设备,-0.010055285725436276,2032.581393471541,10.385444784736313,4.728439410734707,1.7963372373645625
2026-05-06,机械设备,-0.012605812288234111,2006.9590539648816,10.35023118626461,4.699478242989109,2.971571067791247
2026-05-07,机械设备,0.018337194291353175,2043.7610520722262,10.38318009953071,4.669658472299148,2.7171734859018595
2026-05-08,机械设备,0.01329139184351146,2070.925481049825,10.364654373007433,4.680194574536588,7.630990261628375
2026-05-11,机械设备,-0.010866328702493232,2048.422124054369,10.202931586166828,4.706284187815924,3.22557530794776
2025-05-12,化工,0.024893464277148593,3295.364208227387,28.26234525843345,0.9334169470235575,1.9228563246245993
2025-05-13,化工,-0.016577852263174486,3240.73414723004,28.407694089806743,0.9233264081257254,4.839385100243872
2025-05-14,化工,-0.004301931802423,3226.792729938873,28.507103857629208,0.917782407804517,1.4754834295597838
2025-05-15,化工,0.0005352583244954849,3228.5198976089946,28.282089526626017,0.9223851017306217,7.613848171145161
2025-05-16,化工,-0.0005314847776467295,3226.8039884290856,28.39386939905083,0.9323685704375706,4.184722221751077
2025-05-19,化工,0.007346452500756872,3250.509550659333,28.35905611795286,0.9429245082090727,2.6233078523824043
2025-05-20,化工,0.027827234140799104,3340.9622410024335,28.229335690447233,0.9289309151174138,1.8024796050999479
2025-05-21,化工,-0.002785938306398048,3331.6545263149956,28.271076045461434,0.9314038070848952,2.152691837551136
2025-05-22,化工,0.0085974267324209,3360.298182002727,27.860964943885783,0.9361506271546716,2.247631692381084
2025-05-23,化工,-0.0040336088788484326,3346.744053420223,28.095169629252027,0.9274411386595919,3.681459732600451
2025-05-26,化工,-0.005161225722560499,3329.470751924884,28.02015359216017,0.9341645835543448,7.661224937498517
2025-05-27,化工,0.004051748859870842,3342.960931247969,27.96893890600709,0.9391497750706229,6.594861761719776
2025-05-28,化工,-0.02297584611109653,3266.1535753362077,27.999501464448645,0.9408745244954757,5.12845720544655
2025-05-29,化工,-0.005665370002983647,3247.6496068453603,28.330899478511437,0.9359140546591589,2.7086620074482166
2025-05-30,化工,0.020129696173169655,3313.0238067080713,28.20334313233583,0.9479276565684512,7.869639730283364
2025-06-02,化工,0.009583768905125007,3344.775061248739,28.15296709057354,0.945597679011003,7.422673090612436
2025-06-03,化工,0.020736418741442768,3414.1337175147273,28.521106930532614,0.9430733020313147,4.268771864146585
2025-06-04,化工,-0.0099750194400324,3380.077667311648,28.380978503929448,0.9545751536473023,5.235500396265367
2025-06-05,化工,-0.006474195863428792,3358.1943824598707,28.12612087622884,0.9620033550295264,4.370047421703239
2025-06-06,化工,-8.977456407753507e-05,3357.8929020230976,28.148988549591547,0.9709862940334364,6.515053037098808
2025-06-09,化工,0.024026707643601673,3438.5720130785317,28.337155029618927,0.964926827243577,5.815888150665688
2025-06-10,化工,0.007680348682033167,3464.9814451072552,27.89679616391124,0.9637270570459651,7.168381376889487
2025-06-11,化工,-0.01713561362375373,3405.6068618504214,28.157927374498485,0.9616333923665121,5.131773556817861
2025-06-12,化工,0.00532630881070309,3423.7461756844864,27.86546203435749,0.9422403470979721,1.8374130766124923
2025-06-13,化工,0.002432131425193855,3432.073176350256,27.702534768825917,0.9411663093252015,1.6913833597912586
2025-06-16,化工,-0.025309408744770667,3345.2094334880435,27.539700773486825,0.9397019186611586,6.3050068545047
2025-06-17,化工,0.010188167355595853,3379.290987035938,27.949794032782265,0.9417758333259544,2.8208118811077942
2025-06-18,化工,0.0009094811469309188,3382.364388478641,28.105120904302648,0.9384870401330658,1.7014794433536717
2025-06-19,化工,0.016275205608358843,3437.413064343522,27.793318598447954,0.9376496573063715,5.391628531047536
2025-06-20,化工,-0.00024027553173541817,3436.5871380916924,27.881213801785233,0.9378973716477529,4.470880217728169
2025-06-23,化工,0.02040411866583493,3506.7076698627975,27.727173766597748,0.9451660395784083,4.815058910067584
2025-06-24,化工,-0.0043228944365402075,3491.5485427861745,27.397899366679944,0.9548315415030388,7.272198557274952
2025-06-25,化工,-0.0007127428000439159,3489.0599667013,27.335912168407408,0.9544491096376377,7.032416878525482
2025-06-26,化工,0.00653487196174812,3511.8605268505544,27.08909413676498,0.9539077051565755,7.901722114807448
2025-06-27,化工,-0.004827504598395773,3494.907004008259,27.05208483600653,0.947088001402886,3.150049651329665
2025-06-30,化工,-0.0025531048302469836,3485.9841400550613,27.027207537200965,0.9358575726295493,5.704590734242442
2025-07-01,化工,0.01747498374571213,3546.901656240334,26.804184524660045,0.9408614456055757,7.003113730336811
2025-07-02,化工,-0.013248783109707871,3499.909525485342,26.927150864076857,0.9520891129908903,3.2013364510655737
2025-07-03,化工,0.011072440602287476,3538.6620658196584,27.00594251455445,0.960949100077103,3.7238610673052115
2025-07-04,化工,0.031017723341071394,3648.4233067747964,27.33926212290237,0.958367714510054,3.4040141161364517
2025-07-07,化工,-0.017119515080932665,3585.964068952839,27.651360010182483,0.9542155604986603,4.377768852266708
2025-07-08,化工,-0.0019249394780836487,3579.061305149522,27.7182371250373,0.9647164887251706,4.822172153245251
2025-07-09,化工,-0.005861429677485995,3558.0828889979766,27.5737635796163,0.9652459124325626,3.7901976390291905
2025-07-10,化工,0.010658570695854694,3596.0069670120724,27.497103014792025,0.9563150308663482,4.804740648618866
2025-07-11,化工,0.019418579802844702,3665.8363152725824,27.396587940050143,0.9489148271475655,3.3465622614950017
2025-07-14,化工,0.0018084393262872912,3672.465757828854,27.287029854006136,0.9463254820216102,6.180251614889239
2025-07-15,化工,0.015529447325900052,3729.4971213712283,26.977687371274737,0.9573425475698728,1.9874185964460795
2025-07-16,化工,0.01158472543190169,3772.7023215213817,27.07439231048822,0.9690786510843731,1.774054309480616
2025-07-17,化工,0.006508050588561039,3797.2552590854248,27.11747047472127,0.9784768538168702,5.829783084992075
2025-07-18,化工,0.0161325117138299,3858.514524033022,27.047287218580802,0.9785886914659426,5.158732467927976
2025-07-21,化工,0.01386416605759213,3912.0096101298473,27.22780357400803,0.9826740907901381,1.8505781867636633
2025-07-22,化工,-0.001047576579019292,3907.9114804853766,27.527818035124813,0.9654420857254083,4.564481096722298
2025-07-23,化工,-0.021133517522603104,3825.3235647357574,27.543590019784787,0.9705491238338415,7.672242767841975
2025-07-24,化工,0.008764185419058091,3858.849409744994,27.364137400485646,0.9749786020018738,5.248455961585782
2025-07-25,化工,0.015116217923113767,3917.180618355178,27.60409197481903,0.9765138532189256,6.7515261801515
2025-07-28,化工,-0.022647586962607717,3828.4659296527375,27.486738941271092,0.97500547465832,6.658552831237717
2025-07-29,化工,0.015954793284145324,3889.54831215574,27.278769514601713,0.9749216823239497,6.280631688674368
2025-07-30,化工,-0.006235558721389983,3865.2948052556094,26.906733820235395,0.9729877948603705,6.470431702810004
2025-07-31,化工,-0.006999522192230898,3838.239588486708,26.995234057138937,0.9654108247551347,7.421980969631508
2025-08-01,化工,0.015131227856742117,3896.3168662688686,27.119533488356282,0.9631320212387398,7.2617719656841375
2025-08-04,化工,-0.006742844285715696,3870.04460835181,27.312527724258302,0.9736967400253798,5.6463671528519
2025-08-05,化工,-0.007922095097607534,3839.3857469324635,27.29023932942611,0.9789236828185591,4.309631248789072
2025-08-06,化工,0.01621996667088458,3901.6604557843775,27.226944076154794,0.9844634399379585,3.0602522096186515
2025-08-07,化工,0.004289502714791214,3918.3966389016578,27.301486129854123,0.9758105625350777,2.5055003002553673
2025-08-08,化工,0.0008685441633390744,3921.7999394320236,27.04955517949873,0.9880476346447074,6.855312341661799
2025-08-11,化工,0.019064196688649764,3996.5659048508905,26.934117968557498,0.9799327956044698,1.2337524340610018
2025-08-12,化工,-0.0066720548476257935,3969.9005979315743,27.107927735472177,0.9781420121563429,2.6729061142897352
2025-08-13,化工,-0.002367690546945991,3960.5011018135365,27.093590375490816,0.9647670829615688,1.4563496152928372
2025-08-14,化工,0.00607547024015709,3984.563008393714,26.62996726428046,0.963250369431847,3.92858237092405
2025-08-15,化工,0.009471027408950628,4022.300913858902,26.703791289511372,0.9554793815952558,5.295985272979596
2025-08-18,化工,-0.02274623432506137,3930.8087147463584,26.630120922995342,0.9732865933748065,3.8046049390656727
2025-08-19,化工,0.025162880821758486,4029.719185968651,26.528700095151063,0.9694665428954161,3.4670171788691846
2025-08-20,化工,-0.004041389914440525,4013.4335194924497,26.47965327186469,0.9691068282608138,6.703544011451273
2025-08-21,化工,0.01598820966102123,4077.601136062666,26.0892506296298,0.9710238878821944,7.651988351193399
2025-08-22,化工,0.013498692391364744,4132.643419493055,26.250425831856585,0.9676558796202748,7.990279989262179
2025-08-25,化工,0.018397687825873848,4208.67450302054,26.36233490848243,0.9628773184709395,5.01989266179961
2025-08-26,化工,0.018233735050417563,4285.414358822065,26.469692066815192,0.9698198162224148,1.1481466978742678
2025-08-27,化工,-0.013302403418104942,4228.408048207274,26.382141187884613,0.9720417645375456,1.258253022375377
2025-08-28,化工,-0.0026289224372123233,4217.291891415653,26.23411044382862,0.9640165437439933,5.318188503764764
2025-08-29,化工,-0.02221395293599358,4123.6091678223975,26.272070385546446,0.9602256881688349,4.517707386911589
2025-09-01,化工,-0.009205729220466112,4085.6483384123926,26.125882427143885,0.9597880888925725,6.104864840856433
2025-09-02,化工,0.017855009551855056,4158.597628520267,25.851567495468945,0.9639066487586548,6.405067533652253
2025-09-03,化工,-0.024867207471930233,4055.1849184995763,25.823140996665447,0.9658057901745951,3.343998656992868
2025-09-04,化工,0.011929138031778775,4103.559779136745,25.809628215187377,0.9657014580800828,1.7463349096379646
2025-09-05,化工,-0.016400994815941764,4036.257316472216,25.615397985043444,0.9625098310948534,5.452282485923201
2025-09-08,化工,0.020146915478076136,4117.575451474949,25.27203270445881,0.956299564953154,2.4430231219611485
2025-09-09,化工,0.02535800764949144,4221.988961270808,25.12501318336608,0.9550237264503257,5.86785004012514
2025-09-10,化工,-0.012338053834274587,4169.897834178936,24.904743034817407,0.9761746262667388,4.986028781663983
2025-09-11,化工,-0.003573278502762045,4154.997627889351,24.649360710433356,0.9732606241475035,6.2159292394887995
2025-09-12,化工,-0.013796786330292124,4097.672013414491,24.782166101482705,0.9713380970632968,4.145459217106824
2025-09-15,化工,-0.02868966727667652,3980.11116674068,24.954010531284002,0.9827198831912752,5.51077313597306
2025-09-16,化工,-0.014815143167242213,3921.1452499838774,25.160268377333075,0.9775983988192123,3.1522352112346823
2025-09-17,化工,-0.02780050880205913,3812.1354169475485,25.17780130417366,0.969716732494557,7.00596655909151
2025-09-18,化工,-0.012449474669274286,3764.6763336384165,25.319205944164068,0.9712502469336041,6.671440946523349
2025-09-19,化工,-0.037624072021930646,3623.033880122347,25.712404301790734,0.9719680331068725,1.7826025986375602
2025-09-22,化工,-0.023304390567510293,3538.6012835406536,25.79614248199331,0.9871545258333861,2.7989015649764677
2025-09-23,化工,-0.014722845287013116,3486.5030043106585,25.737825992281874,0.9838166955467526,2.548550599276094
2025-09-24,化工,0.0021499733870239293,3493.998892983705,25.51894405136833,0.9871321371796445,3.072574623948152
2025-09-25,化工,0.012902599182037478,3539.0805602423566,25.871113357444386,0.9910388481896057,6.096731446574196
2025-09-26,化工,0.012652420585194566,3583.858495975429,25.948280110079743,0.992784577504274,4.008994583778486
2025-09-29,化工,0.01568584097189595,3640.0743304090774,26.176378792438374,0.9966671967659284,1.0395647338882932
2025-09-30,化工,0.016371880936921577,3699.6691939480793,26.158323981111753,0.995633269747837,1.9280752612682543
2025-10-01,化工,-0.022847960355730577,3615.139298875436,25.910648312129982,0.9925697127395262,3.545394241398099
2025-10-02,化工,-0.006533625809695095,3591.5193314466605,25.82646765103601,0.9933380007523337,4.9879324242478695
2025-10-03,化工,-0.024021247934369966,3505.2465551248974,25.97414205818082,0.9871760030036373,3.1668721858185553
2025-10-06,化工,0.0035790458302257,3517.79199319193,26.10022306846073,0.9983168158543656,6.725402382326653
2025-10-07,化工,-0.004445662177098589,3502.153078380896,25.897323354338607,0.9881722458757509,7.551686076100224
2025-10-08,化工,0.02107186950433913,3575.9499910327577,25.85335087816226,0.988431333867983,4.732404650583282
2025-10-09,化工,0.0005183397625138761,3577.8035481018715,25.89333140960647,0.9815384912324986,6.448769300472481
2025-10-10,化工,0.0006659513959839715,3580.186191369286,25.85982185902684,0.984136561023383,7.874280613136874
2025-10-13,化工,0.011446499427337777,3621.1667905585573,25.741600972326104,0.9917433170745412,7.814685862860762
2025-10-14,化工,0.009338582463346295,3654.9833552457194,25.673259109528043,0.9943201168782815,4.944293316689963
2025-10-15,化工,0.007399096117224179,3682.026928398037,25.691184686126714,0.9860686224149479,3.497573789584542
2025-10-16,化工,0.010105145818440225,3719.234347416923,25.84482745075854,0.9829522759724822,1.568953733886214
2025-10-17,化工,0.0048357025253605215,3737.219458343134,25.85426170804038,0.981616876547225,5.407708563019211
2025-10-20,化工,-0.0002375904883984094,3736.3315305467745,25.883077757591973,0.9903407895713507,6.779260707553158
2025-10-21,化工,-0.022312030228932623,3652.966388491901,26.278425629781616,0.9821193382689858,6.994095287012819
2025-10-22,化工,-0.022387486079959308,3571.1856543189792,26.26793313100452,0.9774843997201884,2.706873697871583
2025-10-23,化工,0.0051655835422582015,3589.632912161278,26.379686879024764,0.963563378366442,3.7857009410703846
2025-10-24,化工,-0.005796557671645862,3568.825397965897,26.41285053157222,0.9635461258298738,3.358753514927809
2025-10-27,化工,-0.015811508994407492,3512.396883086489,26.333104649540097,0.962174192250163,7.27003422323601
2025-10-28,化工,-0.010647526582440893,3474.998543905743,26.410335694882416,0.9560492402489059,5.912117285290494
2025-10-29,化工,0.026397359473919323,3566.729329640569,26.573929989055753,0.9614714654923379,4.345141139571403
2025-10-30,化工,-0.00307008446681686,3555.7791693282993,26.567284080007003,0.9627788708509707,2.4220775603297766
2025-10-31,化工,0.01072734560815016,3593.9232413839454,26.63908501663223,0.9655357126656725,2.6165825145451365
2025-11-03,化工,0.010928548758368491,3633.199606761244,26.555256904187875,0.953275818553741,5.82888898405175
2025-11-04,化工,-0.0029097414401236684,3622.6279353052096,26.38916676024588,0.9542010240772264,2.1383980742100195
2025-11-05,化工,-0.01776936943510993,3558.256121196822,26.299111880837298,0.9512284698597318,1.6540230678974948
2025-11-06,化工,0.020537080091472516,3631.3323121438134,26.111178533055394,0.9509683558347622,1.9025611379387204
2025-11-07,化工,0.008580429243827287,3662.4907021089866,26.026653823950273,0.9416535274167604,4.844089835531674
2025-11-10,化工,-0.01319159960914226,3614.1765911945586,26.210503234357294,0.9455448695235423,6.924441459064963
2025-11-11,化工,0.004582532423109891,3630.7386726065524,26.234584415238697,0.9521167720150255,7.774684958940661
2025-11-12,化工,0.0005465651900109655,3632.723107979026,26.13710258872133,0.9585727355077998,2.373509558192067
2025-11-13,化工,-0.029485280402345684,3525.6112485161834,26.56090360384594,0.9651888397420397,1.664906514841185
2025-11-14,化工,-0.012251057426938553,3482.4187826455513,26.351055467424562,0.9530767801637328,5.35815657593883
2025-11-17,化工,0.001917140882281689,3489.095070062987,26.328176881831073,0.9593811057627026,4.275089395437521
2025-11-18,化工,-0.0013601384158704248,3484.34941782157,26.182252517454597,0.9560413680505401,1.0262156629789936
2025-11-19,化工,-0.014382433269149874,3434.23599483335,26.198921091719946,0.9670104286587126,2.929801278318902
2025-11-20,化工,-0.025891378663484173,3345.3188902713528,26.307753580118955,0.9622614851343533,7.627538205971344
2025-11-21,化工,-0.0055244664311981705,3326.8377883603953,26.463521928835778,0.9609255242625181,5.580144250738392
2025-11-24,化工,0.006437040885806677,3348.2527792245182,26.436692926284522,0.9593377160298375,6.415755425354755
2025-11-25,化工,0.01192037179709772,3388.1651972235404,26.447769428720925,0.9673613115442714,4.142688062347663
2025-11-26,化工,-0.0028212985011546025,3378.6061718309493,26.60705870134798,0.9647818233023143,6.933279619509545
2025-11-27,化工,0.008252112038373557,3406.4868084944387,26.34108072564633,0.9758469724788166,6.984418709918397
2025-11-28,化工,-0.027694945608246976,3312.1443416179745,26.329788752070424,0.9791257304428078,1.4231284608968915
2025-12-01,化工,0.006385339536289222,3333.2935078324044,26.6617910696084,0.9645697223565353,4.51678969490475
2025-12-02,化工,-0.007415411925845659,3308.57576340208,26.917124542805908,0.9587715895612176,4.8072558754484875
2025-12-03,化工,0.0020095214134018117,3315.2244172464984,27.141941778286064,0.9632497208149134,4.900533314510307
2025-12-04,化工,-0.006328722955077525,3294.243280375837,27.25532210923652,0.9536988174309089,3.504017354596993
2025-12-05,化工,-0.002230931530552359,3286.8940491723365,27.51592167186394,0.9500349779273463,3.7721704241164233
2025-12-08,化工,0.004232761796014878,3300.806688731222,27.40616659590109,0.9442364152453518,3.3087106619945277
2025-12-09,化工,0.018842403399902414,3363.0018199053916,27.565597692275357,0.9447341532957625,6.675743764867058
2025-12-10,化工,0.02517713573815672,3447.6725732128175,27.33918627556939,0.9434360277482078,4.9510928915766925
2025-12-11,化工,0.027920602876562745,3543.93366997791,27.555868102618053,0.9425226229420505,3.3197589725984615
2025-12-12,化工,0.011107568893009238,3583.298157369445,27.466658709167092,0.9276148317440288,3.9055469030545935
2025-12-15,化工,0.014888896164304442,3636.649511560262,27.411801081462194,0.9291549862316526,1.1677296958698888
2025-12-16,化工,-0.02000178493173152,3563.910030157947,27.510696897313984,0.9401014001538858,5.379127084288269
2025-12-17,化工,-0.002810278275629946,3553.8944512238945,27.421629176883858,0.9478448601680873,5.285048751293732
2025-12-18,化工,0.029937056752533914,3660.2875911026995,27.046174756194386,0.9506609591258759,2.7115524814109766
2025-12-19,化工,-0.01763411677080023,3595.7416523064835,27.141758242041025,0.9519964746385393,6.199116046343235
2025-12-22,化工,-0.0020792668520797876,3588.2651458801997,26.923075712349174,0.965123918845265,2.8338289499496225
2025-12-23,化工,0.0125021539118459,3633.1261890105066,26.822332000356223,0.958960976633578,3.985869979691478
2025-12-24,化工,0.01547806141475592,3689.359939291569,26.817739695698418,0.9588284088243484,6.059334229877877
2025-12-25,化工,0.011947334840197622,3733.437957832297,26.695691738580663,0.9696334039246661,6.522656275788634
2025-12-26,化工,-0.0016861944624365893,3727.1426554219497,26.542704508494747,0.9792009080670288,4.176972789795366
2025-12-29,化工,0.005611336319957522,3748.0569063739817,26.558054334391887,0.9835550308744595,2.885498427263459
2025-12-30,化工,-0.0031979120857425704,3736.0709498950373,27.04252853513454,0.9777813481700868,2.907718183281448
2025-12-31,化工,-0.008419027872750865,3704.616864433296,26.969886112320673,0.975300890288945,6.339988345274602
2026-01-01,化工,-0.011851514112568856,3660.711545382804,26.78646193130081,0.9771029914193773,6.9656556748313765
2026-01-02,化工,0.007250204918699921,3687.25245423508,26.80861583454815,0.9693921597191605,4.316483536154756
2026-01-05,化工,0.007952378987366763,3716.574883173256,26.76580683470672,0.9698794427028017,1.1043718490836554
2026-01-06,化工,-0.005439753690277992,3696.3576312373198,26.645662808331593,0.9660820602627835,1.9661932625652776
2026-01-07,化工,-0.04097949330508577,3544.8827684348275,26.844493404146945,0.9790838561470239,3.0612486918881214
2026-01-08,化工,-0.01603026677562904,3488.0573519684867,26.771762210681576,0.990570016716483,4.830661995154985
2026-01-09,化工,-0.020938236970367702,3415.0235805667376,26.623439176709145,0.9811236118178652,5.298218389140555
2026-01-12,化工,0.006315346052557656,3436.5906362556607,26.74718482402007,0.9649612840492825,3.555358942792638
2026-01-13,化工,0.012177520068608304,3478.4397876962553,26.71258160239149,0.9654507395153078,5.238704924238905
2026-01-14,化工,-0.014392418388744355,3428.3766269316757,26.70455425591776,0.9698513328782985,4.84991891106167
2026-01-15,化工,-0.004662652915609619,3412.391296656305,26.549576459705047,0.9687108912896759,5.9988506918161395
2026-01-16,化工,0.013057375826349325,3456.9481722833093,26.873404531630936,0.9469969532593282,5.152897650915946
2026-01-19,化工,0.006713954748831073,3480.157965881074,26.509654465162967,0.9530252665216716,4.1477589561961015
2026-01-20,化工,-0.006555522868850022,3457.34371074853,26.595937586983162,0.9607668228789498,3.2084244453755675
2026-01-21,化工,-0.017377469507087878,3397.2638258394754,26.514810411144843,0.963086504114597,6.33880319318226
2026-01-22,化工,0.002932559415681525,3407.226503859495,26.703994142269412,0.9536327385290353,5.318200482825713
2026-01-23,化工,-0.00999858845120247,3373.1590482873744,26.75933097532205,0.9536689259125242,7.88251190657622
2026-01-26,化工,-0.01274784568250242,3330.15853727727,27.196071918436942,0.9689613756652437,1.7110218096476695
2026-01-27,化工,-0.0012596672605238671,3325.963645595508,27.07672142365866,0.9672428642428746,1.5135253166184368
2026-01-28,化工,-0.0008230379549900364,3323.226251278266,26.772006622085364,0.9666529310790327,3.3483362739260882
2026-01-29,化工,0.02265320410776284,3398.5079738447484,26.79329445587684,0.960270279092377,2.8988801053822373
2026-01-30,化工,0.004167225274270608,3412.6703221681646,26.806948824538747,0.9586045785161242,4.311661766695623
2026-02-02,化工,-0.004191368781586821,3398.3665623179813,26.743536940459315,0.9640351107277624,7.944269316450162
2026-02-03,化工,0.017051409306436425,3456.3135015453727,26.8883786736723,0.9655225154342939,6.58242284399112
2026-02-04,化工,0.022976330459782694,3535.726902729488,26.53114516089501,0.972149464954475,4.927770761378805
2026-02-05,化工,0.019772521449789943,3605.637138754306,26.559836204745945,0.9717454025326108,6.343734749089518
2026-02-06,化工,0.0044202252123436555,3621.5748669415907,26.599608821627875,0.9696415601585879,3.599918383952625
2026-02-09,化工,-0.0015038217043157544,3616.1286640528797,26.51819617716474,0.962466788070708,7.468241447011782
2026-02-10,化工,0.004231636837229622,3631.430807315848,26.30551056311462,0.9718565603307427,3.7352524339636526
2026-02-11,化工,0.009583869537598398,3666.233966407979,26.617944660554894,0.963876812321632,4.414694372653193
2026-02-12,化工,0.024041619253425475,3754.3761675223354,26.262751582257977,0.9588016023408512,6.355780573078949
2026-02-13,化工,-0.011497100136064003,3711.2117287758792,26.47115729637371,0.94435834197405,7.918729150479041
2026-02-16,化工,-0.0226539671600225,3627.1380601483,26.116607454665928,0.9427902420017911,7.238606087220272
2026-02-17,化工,0.038155545029625336,3765.5334897309567,26.068993210672915,0.9410495785442584,7.609565721316507
2026-02-18,化工,-0.01175480003220816,3721.270396544586,25.703026697394144,0.9486537787533003,5.379670264421152
2026-02-19,化工,-0.0034899300753355117,3708.2834230692297,25.79487977606974,0.9531090935416099,2.2067730030891686
2026-02-20,化工,0.00029822986706808916,3709.389343941543,25.954737174393895,0.9644426742256141,5.757725917984444
2026-02-23,化工,-0.019973916805977585,3635.2983097846745,25.731505037999813,0.9563651061265896,3.937583214013036
2026-02-24,化工,0.010369549563447926,3672.994715785905,25.718096178688015,0.9597951483119651,7.785447300938777
2026-02-25,化工,0.004083312735690587,3687.9927018869976,25.498812845584222,0.9643626550442757,6.4859209213268265
2026-02-26,化工,-0.008998178387139946,3654.807485664948,25.591527053771806,0.954884970801301,7.899435340613929
2026-02-27,化工,-0.011059402329651333,3614.387499243558,25.53019963888664,0.9549016514258822,6.552607747913255
2026-03-02,化工,-0.020426278497506275,3540.559013586104,25.617112872466244,0.9477816998776982,3.265043228276583
2026-03-03,化工,0.01924419893899764,3608.694235598816,25.361935569685556,0.958075516226495,2.091429567639789
2026-03-04,化工,-0.0019537238306820155,3601.6438436730814,25.474968229935808,0.9497093777095664,6.984479595577499
2026-03-05,化工,-0.012012298848964051,3558.3798214753488,25.23750035849122,0.9386144743734839,6.678093831112539
2026-03-06,化工,0.0030191266464913466,3569.123020812702,25.13153976505455,0.941654576770227,4.246808122716425
2026-03-09,化工,-0.010031121970356745,3533.320712463722,25.36322213020078,0.9380037551231131,5.260821323705226
2026-03-10,化工,0.002351264460222142,3541.628483881505,25.42044297697968,0.9357802554712474,3.488146245063349
2026-03-11,化工,0.0118033655931022,3583.4316196717027,25.319634458993622,0.9348320179042842,3.5900247840252195
2026-03-12,化工,-0.00806674360060943,3554.5249955854947,25.41692755974227,0.9329545975308976,6.256498754617056
2026-03-13,化工,0.0024282185538895833,3563.1561591300397,25.355574542343497,0.9399186677677771,3.1906193214385095
2026-03-16,化工,0.0011531285684140608,3567.2649362908533,25.361281678958747,0.9606922578915182,4.42692634359324
2026-03-17,化工,-0.021171484805822344,3491.7406408938286,25.318177299153305,0.958370479583964,7.70961392501824
2026-03-18,化工,0.02401100903623305,3575.5808569745127,25.493368723437108,0.9496905347844048,7.585019557473759
2026-03-19,化工,0.012754867319505106,3621.1869163953847,25.568522682276985,0.9462133227185672,5.200867579576475
2026-03-20,化工,0.016272138953818394,3680.1113730767192,25.594084493895366,0.9370604261388019,2.6129538027003605
2026-03-23,化工,0.0030948446265939423,3691.500745984953,25.937343133458995,0.9253286253109247,7.990889372889008
2026-03-24,化工,-0.008813307637807188,3658.966414265393,25.88165642675032,0.9279686220502245,7.804294659236365
2026-03-25,化工,0.002904575770062546,3669.5941594557407,25.683685420659742,0.9235825349433413,7.845271914502885
2026-03-26,化工,0.018875615123348847,3738.8600064685165,25.447948950182198,0.9219921416439744,4.261767237302957
2026-03-27,化工,0.01420715639112495,3791.9785753049373,25.550398806435492,0.9389983740082736,2.8714129851119736
2026-03-30,化工,-0.015033720694758175,3734.971028523296,25.22562668158304,0.9419970744568668,7.684227970064805
2026-03-31,化工,-0.030882026741447303,3619.6275533419084,25.184270280861824,0.9377527390826765,6.829943291140098
2026-04-01,化工,-0.010329359474426827,3582.2391191798997,25.336487085041547,0.9393219355859308,2.6237791651045006
2026-04-02,化工,0.0019146312958887165,3589.0977863068383,25.336852641165606,0.9311359881061546,7.138010081183202
2026-04-03,化工,0.016826669025843392,3649.4903468584107,25.22070224007545,0.9379165328974297,2.047714252085208
2026-04-06,化工,-0.0024420129656616755,3640.578244113325,24.911168623334486,0.9252506504838196,2.205528255449229
2026-04-07,化工,-0.008811218959578516,3608.500312064965,24.76725396897477,0.9325271928000068,2.7136627298849336
2026-04-08,化工,-0.006630136347179689,3584.5754629871335,24.697141050563864,0.9486824539262018,5.938518624641961
2026-04-09,化工,0.016019309427309773,3641.997886494267,24.46635378483962,0.9563756393540768,3.312177037777926
2026-04-10,化工,-0.01640305437301085,3582.257997135711,24.72755777832987,0.9521890721785424,2.9045891030458435
2026-04-13,化工,-0.018570342733589304,3515.7342383687596,24.648404948032567,0.956029459132268,1.4534053966764122
2026-04-14,化工,-0.01222270845810262,3472.762443757009,24.78360763937565,0.951140756345452,2.583887093309046
2026-04-15,化工,-0.0021441450505756453,3465.316337351402,24.900926839166274,0.9554731960747709,2.449593774213973
2026-04-16,化工,-0.012665997649075292,3421.424648769207,24.824273414941796,0.9597211701151563,6.358489502837097
2026-04-17,化工,0.031011386621539624,3527.5277713486544,24.90310901014912,0.963100523874312,1.1157761450291361
2026-04-20,化工,0.008162023755090944,3556.3195368151455,24.68930281507933,0.9639911741109584,5.657833548467778
2026-04-21,化工,-0.00024649732504602615,3555.442913562312,24.60960615386558,0.9703307040032462,7.926953657664647
2026-04-22,化工,0.0010791337605768909,3559.2797120441405,24.367875134384555,0.9678473771690035,4.276588421313527
2026-04-23,化工,0.02106250322264965,3634.247052449382,24.360386241230504,0.9697841903502142,5.228504704193445
2026-04-24,化工,-0.016441833331693297,3574.4933681268117,24.694164733218127,0.9701407678634459,1.0886047993891355
2026-04-27,化工,-0.0034387455443469065,3562.2015949838683,24.59278345608974,0.9661207731767246,5.572900960829206
2026-04-28,化工,-0.0019041337832564247,3555.4186865840898,24.52677331046351,0.9680992118856341,5.6323560830917705
2026-04-29,化工,-0.01658875363330966,3496.4387219290807,24.33898042548869,0.9747959253468058,1.624748261456088
2026-04-30,化工,-0.0018463322541642404,3489.983134342074,24.187434532395763,0.9713378998262104,5.238991917257512
2026-05-01,化工,-0.0038540555151191356,3476.532545595491,24.399746285027646,0.9820677379997792,7.027911701313469
2026-05-04,化工,-0.01655990513396852,3418.9614964452753,24.39164730562946,0.9896924212500783,5.291853816190919
2026-05-05,化工,-0.01867396944050932,3355.115913942378,24.774724563421007,0.9923262308751287,5.461735952613095
2026-05-06,化工,0.0034750812566324103,3366.7752143687485,24.96656654283531,0.9866274742789564,5.747278092123476
2026-05-07,化工,0.012137957185118396,3407.640987772674,24.920395816327762,0.993049520505492,6.453729311370527
2026-05-08,化工,-0.002605862747104939,3398.7611430671295,24.93942743117643,0.9848698830563118,7.771234205614138
2026-05-11,化工,0.003603979157003718,3411.0102073863777,24.927666688816306,0.9852404648849572,1.8522639835337489
2025-05-12,钢铁,-0.033433324881160444,3264.9611446707177,18.74625411414813,0.9128950141738766,6.756956170113941
2025-05-13,钢铁,0.004179783056723285,3278.607973944072,18.64044456497328,0.906716250982396,2.459692782094314
2025-05-14,钢铁,0.009624950686126947,3310.1644140124263,18.69370579331986,0.8974488836008959,3.980331304512136
2025-05-15,钢铁,0.023860563051320536,3389.146800723207,18.608844253091846,0.9103831208679702,4.865505476382406
2025-05-16,钢铁,-0.025393912299544595,3303.08310409536,18.674635254317646,0.8923317769434514,3.718990548594999
2025-05-19,钢铁,-0.03045240253727682,3202.4962877953703,18.645043631945345,0.9016164919455479,5.2255116715419145
2025-05-20,钢铁,-0.00457722698305721,3187.837735373733,18.725684299772304,0.9050175948075837,5.544699129865794
2025-05-21,钢铁,-0.003623494232332676,3176.2866237259936,18.784390258170763,0.8975269599516154,6.147898178549021
2025-05-22,钢铁,-0.009287026244652023,3146.788366490913,18.6353515027201,0.8925525855993972,7.402655751966246
2025-05-23,钢铁,-0.018906143280487234,3087.2947347606655,18.872266051164853,0.8961308594479651,4.430834652887474
2025-05-26,钢铁,0.026831218627320335,3170.1306147560035,18.918727346098105,0.9011630840131839,6.674660414384587
2025-05-27,钢铁,-0.013306869669541714,3127.946099830021,19.148070465051074,0.8972572756915838,3.8282096522992193
2025-05-28,钢铁,0.01688846153112249,3180.772297208425,19.263207653605765,0.8888396035162761,2.428511408812648
2025-05-29,钢铁,-0.004479797261054826,3166.5230821833516,19.34425756594431,0.8905738429390851,3.7622346616286837
2025-05-30,钢铁,-0.008322583418834436,3140.169429684216,19.213265296368704,0.8777440618988488,2.6350535818530636
2025-06-02,钢铁,-0.005599512965714627,3122.586010248159,19.433622239099357,0.8790884197314717,2.8635980042222773
2025-06-03,钢铁,0.024834084217488436,3200.1325742030126,19.58976563267637,0.8741941026733596,3.4260459151304543
2025-06-04,钢铁,0.03008548495768917,3296.4101146268085,19.66746108374936,0.8787006673606707,3.2487862138973878
2025-06-05,钢铁,0.0028065380293590975,3305.661614973873,19.533602007325456,0.8776595196878382,6.2723979133996055
2025-06-06,钢铁,-0.005907952268220419,3286.131923937719,19.68999904159891,0.8721711842032832,6.218269267449387
2025-06-09,钢铁,0.012570055899792695,3327.4387859157096,19.54570541315599,0.8679590350614301,2.472943386190628
2025-06-10,钢铁,0.02207986284406493,3400.90817793075,19.67439255377747,0.8682474879882343,5.477317127024434
2025-06-11,钢铁,0.008060621560553129,3428.32161171524,19.52677643588261,0.8813526180231033,6.138448245161755
2025-06-12,钢铁,-0.02230891880663129,3351.8394632364652,19.739385025096823,0.8818094502315552,6.055089055216395
2025-06-13,钢铁,-0.015597462237552028,3299.559273782298,19.79418889428163,0.8815512376406108,2.8122211937935315
2025-06-16,钢铁,-0.01675066253746547,3244.289469864806,19.924580846722886,0.8882202321880234,1.986195843992791
2025-06-17,钢铁,-0.0019486816846752278,3237.9673823950957,19.951564790032617,0.886767106312864,3.2979060549070587
2025-06-18,钢铁,0.02139591265256063,3307.246649680662,19.902987538725842,0.8845471453951316,5.6332338829063024
2025-06-19,钢铁,-0.015283350735938138,3256.7008391633362,19.924919658772883,0.8906848650381037,1.409016935982026
2025-06-20,钢铁,0.015168167236913822,3306.099022132363,19.792890165742445,0.8915413373346999,7.326220394262592
2025-06-23,钢铁,0.004334947964513872,3320.430789358837,19.882534272646154,0.8934090141537318,3.1424143875132313
2025-06-24,钢铁,0.018712547881870625,3382.5645094931515,19.77580246731545,0.8855767534634084,5.399468010623434
2025-06-25,钢铁,-0.007890785906222506,3355.8734171347546,19.66006809639233,0.8744949654771171,5.1205056880124316
2025-06-26,钢铁,-0.002607232069613703,3347.123876340037,19.682059275830714,0.8761634943552994,5.664986299042392
2025-06-27,钢铁,-0.005584476414182793,3328.431941997268,20.098822318378403,0.8737423712756835,6.250106254600866
2025-06-30,钢铁,-0.0029879653876553666,3318.486702559414,20.027929400389013,0.8659384479347133,1.197994498036858
2025-07-01,钢铁,-0.002878195093389443,3308.935450414629,19.991413750933912,0.8670349756037306,6.8590545706218204
2025-07-02,钢铁,-0.006553353295549471,3287.2508273758936,20.138193621090483,0.8648819811507982,2.4934260219208855
2025-07-03,钢铁,-0.013142376107326704,3244.0485406433986,20.066551590145103,0.8563538257813958,5.292983427893291
2025-07-04,钢铁,0.02801650150042741,3334.9354314497937,20.110482909347848,0.8670880819651248,5.393412484312515
2025-07-07,钢铁,-0.0023796361547323247,3326.999498523418,20.170415312535393,0.8765274550126186,5.279138619387707
2025-07-08,钢铁,-0.013004742625119522,3283.732726331219,20.099601019992615,0.8685401055376283,4.274866091873005
2025-07-09,钢铁,-0.018444000203658526,3223.167559258006,20.04952497863328,0.8688749364667041,4.3694908247549655
2025-07-10,钢铁,0.0013695364907494781,3227.5818048462097,20.157493064844353,0.870995584959756,1.9532189965309985
2025-07-11,钢铁,0.004371882343041571,3241.6924127495395,19.895301806716457,0.8707786336284925,3.514617984352061
2025-07-14,钢铁,0.005212984147576493,3258.591303908522,19.758706070976785,0.8669732334083967,6.541017362510195
2025-07-15,钢铁,-0.001338126572649614,3254.230896295357,19.844186583352005,0.8811005426309679,4.04488925419324
2025-07-16,钢铁,-0.0031267780161758824,3244.0556386692606,19.737614158568096,0.8817292832664643,5.873844327103732
2025-07-17,钢铁,-0.007786884761025961,3218.7945512525866,19.84152362974094,0.8802153846627501,5.17664034852737
2025-07-18,钢铁,-0.030174300023398257,3121.6696787494116,19.952511150733894,0.8688948197464148,3.0845095126050923
2025-07-21,钢铁,0.002071602318667344,3128.1365368940224,19.92533031857348,0.868328479850134,4.588787674149599
2025-07-22,钢铁,0.00792137030270125,3152.9156647601694,19.951813571332806,0.8603416538488516,2.012584314048838
2025-07-23,钢铁,0.009897151792975276,3184.1205496847506,19.97830093867493,0.8645305001868678,1.1645169597282683
2025-07-24,钢铁,-0.010300222526399309,3151.3233994721168,19.84157221269869,0.862638024867842,3.467328091169896
2025-07-25,钢铁,-0.006277338241374138,3131.5414765856735,19.664949744112906,0.850946487017466,5.596353646311904
2025-07-28,钢铁,-0.010310749908111398,3099.252935593721,19.63683973871255,0.8560718471846974,2.34640209532515
2025-07-29,钢铁,0.010586965120464913,3132.06461832235,19.56638411349091,0.8463621693940744,2.047457050562487
2025-07-30,钢铁,0.034064428196215135,3238.7566086190977,19.29519487573349,0.8436998457581993,7.602141894973444
2025-07-31,钢铁,-0.02292217157371552,3164.5172739508257,19.309607438649667,0.8503396657520502,4.692601639219814
2025-08-01,钢铁,-0.0032936531123536656,3154.094451782381,19.140124099217758,0.846103805737303,6.602274015845425
2025-08-04,钢铁,-0.008485924020088369,3127.329045912373,19.485849297498817,0.8416484647513749,7.71890398716963
2025-08-05,钢铁,-0.016628214495013772,3075.3271477404555,19.099750121847556,0.8450223978476709,4.649954296438267
2025-08-06,钢铁,-0.009710972588334582,3045.462730108587,19.275909110490954,0.8472308771705078,5.65642872436747
2025-08-07,钢铁,-0.01833687117259639,2989.618472365642,19.374605869885123,0.8496465871367674,3.5982188448237915
2025-08-08,钢铁,0.030196337479370294,3079.8940006917546,19.211180264125986,0.8534220507611424,2.4368027081538908
2025-08-11,钢铁,0.02998917164132011,3172.2574705155716,19.32441301161415,0.8576472431778364,4.870829102122078
2025-08-12,钢铁,-0.015036497003862411,3124.557830564684,19.319760201998374,0.8559766642109383,3.1759230886217527
2025-08-13,钢铁,-0.009271174551311955,3095.5895095218502,19.355864209633094,0.8704721363531743,2.171572715086559
2025-08-14,钢铁,-0.0005968920813168518,3093.741776656609,19.3873623440041,0.8703644008388098,7.1179860812915825
2025-08-15,钢铁,-0.014509943683450516,3048.8517577061834,19.335465654648264,0.8743028547727726,1.2728065477789614
2025-08-18,钢铁,0.022021243030558826,3115.991263226778,19.626388795024248,0.8781280326045617,7.230738314098929
2025-08-19,钢铁,0.009171526696417328,3144.5696602832654,19.70318772683485,0.8785156076740946,7.973027816533369
2025-08-20,钢铁,-0.03644717957846098,3029.958965177941,19.702578933202137,0.8744911136001454,4.545227831369559
2025-08-21,钢铁,0.0023872714703193376,3037.1922997717484,19.65356341428681,0.8773070883880939,3.984729263385976
2025-08-22,钢铁,-0.0014391476832758536,3032.8213315098687,19.759264633072767,0.8714039477818005,4.636169365622894
2025-08-25,钢铁,-0.029850097855141623,2942.2913179871384,19.94696613165341,0.8750375627542,4.1647154403502
2025-08-26,钢铁,0.002322190122257056,2949.1238778225706,20.15952607911656,0.8837624657994205,6.02405578320444
2025-08-27,钢铁,-0.01891781310827696,2893.3329034687663,20.052649709166275,0.8843758752553108,2.189180126125774
2025-08-28,钢铁,-0.014779760355217103,2850.5701365276336,19.894414315754698,0.8785941719665075,3.170152923512717
2025-08-29,钢铁,0.013556278782353109,2889.2132599870524,19.65723350246239,0.8796232819145516,7.191299195028693
2025-09-01,钢铁,-0.0014841380297525308,2884.92526871184,19.525605506606418,0.8820739702326476,3.046306610898434
2025-09-02,钢铁,0.015956874204604378,2930.9596583143593,19.78892028621507,0.8775137019719087,7.812825203547296
2025-09-03,钢铁,-0.004346714822750726,2918.21961252268,19.908649068501724,0.8745580227923863,6.113963893033834
2025-09-04,钢铁,-0.022263234417402418,2853.2506052076264,19.69643086777136,0.8789757204552336,4.522893136704091
2025-09-05,钢铁,-0.004567458130293162,2840.218502533107,19.720309068490998,0.8732819737544034,4.580407384461834
2025-09-08,钢铁,0.008950583469071224,2865.6401153104302,19.82851684279567,0.8714499429619608,7.61412949337381
2025-09-09,钢铁,-1.4037663918366303e-05,2865.5998884175806,19.79734773091974,0.8658526880194968,1.771937097935968
2025-09-10,钢铁,0.0007215352188990242,2867.667519660347,19.890963929232534,0.8647692688637052,5.850364060976566
2025-09-11,钢铁,-0.004876108330852233,2853.6844621776168,20.039202409013907,0.8665954838282646,5.461133784998271
2025-09-12,钢铁,-0.019057808302879585,2799.2994907405296,19.91726776367914,0.8705536829233264,7.713049607351041
2025-09-15,钢铁,0.015227468168922967,2841.9257346310637,19.98108316073499,0.8542727471484814,7.840280346164972
2025-09-16,钢铁,0.016589278868852392,2889.0712331674267,20.147675933439245,0.8558670595718317,7.673046774564029
2025-09-17,钢铁,0.00830576071660497,2913.0671675233425,20.459767803702434,0.8521271007022917,2.7833115663989174
2025-09-18,钢铁,-0.007606044853591762,2890.9102479856347,20.29632365775776,0.8426379272430562,3.9437638304821356
2025-09-19,钢铁,0.006599837158887139,2909.9897848632977,20.619084981017174,0.8564678019160454,6.793755850424784
2025-09-22,钢铁,-0.01258552186063001,2873.3660448116907,20.933730679240163,0.8497711547370623,7.675005566846111
2025-09-23,钢铁,-0.003651018682638526,2862.875331700024,21.13106064009937,0.8424763727188886,4.923655294265629
2025-09-24,钢铁,0.0074131259816894975,2884.0981872037873,21.133544654691367,0.8450790619228825,7.493468094331031
2025-09-25,钢铁,-0.007817913849061714,2861.550556043993,21.14918538972687,0.8343154341179104,1.227369254251263
2025-09-26,钢铁,0.0093907209679485,2888.4225788514796,21.053284270210327,0.8397278971277669,6.575839878325489
2025-09-29,钢铁,-0.013217668324274102,2850.2443672238765,20.948901807771687,0.8393045199096393,5.209633480102124
2025-09-30,钢铁,0.0034382893705339587,2860.0443321351268,21.13877031691571,0.8531390965794717,7.402870204648503
2025-10-01,钢铁,-0.013703861291494118,2820.850681320023,21.422814042459965,0.8514489111103092,4.809657303272922
2025-10-02,钢铁,0.004420612009028778,2833.3205677175433,21.4465736619478,0.8548418464407294,6.7187791533241334
2025-10-03,钢铁,0.015029577832088931,2875.9041797133127,21.523325897867867,0.8545826607028861,2.187627568797032
2025-10-06,钢铁,0.001312784172832485,2879.679621203023,21.849706876664467,0.8535549165298452,2.590338772275513
2025-10-07,钢铁,-0.018690569124489447,2825.8567701865445,21.779049593405116,0.8463843480131746,1.74414074919066
2025-10-08,钢铁,-0.006665784220582274,2807.0202187182094,21.70051603458014,0.8328306469796984,2.4337487295309814
2025-10-09,钢铁,-0.014183442421718451,2767.20700906942,21.590007075087428,0.8377644700066932,5.444660610326872
2025-10-10,钢铁,0.014530894946860365,2807.4170034144236,21.724931723386092,0.8363209127613931,7.7867277907451395
2025-10-13,钢铁,-0.007451298650784674,2786.4981008846917,21.62047649269976,0.8303552363964578,4.05513879176179
2025-10-14,钢铁,0.0010386811247980474,2789.392383866366,21.740569830314957,0.847445623743343,3.3163600815461827
2025-10-15,钢铁,0.008740087593879474,2813.7719176350583,21.749730821159798,0.8514848850079041,1.303776859092363
2025-10-16,钢铁,-0.016768914900850588,2766.5880157978327,21.764930825036917,0.8465066743661341,1.7345742622956464
2025-10-17,钢铁,0.026571040410932365,2840.099137765998,21.862556231291283,0.850618692206296,2.2773343176946055
2025-10-20,钢铁,-0.015905147433508758,2794.9269422540488,21.623036401050207,0.862628243288238,5.576596565335318
2025-10-21,钢铁,-0.011747209277475431,2762.094350548136,21.368217455038312,0.8632204639361132,5.275239464680166
2025-10-22,钢铁,0.0008568747179466264,2764.4611193657042,21.532430194576886,0.8686863582071918,2.839699921870592
2025-10-23,钢铁,-0.018452735084861383,2713.4492506776496,21.40868710126742,0.8695095917591048,5.151741685785152
2025-10-24,钢铁,-0.016778295677988976,2667.9221968425627,21.250806827501776,0.870205117098757,3.2315885322538582
2025-10-27,钢铁,-0.0017438441601106832,2663.2697562999692,21.156049934028147,0.8720271904316916,5.849658756943704
2025-10-28,钢铁,-0.019636067210542393,2610.9736123654584,20.734424852871538,0.8805153181812533,3.711333945996847
2025-10-29,钢铁,-0.006475860158308796,2594.065312374745,20.82431154058728,0.886787278776097,3.9344000508951416
2025-10-30,钢铁,0.01234901738751254,2626.099470021604,20.779042812545818,0.8735228447557244,1.6524974812488895
2025-10-31,钢铁,0.00047420128638231873,2627.344769768456,20.55143298205859,0.8704511585902901,7.546134075227447
2025-11-03,钢铁,0.00890777818393557,2650.7485741902765,20.482120017098698,0.8777285212495574,1.5087873770183613
2025-11-04,钢铁,0.025653347293709598,2718.749147952285,20.808200203766443,0.8625518150438264,2.301311980893869
2025-11-05,钢铁,0.0019084635799771917,2723.9377816842457,20.808796583735937,0.861208554856093,4.8886306669181705
2025-11-06,钢铁,0.00047735088420734024,2725.238055792858,21.027320274001806,0.862711141981512,6.882353667547582
2025-11-07,钢铁,0.01083705718267005,2754.7716164398744,21.02957784875777,0.8626194662307529,5.726006981106939
2025-11-10,钢铁,-0.00627581023134129,2737.4831925444123,20.952374216026392,0.849317995328284,5.655542079988996
2025-11-11,钢铁,-0.00560726583774736,2722.1333965574504,20.881555879179707,0.8563008755480818,3.9883146112598604
2025-11-12,钢铁,-0.0019363110263134757,2716.8624996466,21.035875229979176,0.8530202270614636,6.012643424820594
2025-11-13,钢铁,-0.02147383756218698,2658.5210356503917,20.982309306632978,0.8493241193294699,1.3264513032311327
2025-11-14,钢铁,0.018836559297885358,2708.598424783096,20.93922087081233,0.8564916838836928,5.719655931397393
2025-11-17,钢铁,0.01436063222223627,2747.4956105991346,20.77357113881089,0.8531282554651307,5.065327643665772
2025-11-18,钢铁,0.026612470099065994,2820.613255383519,20.75270191153758,0.8398642053361174,3.054350041513101
2025-11-19,钢铁,-0.010393995218561637,2791.295814693651,20.63871071809313,0.8341820918839632,1.6638130719087094
2025-11-20,钢铁,-0.00422504062775704,2779.502476472482,20.6226149630673,0.838102036234688,3.2782829207363586
2025-11-21,钢铁,-0.010996545388409221,2748.937551332757,20.824517560438068,0.8444668948609186,5.068297399124795
2025-11-24,钢铁,-0.0024603482295986402,2742.174207695058,20.85674814456192,0.8379275297504268,5.209158546702929
2025-11-25,钢铁,-0.007476725861875408,2721.671722878617,20.69090847659856,0.8456559918047326,4.776546017890068
2025-11-26,钢铁,-0.010547093515998767,2692.9659966975664,20.978759039710777,0.8484353718946595,1.4526588069539947
2025-11-27,钢铁,0.008233930952660713,2715.139692772237,20.75425708432218,0.8525904763339076,4.902627852670927
2025-11-28,钢铁,-0.02388182048558617,2650.2972140361608,20.632176439893662,0.8539011755141792,1.7997391728063943
2025-12-01,钢铁,-0.0233450968754271,2588.425768825812,20.452611635305136,0.8492269738959524,7.798531529725475
2025-12-02,钢铁,-0.012697382061818425,2555.5595379003744,20.665251462660365,0.8494803430043552,2.494135169282296
2025-12-03,钢铁,-0.013357080676533222,2521.4247229789553,20.871458211390603,0.8504011210637933,5.310547864709697
2025-12-04,钢铁,0.010125931025323956,2546.9564958093865,21.23173536288818,0.8372138416113339,4.217109041156107
2025-12-05,钢铁,0.002104536201196812,2552.316657957691,21.315304161881638,0.8296382711089825,4.500646350475632
2025-12-08,钢铁,-0.0006966566558849955,2550.5385695699983,21.30193004987483,0.836309618816693,4.964735044417682
2025-12-09,钢铁,-0.0005923260929136649,2549.0278190242593,21.10964322425749,0.8448231392116747,4.99987975130964
2025-12-10,钢铁,0.029978192282548277,2625.4430651165335,20.998782315465828,0.8447573770463991,3.071948376007769
2025-12-11,钢铁,-0.009590558577030207,2600.2635996098757,21.037165095568774,0.84417508846192,2.2788636889796794
2025-12-12,钢铁,0.001748624880486282,2604.8104852359766,20.705636743050043,0.8425353473229574,6.2070569662171975
2025-12-15,钢铁,0.01606652970953356,2646.6607502847246,20.633615135219873,0.8480326831641208,3.7492512847709696
2025-12-16,钢铁,0.015826911785323916,2688.54921650516,20.559505822793565,0.8474690572984913,5.755859903165909
2025-12-17,钢铁,-0.0027639185308353867,2681.1182855045986,20.260315503264994,0.8601372090953946,4.77963759054969
2025-12-18,钢铁,-0.004428084569335589,2669.246066995992,20.04203191456769,0.8665946297233434,2.8258461396278345
2025-12-19,钢铁,0.0002597522243612538,2669.9394095992616,20.098840554023948,0.8728585191027681,1.1423858174732069
2025-12-22,钢铁,-0.015390574088964694,2628.8475093027773,19.95922906614732,0.8621536937707012,3.606364728697667
2025-12-23,钢铁,-0.01875451104252355,2579.5447596604477,20.120433526908187,0.8517073326081245,2.149845646044368
2025-12-24,钢铁,0.00552292466982497,2593.791391050494,20.183692847067267,0.8597133499346061,2.730015490212053
2025-12-25,钢铁,-0.0009750683706417237,2591.2622671050376,20.189758184239928,0.8586678084736871,4.205365848753008
2025-12-26,钢铁,0.013784688549556943,2626.982010407299,20.214360582571718,0.8592371014799914,6.348389128967069
2025-12-29,钢铁,0.004544802813504505,2638.9211256392236,20.136814253372975,0.870436868842505,4.12175689283084
2025-12-30,钢铁,0.013518482284005724,2674.595334125066,19.881813854638438,0.8736772893947878,2.2165919999466777
2025-12-31,钢铁,-0.01711533842572201,2628.8187298296584,19.852160301717717,0.8703268841685441,2.6179823940689335
2026-01-01,钢铁,0.0031119822800846544,2636.999567134443,19.647509668452305,0.8660314208516362,1.0507669961060113
2026-01-02,钢铁,-0.00018578608270835084,2636.5096493147616,19.570936692942563,0.8506672677110159,2.8658508431800085
2026-01-05,钢铁,0.01928810948878252,2687.362936098976,19.363568282751984,0.8499212267293769,6.882530537697231
2026-01-06,钢铁,0.0021928802400087224,2693.2560011792793,19.32029454208246,0.8473991289804944,1.260227016347522
2026-01-07,钢铁,-0.011901556780037787,2661.2020619580667,19.308318621906224,0.8512052693573237,5.829938374480143
2026-01-08,钢铁,-0.006807110474768358,2643.086965526637,19.352828164410024,0.8536488963202278,3.425465442237775
2026-01-09,钢铁,-0.010914056705246837,2614.2401645079804,19.485339812942634,0.848711283897315,7.545536311863281
2026-01-12,钢铁,-0.004541100382626042,2602.368637496657,19.51385303237365,0.8361250161337396,3.7393298552633487
2026-01-13,钢铁,-0.0013371883471361384,2598.8887804796436,19.558460164474432,0.8394861605953039,4.049245482366762
2026-01-14,钢铁,0.006107132569868961,2614.7605387963777,19.774876192071034,0.8349183326101455,7.3902718621436385
2026-01-15,钢铁,-0.011643305282744813,2584.316083601897,19.89156998291585,0.8332055800129606,5.03360588244554
2026-01-16,钢铁,0.013485895308227823,2619.167899748721,19.82455445061611,0.8361913271010063,6.491570949742872
2026-01-19,钢铁,0.013583148092149784,2654.7444452092127,19.859148198166086,0.8342198485835468,6.829901650067862
2026-01-20,钢铁,-0.018082274998264838,2606.7406261008236,20.065662883476552,0.829454506220536,5.604448850667249
2026-01-21,钢铁,0.013944037983948058,2643.089116405474,20.464732036942994,0.8263994134546897,4.097296488954629
2026-01-22,钢铁,0.00914858517325325,2667.2696423074085,20.5155729207571,0.8190264945501319,2.7538109698992415
2026-01-23,钢铁,-0.005132374943713019,2653.580214427104,20.17836550193525,0.8145381085179776,7.053531553999268
2026-01-26,钢铁,0.027096714914112443,2725.4835209991643,20.051205892555206,0.8160126979206394,6.4665322585334595
2026-01-27,钢铁,0.0004336852071432719,2726.6655228845348,20.09057566924466,0.8088536393541101,4.063184206276555
2026-01-28,钢铁,0.011645930236078314,2758.420079341168,20.055310710546628,0.8103738191058233,2.8587492392963347
2026-01-29,钢铁,0.02658824905343643,2831.7616394046904,19.982747252903856,0.8146092496329156,1.661199358881034
2026-01-30,钢铁,-0.0026436054322398366,2824.275578951952,20.211989489847504,0.8088311338863483,2.5819073596304474
2026-02-02,钢铁,-0.014693837200451039,2782.7761333856224,20.286776961923405,0.8094172706666796,6.574420428357543
2026-02-03,钢铁,0.011489578017188553,2814.749056874527,20.44089828413317,0.798311461258559,4.464664935934941
2026-02-04,钢铁,-0.0240126450244726,2747.15948693883,20.83809514749179,0.7975044258620663,2.8888341730376603
2026-02-05,钢铁,0.003542031525782909,2756.8900124479205,20.591844806246936,0.7942487501962276,1.9042874246612465
2026-02-06,钢铁,0.002942025690961116,2765.0008536916966,20.77653526070122,0.7954606513260813,2.9742964835276977
2026-02-09,钢铁,0.003322126449239601,2774.1865361599157,20.638167421621656,0.7960674304566803,7.406763188215309
2026-02-10,钢铁,-0.024737867532041387,2705.5590771192187,20.39100654657761,0.7936902211687522,2.7623157058181365
2026-02-11,钢铁,-0.027875726795860603,2630.1396514553826,20.588624355835794,0.7904808731077999,6.839788525096203
2026-02-12,钢铁,-0.004309660596039478,2618.8046422374246,20.27568370275653,0.7889812113111335,5.749774709500631
2026-02-13,钢铁,0.005129391730641539,2632.237517113483,20.499198676718038,0.802543522467472,7.01552157326975
2026-02-16,钢铁,-0.00407862010461063,2621.5016202560737,20.377362247569373,0.8112473438530914,2.515101583881701
2026-02-17,钢铁,0.0026988586954866073,2628.576682699134,20.308652553853772,0.8195038854370045,2.322396995035868
2026-02-18,钢铁,-0.0043439239870843955,2617.1583453952667,20.339809671648055,0.8146692459388022,3.494924986104513
2026-02-19,钢铁,0.0005745479507294679,2618.6620283593484,20.530965123058156,0.8284600455126895,3.832587925332666
2026-02-20,钢铁,-0.021754396870484305,2561.694615324752,20.468539168685986,0.8324928543484392,6.953170424486533
2026-02-23,钢铁,-0.0006883925300615949,2559.931163887263,20.476106240844274,0.8374807260532945,4.764864762045154
2026-02-24,钢铁,-0.010205879633025765,2533.804814559798,20.64825103499533,0.8408675500841228,5.70504080852685
2026-02-25,钢铁,-9.27220412755248e-05,2533.5698750051984,20.753797760598417,0.8361015928505506,3.0676390268843123
2026-02-26,钢铁,-0.011316070279440728,2504.8998202417656,20.627341510564854,0.8413050729034506,7.154294424453686
2026-02-27,钢铁,-0.0019649570170464114,2499.977799762983,20.249235276738467,0.8338443990971621,4.885063605323959
2026-03-02,钢铁,-0.0017316138217636742,2495.6488036508113,20.020781050870998,0.8312641954301188,2.0356831714177948
2026-03-03,钢铁,9.895765828846556e-05,2495.8957672123306,20.262361524929798,0.8246122828594906,2.598929197823551
2026-03-04,钢铁,0.023222147091557864,2553.855825843732,19.928360497347175,0.8224510158504373,1.9349078610443846
2026-03-05,钢铁,0.011179462060914757,2582.406560157798,20.19590749308729,0.8219709055834231,1.769018299369134
2026-03-06,钢铁,-0.004407881640705336,2571.0236176924413,20.18815550663174,0.8218449106110342,3.087381087056506
2026-03-09,钢铁,-0.007664224144874428,2551.3187164046803,20.240723059133362,0.8290744137773914,4.177530732200933
2026-03-10,钢铁,-0.0009669113415612611,2548.8518174018513,19.819696475028984,0.8373966285010388,6.9354691359488765
2026-03-11,钢铁,0.018972933038208482,2597.211012257733,19.768984647845468,0.848121388140624,5.289987530957232
2026-03-12,钢铁,0.0021986008096221764,2602.9212424920424,20.08049682402932,0.8629232713188273,4.902321842829576
2026-03-13,钢铁,-0.005291384693616057,2589.148184870832,20.279288054462555,0.8738191803310519,6.034375923595583
2026-03-16,钢铁,0.004781693657905599,2601.528698325807,20.637726438062604,0.8701239041257315,2.6916985818082075
2026-03-17,钢铁,0.028734247105309568,2676.281666795055,20.702107162909016,0.8706451959440028,3.5303483386599286
2026-03-18,钢铁,-0.01892208422909315,2625.6408396751813,20.627152290608617,0.8749685535912589,5.814411248818371
2026-03-19,钢铁,-0.02120068458649946,2569.9754563957963,20.801646000109006,0.8744028649099904,4.106563886858101
2026-03-20,钢铁,0.00869753682582828,2592.3279125692734,20.75044242621949,0.8733182649779879,1.1817271284774467
2026-03-23,钢铁,0.0027029787116248255,2599.3349197304988,20.70748661797539,0.8698455848547373,7.805818612191975
2026-03-24,钢铁,-0.030565337327891462,2519.8853710807684,20.864362362108906,0.8690218057697724,3.206670398807148
2026-03-25,钢铁,0.014928757449033377,2557.5041285850007,20.87165827860357,0.8775229797585882,6.526068791708185
2026-03-26,钢铁,0.004522482614631297,2569.070396543374,20.660956419960893,0.8771927261031561,1.2786397825546114
2026-03-27,钢铁,0.022014651526947357,2625.6275860714727,20.555148107607845,0.8807577235950289,5.420314969929251
2026-03-30,钢铁,-0.014407425038623077,2587.799053445807,20.433215720955523,0.8878011856941516,4.495831929661712
2026-03-31,钢铁,0.013348107684384544,2622.34127387675,20.27126419148868,0.8873451840518709,4.918887669087942
2026-04-01,钢铁,-0.005657124954158351,2607.5063616179827,20.48711237731185,0.8902474644921581,1.854376369569212
2026-04-02,钢铁,-0.007293739604677581,2588.487889198801,20.396511660120606,0.8860077093883997,4.89823446791166
2026-04-03,钢铁,-0.009846329496849205,2563.000784543146,20.565459466210925,0.8854933536532871,6.236771688119549
2026-04-06,钢铁,-0.012548623791401882,2530.838651920846,20.452057142575345,0.880640877347567,7.630589191426976
2026-04-07,钢铁,-0.007567078979951743,2511.6875959562462,20.535649343402653,0.8762247499371556,3.226927719334436
2026-04-08,钢铁,-0.016749473389999818,2469.6181514037844,20.39940428419286,0.8803715432788686,7.3666789155363075
2026-04-09,钢铁,-0.005169503331300968,2456.851452143061,20.45634862189339,0.8776331667119343,1.5660882208247422
2026-04-10,钢铁,0.00970470446107082,2480.694469390862,20.66419952929424,0.8867254965192546,1.6645240669593266
2026-04-13,钢铁,0.01763286578978874,2524.4362220351027,20.813196047241107,0.8800359726635234,2.6418087052363717
2026-04-14,钢铁,-0.012367649440338342,2493.2148798064804,20.866487518329702,0.8707749087131321,3.2967243308927525
2026-04-15,钢铁,-0.006638241030580288,2476.664318493296,20.943622451875516,0.8685752755068867,4.371776257186344
2026-04-16,钢铁,-0.0001444885047167578,2476.3064689692314,20.935231498638604,0.8788015952017717,1.6061115072554517
2026-04-17,钢铁,0.02205834612598934,2530.929694175781,21.02242334099048,0.8808478102010394,6.699476288680076
2026-04-20,钢铁,-0.019596112270509915,2481.333311739945,21.1382506280014,0.8851444993082241,7.155263974088038
2026-04-21,钢铁,-0.0019027179041628604,2476.612034421502,21.24806849310468,0.895036948973999,5.879978697620482
2026-04-22,钢铁,0.005157922593581234,2489.3862075893794,21.02050614909419,0.8886953029802674,2.8362109511587423
2026-04-23,钢铁,0.011093598099064466,2517.0024576897304,20.85846471665857,0.8901247159631768,5.853980894113914
2026-04-24,钢铁,-0.0049831411212623595,2504.459879240498,20.718659094577202,0.8841095878288269,5.402024097411515
2026-04-27,钢铁,0.0074216519346774175,2523.0471087485853,20.774228194924447,0.8900328193648386,6.659592912822875
2026-04-28,钢铁,0.002701729079834636,2529.863698492084,20.76927499040242,0.8937680000404264,6.5872809270239
2026-04-29,钢铁,-0.0038814159622625,2520.044245150408,20.607309392042698,0.8870901809144509,1.8627893396561723
2026-04-30,钢铁,-0.015167274985231577,2481.8220411092616,20.4545658296661,0.8833037704219937,5.123272584258384
2026-05-01,钢铁,-0.012635383002605917,2450.463269075537,20.311785862150153,0.8986327705772146,1.8491329319561454
2026-05-04,钢铁,-0.00228521993367053,2444.8634215663183,20.223547898202664,0.8936224150951824,7.816237498825724
2026-05-05,钢铁,0.02349243980298264,2502.299228323979,19.96252832486396,0.8931941946345363,1.5188342207017063
2026-05-06,钢铁,-0.024140710755187682,2441.8919464300807,19.95687172036936,0.8894280154585337,3.7906150126288845
2026-05-07,钢铁,0.0063824576975525455,2457.477218480165,19.829502059479395,0.8922440523650027,6.8207448071281265
2026-05-08,钢铁,0.0017971445675724086,2461.8936603132897,20.09796385546039,0.8903901750036722,1.896945281753668
2026-05-11,钢铁,-0.026846301426176836,2395.8009210293253,20.1138459799849,0.888557993947193,1.9171018810353009
2025-05-12,有色金属,-0.017533696029826,3729.38356700369,21.448514882280318,2.500516654524194,1.6737540826640793
2025-05-13,有色金属,0.010502412431792578,3768.5510913407124,21.38016669936987,2.4506585598574167,3.167763950460191
2025-05-14,有色金属,0.010097744181568476,3806.6049561962413,21.200519056017775,2.4291458503097263,7.1936215667213705
2025-05-15,有色金属,0.013966582258272504,3859.7702174417036,21.405768250943687,2.416612847964618,5.32629968457229
2025-05-16,有色金属,0.01209893743932546,3906.469335832702,21.6598227384306,2.4125576260143884,3.1647927733129984
2025-05-19,有色金属,0.012856850388223633,3956.6942276296863,21.714593988003845,2.3996158338732076,4.6123557563925495
2025-05-20,有色金属,-0.0020709623791211377,3948.5000627385793,21.942130506194005,2.377128277686842,7.657230473240243
2025-05-21,有色金属,-0.044399592569388364,3773.188268692782,21.719964425781555,2.3629018118499454,2.7745433224751026
2025-05-22,有色金属,0.004574883997835691,3790.450167324046,21.76140093272743,2.374015546007465,1.0941083078839138
2025-05-23,有色金属,0.00972868304905935,3827.3262556151954,21.58274115846246,2.385605205129349,3.045237623674314
2025-05-26,有色金属,0.007321131572598365,3855.3466147038143,21.598547605979277,2.3998282258989727,5.87577315671525
2025-05-27,有色金属,-0.014325037948803382,3800.1186281423916,21.641451907087347,2.414274872681553,5.33017873050771
2025-05-28,有色金属,-0.008621628983864642,3767.355415235875,21.65150459176747,2.438373436158138,3.638952647566444
2025-05-29,有色金属,-0.005890437316190731,3745.1640443146166,21.744550601536712,2.4567922232341086,4.314777528292233
2025-05-30,有色金属,0.00312743070712727,3756.876785350035,21.878000718473366,2.4689944566615276,6.155459461017454
2025-06-02,有色金属,-0.0012601895333909912,3752.142408546897,22.0143049174291,2.4572485021908896,4.905641190041363
2025-06-03,有色金属,-0.006138526285318278,3729.1097837457746,21.705795406284114,2.479439082804096,7.259596299181728
2025-06-04,有色金属,-0.017472695310014153,3663.952184716792,21.780958304513124,2.501471441420364,4.005399483595421
2025-06-05,有色金属,0.01152777460705915,3706.1893996732497,21.69581124196212,2.4961512059874784,2.476144884251465
2025-06-06,有色金属,0.003300164428086743,3718.4204340938036,21.673369536186854,2.4934827658377916,4.7267908105883905
2025-06-09,有色金属,-0.011450410794582158,3675.842992616461,21.59412930098045,2.4979792162849352,3.8134413089487356
2025-06-10,有色金属,-0.01977869665586629,3603.139609110908,21.82008408414015,2.509063024008618,7.534513136917044
2025-06-11,有色金属,-0.02415876763854951,3516.0921965251437,21.568256630985847,2.5110613943037956,4.816650028279021
2025-06-12,有色金属,0.005677535015724815,3536.054933089432,21.610512693798455,2.49894207089362,5.1978041995964155
2025-06-13,有色金属,0.008803382553161376,3567.184177394412,21.570416721065072,2.4953484695860535,6.89903386477628
2025-06-16,有色金属,-0.012971825554081788,3520.911286525971,21.400451134132492,2.493076209815026,1.067099481010762
2025-06-17,有色金属,0.0066945939206545305,3544.482357819912,21.29190916509425,2.485896780153129,1.7196599321509778
2025-06-18,有色金属,0.0026588609539014442,3553.9066435629124,21.16540811310825,2.4758320942375778,7.034124012910118
2025-06-19,有色金属,-0.016795635210661932,3494.2165240048816,21.302118093493046,2.4729213718288334,4.4855663737692435
2025-06-20,有色金属,0.022031020065892873,3571.1976783598075,21.201909774023555,2.4692303239496955,6.532906752234472
2025-06-23,有色金属,0.03276789291593742,3688.218301465946,21.16804376438155,2.4839376446368653,5.174870186092524
2025-06-24,有色金属,0.006007224740913598,3710.3742576964023,21.168138595920386,2.50036050858558,2.8583125749835423
2025-06-25,有色金属,-0.01097468151227583,3669.654081926837,21.220418545963625,2.4935801699619726,2.931457871476722
2025-06-26,有色金属,-0.0175180175972332,3605.3690171438843,21.114721525566253,2.4578918033958073,5.601751276462642
2025-06-27,有色金属,0.015306767351185595,3660.555561904478,21.08459083152886,2.440557938859924,6.703573208619832
2025-06-30,有色金属,-0.004269240472198345,3644.927769948865,21.161038818453036,2.4693464090104293,3.021806009437261
2025-07-01,有色金属,0.006329161213458758,3667.9971054162843,21.272523906564725,2.4199697033657612,1.944123924856334
2025-07-02,有色金属,-0.009629912848011915,3632.674612964365,21.305703548058297,2.4092652284253213,1.5450904501445644
2025-07-03,有色金属,-0.015672196469416175,3575.7426227205274,21.571153892118677,2.3891681515316057,5.120842042543832
2025-07-04,有色金属,0.008299263511326543,3605.418652995167,21.49695060533852,2.414461623416657,3.8420877533175344
2025-07-07,有色金属,-0.00029602002042651793,3604.3513768918615,21.499748407271063,2.424681848408633,4.315837926034903
2025-07-08,有色金属,0.007565059189366301,3631.6185083973223,21.556477309891775,2.4234835500338043,6.590932016898472
2025-07-09,有色金属,0.0026514173057919648,3641.2474445585212,21.595716816266023,2.395474688129965,2.258937038864394
2025-07-10,有色金属,0.008623602058566568,3672.6481135171666,21.561393597432644,2.402581923406021,5.1506799104918235
2025-07-11,有色金属,-0.014670015883513753,3618.770307357313,21.50021065158052,2.3877236229009053,4.94087053160686
2025-07-14,有色金属,0.008030309526661498,3647.8301530312838,21.406779078105753,2.384040681706481,6.234356939980225
2025-07-15,有色金属,-0.01989276885347556,3575.2647109802942,21.507245300093796,2.385050772849713,3.738937987848619
2025-07-16,有色金属,0.006807417442450066,3599.603030335198,21.494336307280484,2.4059048766268103,4.938914037597473
2025-07-17,有色金属,0.014756939553599992,3652.72215467081,21.548499891431923,2.417916889548231,6.145810773882772
2025-07-18,有色金属,-0.015073808521265927,3597.6617203299165,21.36129287329731,2.40435238461061,4.939390495610722
2025-07-21,有色金属,0.014842080351003817,3651.058504658784,21.485002437588697,2.3933420359117035,1.77350945859383
2025-07-22,有色金属,0.005638146366394419,3671.643706900319,21.684838408588142,2.396794933264241,2.9774918579313834
2025-07-23,有色金属,-0.019948140858758512,3598.401241051897,21.488412088927358,2.370980950936747,1.4432347288062466
2025-07-24,有色金属,-0.017281622893315855,3536.215027785199,21.741229616116627,2.345843215836503,5.716254523812011
2025-07-25,有色金属,0.020391551357937205,3608.32393813699,21.90114808567098,2.3666009729630875,1.797733869507066
2025-07-28,有色金属,-0.01896056700325927,3539.908070338479,22.060747364603408,2.365200233315342,4.034801719626607
2025-07-29,有色金属,-0.005939803218800279,3518.8817129880254,22.38765074687139,2.3595832632040166,3.1619066639972138
2025-07-30,有色金属,-0.005842501427122061,3498.3226415580193,22.35732374435572,2.3719579439395195,3.4459757888565163
2025-07-31,有色金属,0.027285033171743973,3593.774490878393,22.417238430750142,2.4068714760244823,4.284714621093777
2025-08-01,有色金属,0.0342348741748918,3716.8069083865507,22.45103530438444,2.3824082606731602,1.9852035437380726
2025-08-04,有色金属,0.014648398008409088,3771.2521753010014,22.52498454373144,2.3630780669527103,7.110113000369882
2025-08-05,有色金属,-0.017587223665224177,3704.9263197960195,22.466466087184056,2.3755769148296797,7.164077101846766
2025-08-06,有色金属,0.007853783336075278,3734.02400838782,22.65028861007277,2.381333322776146,1.1079047091388539
2025-08-07,有色金属,-0.005225754817258969,3714.5109144382263,22.68266398586964,2.3170262908167887,3.1749246649076865
2025-08-08,有色金属,-0.006544752907642209,3690.200358330488,22.660498079043343,2.319571104508845,3.467239490794679
2025-08-11,有色金属,0.015250488390937183,3746.4777160554395,22.75992568669528,2.334887967311647,1.541054452053261
2025-08-12,有色金属,-0.025693209429368345,3650.218679474365,22.685585940391768,2.330337282193754,3.206311031077747
2025-08-13,有色金属,-0.004991564076700229,3631.998379041801,22.83978345828695,2.294676571601744,4.212415670091147
2025-08-14,有色金属,0.0268594215204568,3729.5517544661,22.62677587062193,2.328763416803881,1.4280232673338036
2025-08-15,有色金属,0.02068340555648266,3806.691585947614,22.618359328862724,2.337147983634422,6.067967689013166
2025-08-18,有色金属,-0.008643684939041916,3773.787743218581,22.39745073250814,2.38385729058193,7.218280702918355
2025-08-19,有色金属,0.010332362708982046,3812.779886968226,22.500929992812164,2.393518352297886,4.206102370211621
2025-08-20,有色金属,0.016879300412906133,3877.136944088649,22.44959395061266,2.411853043285412,1.8337004032654893
2025-08-21,有色金属,-0.0009441722760937401,3873.4762588754215,22.151179402427836,2.428453008898746,4.652709909682789
2025-08-22,有色金属,-0.04130988133903597,3713.4634142517048,22.378677793393763,2.4838921156772855,1.061423285433425
2025-08-25,有色金属,0.004744578103809247,3731.0822314562606,22.27320074946228,2.487719677133443,7.500244307039137
2025-08-26,有色金属,-0.001959999665524916,3723.76931153056,22.286711304367397,2.4525117222409554,2.2281847913785873
2025-08-27,有色金属,0.0026517161992621586,3733.6436909362606,22.30968437887009,2.4482771025791368,6.310717192807467
2025-08-28,有色金属,0.017267866639540573,3798.1157522709095,22.229031841216432,2.4783041210032137,7.968844853176984
2025-08-29,有色金属,0.019659463008883184,3872.7846684061356,22.214916203264877,2.4825561625997628,2.061668722503342
2025-09-01,有色金属,-0.0012457695447234563,3867.960071212963,22.19154756658683,2.4665922649797767,6.798260780492899
2025-09-02,有色金属,0.01945031865932308,3943.1931271595936,22.173157361055768,2.4496327713324284,7.642171374296247
2025-09-03,有色金属,0.010390597558611816,3984.165260039793,22.17341765111891,2.4116577771680476,3.956463108905141
2025-09-04,有色金属,-0.0066940794813622065,3957.494941122204,21.984809019697806,2.400983953450166,2.3093978521846625
2025-09-05,有色金属,-0.008405547164389772,3924.2300307417677,22.237576258079628,2.399966353546268,4.982790236328687
2025-09-08,有色金属,0.004413927454217394,3941.5512974111234,22.38149582519681,2.420981658049693,4.146214352286188
2025-09-09,有色金属,0.01874734268276265,4015.444910285378,22.300112694355683,2.4248552415983022,7.018960303409642
2025-09-10,有色金属,-0.010577259777416746,3972.9725063473834,22.439883672354068,2.438594786039768,6.695452166612815
2025-09-11,有色金属,0.011835129494235338,4019.9931504370415,22.43996841160012,2.43489312588435,5.933853382621356
2025-09-12,有色金属,0.006592348394692773,4046.4943458290013,22.263969360444975,2.4764873556949474,2.0210838886772726
2025-09-15,有色金属,-0.004848173818136665,4026.8762378863153,22.170582141048644,2.465423991803552,2.6709056328928495
2025-09-16,有色金属,-0.007655564243342878,3996.0482281471855,21.928338214562537,2.44993485866907,6.431817361249217
2025-09-17,有色金属,0.029434446671714284,4113.669696616182,21.813652217582238,2.4574576004979405,1.3418913632452076
2025-09-18,有色金属,0.01785813181125372,4187.132152286313,22.13372560564022,2.4226320339960274,3.0779642399598957
2025-09-19,有色金属,-0.01824824672929811,4110.724331683215,21.994156499790105,2.4021281040174545,7.731052797272411
2025-09-22,有色金属,0.0034896336969808114,4125.069253830055,22.000366838572276,2.3882373698089796,3.2720506141569543
2025-09-23,有色金属,-0.03243323165481355,3991.2799271284352,21.94375310440676,2.3827758347939585,7.615554384654823
2025-09-24,有色金属,-0.0035061915521157915,3977.285735165808,21.745439953869216,2.373419980490532,1.9036744490174335
2025-09-25,有色金属,-0.016764810827283795,3910.607292209699,21.446287498267917,2.367200491848757,3.463335390310626
2025-09-26,有色金属,-0.0021025104335467577,3902.385199576324,21.29763079445486,2.384372813145355,1.5295127646014475
2025-09-29,有色金属,0.006287754000393484,3926.9224377260357,21.34427425952182,2.383976094891808,6.387201059063126
2025-09-30,有色金属,0.005907804579744542,3950.121928087935,21.462214333230246,2.386697421001462,7.469663905698931
2025-10-01,有色金属,0.024255527832003954,4045.9342204544814,21.520802166246668,2.392855601807208,5.711063706741366
2025-10-02,有色金属,0.002203481233039673,4054.8493605793656,21.637128894481137,2.37760294231915,6.806662158505283
2025-10-03,有色金属,-0.006675975448191907,4027.779285802021,21.704842749591343,2.385564475612011,5.5155788437675035
2025-10-06,有色金属,-0.02117456757723118,3942.4928011286347,21.535640035088782,2.3899457583089645,4.528524627880619
2025-10-07,有色金属,-0.01066545447705191,3900.444323632092,21.671705831751677,2.390890214146822,1.2213050788986948
2025-10-08,有色金属,-0.0009749627339523584,3896.6415357706946,21.582337044139035,2.3817060917141126,1.2835048053734366
2025-10-09,有色金属,0.0006521099197276607,3899.1825743697937,21.794130531999816,2.3903085946665072,4.064596718923415
2025-10-10,有色金属,0.02096757443976551,3980.938975252129,21.838073423657416,2.364660397436955,5.29136418108635
2025-10-13,有色金属,0.008277547349585652,4013.8913861155897,22.080815512999482,2.3790630438085922,5.346119312897609
2025-10-14,有色金属,0.0010007640871853264,4017.908344464677,22.191767719400005,2.3661061798808154,3.6640315896467492
2025-10-15,有色金属,0.004583981842335681,4036.326363359872,22.326255004983963,2.3847744433317466,1.2809757171578713
2025-10-16,有色金属,-0.012721651441964296,3984.9776262591968,22.34366750828643,2.3804501374860645,6.036511585334361
2025-10-17,有色金属,0.009937215816056307,4024.57720895349,22.695704570496126,2.3664619684550665,3.38222183008734
2025-10-20,有色金属,-0.011272738424621545,3979.209202807264,22.36961582203348,2.370965348540986,3.4408852675314563
2025-10-21,有色金属,-0.0036191197902082535,3964.807968032005,22.527469219988017,2.3667258527334507,4.4763666984422
2025-10-22,有色金属,0.008974302396296664,4000.389353680371,22.53768887827838,2.3757922601818753,3.6065640876002187
2025-10-23,有色金属,-0.00020821198566785506,3999.5564246695967,22.3241720617205,2.36631396236362,1.8002617988338765
2025-10-24,有色金属,0.012964740177601478,4051.4096345410944,22.459421580077418,2.3777694399978406,5.0956992898149025
2025-10-27,有色金属,-0.004004240696157711,4035.1868152056595,22.51431671255983,2.3735106218075126,7.953525985383203
2025-10-28,有色金属,0.008077539698932526,4067.7811968980923,22.08410748196674,2.357668137423244,1.5636159101405829
2025-10-29,有色金属,-0.010165815660908439,4026.4288831015165,22.03505979244086,2.358333418421139,3.883288083269556
2025-10-30,有色金属,-0.0021872420730659186,4017.622108444189,21.908773463667586,2.3462778999661222,7.090335976244743
2025-10-31,有色金属,-0.01600400589671039,3953.3240605298943,21.766475161707916,2.3596351987505377,1.5032959306024725
2025-11-03,有色金属,-0.011359269251880081,3908.417188086399,22.031266960746734,2.353696441558841,3.422016890805935
2025-11-04,有色金属,0.02315278435694841,3998.907928419154,22.316506386890087,2.3477142164285856,7.315542005782619
2025-11-05,有色金属,0.0007159069296137461,4001.7707743159963,22.201847305233578,2.3470648907864526,7.196979803678302
2025-11-06,有色金属,-0.007468891868042909,3971.881981121936,22.30687937497642,2.3435111297813065,5.4142593015542655
2025-11-07,有色金属,-0.0032780275993868485,3958.8620423663106,22.245844657560284,2.3218855365881397,4.464381233436624
2025-11-10,有色金属,-0.005350549188522955,3937.679956278053,22.352167254689995,2.3211891423431523,4.036095180271844
2025-11-11,有色金属,-0.003830168162874351,3922.597979873928,22.41433731202032,2.2807115281557784,3.7990108659605086
2025-11-12,有色金属,-0.000652552783104246,3920.038277645162,22.607547789897474,2.272326641563612,4.164973385857133
2025-11-13,有色金属,0.0057681014520508805,3942.6494561265426,22.610845055009754,2.2719716061691626,6.418431948622812
2025-11-14,有色金属,-0.010504433398067009,3901.2341575027363,22.672318948243714,2.252651800553482,2.6762534567412675
2025-11-17,有色金属,-0.005627606006782792,3879.279548724108,22.82205729473509,2.269971871808954,2.284940356839361
2025-11-18,有色金属,-0.0248962601875861,3782.699995738691,22.706005925490782,2.2401881382682274,3.4754650419807724
2025-11-19,有色金属,0.036818837678980094,3921.974612870073,22.816722208011143,2.274548824387547,3.1542466162547416
2025-11-20,有色金属,0.012636476600275035,3971.534553292479,22.88044438516521,2.265449925316399,6.955462678414774
2025-11-21,有色金属,-0.008460130235625005,3937.93485373634,22.604049867073876,2.3250359920078227,5.616431197613563
2025-11-24,有色金属,-0.001917245085142085,3930.384867492404,22.594644632808166,2.311673112889726,6.793697948984359
2025-11-25,有色金属,-0.01724065658991642,3862.622451725763,22.565426360061423,2.3030847519964186,2.2869200882250844
2025-11-26,有色金属,0.021558484058702768,3945.8947362760805,22.57464235218932,2.3159187625913864,6.966488222712396
2025-11-27,有色金属,-0.018981037822288847,3870.9975590440536,22.35324971691354,2.3161989565534284,1.984867967025224
2025-11-28,有色金属,0.005244844539819211,3891.3003394552593,22.335793638800713,2.288116870085505,1.2972963734188794
2025-12-01,有色金属,-0.035541435281095976,3752.9979402812032,22.13900160432778,2.276638745142549,7.877841330777196
2025-12-02,有色金属,0.018312547924278808,3821.724894922322,22.201144990953857,2.254217642142753,1.6278950790577824
2025-12-03,有色金属,0.0035981412639649406,3835.476000966264,22.431666851180474,2.276986636265548,7.55181859297507
2025-12-04,有色金属,-0.0006625445319237455,3832.934827314499,22.36823924428615,2.273125797228417,2.9021696153913714
2025-12-05,有色金属,0.00850441114037348,3865.5316809602386,22.44345196872,2.283887705663795,4.597765587658519
2025-12-08,有色金属,0.019089255671542522,3939.3218035245363,22.299047378455803,2.3119813625450436,6.889158460497913
2025-12-09,有色金属,0.017975104753745235,4010.131525601603,22.488412522364033,2.3306328739706514,2.764103135753367
2025-12-10,有色金属,0.001611047617872858,4016.5920384432798,22.72327663455873,2.32021321668127,4.449242272905364
2025-12-11,有色金属,-0.004447673520461097,3998.727548391401,22.866001823315173,2.3358783942310355,4.250592241274287
2025-12-12,有色金属,-0.0040552933139075915,3982.511535300271,22.48570004840986,2.339624209555226,2.9366895952535734
2025-12-15,有色金属,-0.012095725343010847,3934.3401695939065,22.54618891127193,2.345052845280915,2.3352378459406196
2025-12-16,有色金属,0.0061098585826251176,3958.3784316460665,22.699239286145172,2.375146406081538,2.291745355156509
2025-12-17,有色金属,-0.009253481104696586,3921.749651623591,22.414050575363355,2.3936030851735106,4.725643933736885
2025-12-18,有色金属,0.02112652859753446,4004.6026077909873,22.549020581179395,2.4086017892357847,5.3250140784357916
2025-12-19,有色金属,-0.009421236850351513,3966.874298131453,22.749378132833733,2.413908348134234,6.756544596687014
2025-12-22,有色金属,0.013905674785138865,4022.0363620347953,22.480376911646985,2.4185999028394507,4.796870900748161
2025-12-23,有色金属,0.02197889948472083,4110.43629495985,22.309970126107583,2.4428450745638353,5.746507586253417
2025-12-24,有色金属,-0.0011536432216048304,4105.694317990331,22.122705011194252,2.456223554525633,7.889748365439033
2025-12-25,有色金属,0.006652144614730569,4133.00599033748,22.212706425751364,2.4645281174405524,1.9597223165203004
2025-12-26,有色金属,-0.030007371344216167,4008.9853448175536,22.00694880546578,2.4670086147831,4.871264907927209
2025-12-29,有色金属,-0.017574279118391125,3938.5303173861903,22.289506496795568,2.4881153021395774,1.7599420129196655
2025-12-30,有色金属,0.00013786122583768316,3939.0732880037435,22.19398488479468,2.497563246133379,1.2569558796323987
2025-12-31,有色金属,0.008748145639692844,3973.5328748126244,22.073950161654814,2.5174186793873146,4.672952788275861
2026-01-01,有色金属,-0.0035963026152116624,3959.242848143306,22.11013393227135,2.5118605785694403,2.17671784863626
2026-01-02,有色金属,0.018440098083672144,4032.251674600146,21.98289954158562,2.509236679819773,6.80580154139255
2026-01-05,有色金属,0.007119960695531325,4060.961148037789,22.07475233358678,2.4986829310497938,5.602458414793757
2026-01-06,有色金属,-0.008889850691273678,4024.8598097686695,21.908260094112176,2.4925346240635555,2.425540487862942
2026-01-07,有色金属,-0.014316285093206498,3967.2387692718326,21.91248526301605,2.4868019742870247,5.015666182843068
2026-01-08,有色金属,0.0003886365440047136,3968.780583236364,22.064539415376363,2.4542387574255464,2.88233013193037
2026-01-09,有色金属,0.038050599970993366,4119.795065581737,22.04225455751925,2.4421907768815467,1.3681402986847497
2026-01-12,有色金属,-0.02763899930782655,4005.928052615736,22.12800550599276,2.420575548909783,7.528409760175517
2026-01-13,有色金属,0.0017248364234904382,4012.83762323077,22.330549065701078,2.3900125801610685,1.6698034511413438
2026-01-14,有色金属,-0.019022364593032366,3936.5039629090365,22.196778059614985,2.4026944339635334,7.51508056181778
2026-01-15,有色金属,0.03923719812311469,4090.961348814125,22.278374794916967,2.4403688272114126,1.1292613342526518
2026-01-16,有色金属,-0.005041374259535611,4070.3372815734583,22.439324141318377,2.444614551280957,6.641339529132313
2026-01-19,有色金属,0.013817785773648053,4126.580330156734,22.266492005616847,2.4410801805584033,4.036089438522113
2026-01-20,有色金属,0.032859805715633315,4262.178958075638,21.941405186311737,2.4266536168707806,4.687620431991556
2026-01-21,有色金属,-0.009205417777455918,4222.94382012427,21.523858152009698,2.455205865493726,6.4032450242767815
2026-01-22,有色金属,0.036592670057626626,4377.472610005972,21.58728500225515,2.474400927564929,1.1217212004780373
2026-01-23,有色金属,0.0028954307165931044,4390.147278662028,21.711385385847375,2.4712365079529093,3.4720808159777645
2026-01-26,有色金属,0.005707996981630819,4415.206226077545,21.705919089470473,2.501079634356015,6.850644587324853
2026-01-27,有色金属,-0.04430129603111096,4219.606868017679,21.551596889756517,2.51914230853264,1.1182534855006292
2026-01-28,有色金属,0.017404443023827543,4293.046775335044,21.540412224578603,2.523332550440959,4.112239194652706
2026-01-29,有色金属,0.014989225749720819,4357.396222604652,21.66765548040863,2.540415481700504,4.767004010570181
2026-01-30,有色金属,-0.031660406138182766,4219.439288492005,21.548047838089243,2.570206141009917,2.47481541921211
2026-02-02,有色金属,0.016588067504124546,4289.431632239066,21.460471510565885,2.5869612967052107,2.306787481400217
2026-02-03,有色金属,0.023420123312280387,4389.890650005701,21.35257809915275,2.5890603149698914,3.0320823813082405
2026-02-04,有色金属,-0.011105614672926188,4341.138215990456,21.439466102802935,2.609155891572079,7.795097147900561
2026-02-05,有色金属,-0.0012639083523162137,4335.651415140706,21.15073958936745,2.575479657661924,5.130653796416055
2026-02-06,有色金属,0.0003150978998225946,4337.017569795979,20.83471065332385,2.534516043443373,3.5391565358073853
2026-02-09,有色金属,0.00045051300901325633,4338.971452631492,20.773851140452063,2.5121282484496943,3.7541370725654506
2026-02-10,有色金属,-0.01416891759242902,4277.492923683254,20.777687249060886,2.489902279694763,5.84708246762691
2026-02-11,有色金属,0.017943507340812858,4354.24614935964,20.861957616711194,2.512089547886781,6.672813586012883
2026-02-12,有色金属,-0.041799464538903784,4172.240991845823,21.151263478718,2.4995961828851954,4.042216581025943
2026-02-13,有色金属,0.02245835230651642,4265.942649948387,21.07188181965583,2.4895345379925926,2.5692059372283125
2026-02-16,有色金属,-0.01500408763531703,4201.936072581325,20.86125125243188,2.476531161656387,5.055839417606583
2026-02-17,有色金属,0.009255995242853327,4240.829172879911,20.966071312450566,2.4436189658538363,6.848774954689978
2026-02-18,有色金属,0.02344727909492509,4340.265078090327,21.11975101553841,2.4601364350843284,2.372975448137101
2026-02-19,有色金属,0.01709590174583098,4414.465823416221,21.10309033685825,2.4995364541420124,5.1155361312398515
2026-02-20,有色金属,0.0008609695236940653,4418.266543953571,21.02029865797403,2.515119573664607,5.0283269452045545
2026-02-23,有色金属,0.005765806073230447,4443.741412025849,20.896703488897213,2.4980892300967823,1.8686781327677764
2026-02-24,有色金属,0.026361547766989676,4560.885313523118,20.67767195940402,2.491230595250361,3.9089167248632157
2026-02-25,有色金属,0.021708267022944046,4659.894229770102,20.562591493673224,2.501779460766396,1.1588078952771328
2026-02-26,有色金属,0.020541600713154876,4755.615916403574,20.59530997735623,2.510992581657097,1.239368149448322
2026-02-27,有色金属,-0.00730229021822094,4720.889028815604,20.68296731261675,2.4903002741184297,3.9388714764855366
2026-03-02,有色金属,0.03688654353670526,4895.026307508965,20.657431231659437,2.5094294393588052,1.5274088230120553
2026-03-03,有色金属,-0.004899755835272788,4871.041873794934,20.980173774247344,2.4848262960717453,1.0541118713824429
2026-03-04,有色金属,0.0022220213493530515,4881.865432832099,20.800657352749155,2.480320256861639,2.1236079069648386
2026-03-05,有色金属,0.013295990994981495,4946.774671665746,20.901995567186297,2.4886325365058184,1.2285852421594181
2026-03-06,有色金属,-0.04530984043217903,4722.637100638626,20.884319488466538,2.484893781658516,4.807288944992033
2026-03-09,有色金属,0.00989480244703738,4769.366661778495,21.130670481340502,2.4664809351689145,6.465412644210326
2026-03-10,有色金属,-0.0037267108351406015,4751.592611363286,21.35878748070185,2.4511159435812715,4.590851893400393
2026-03-11,有色金属,0.006406313044210813,4782.0328010902385,21.400215015764715,2.4524534054396567,4.580558553359472
2026-03-12,有色金属,0.012469881488860052,4841.664183395675,21.43104699698933,2.450553599655587,4.205434170397346
2026-03-13,有色金属,-0.002615524088110553,4829.000694097462,21.25295766518188,2.450697705438662,4.928928603993485
2026-03-16,有色金属,-0.01604260793302515,4751.5309292537495,21.158817686496484,2.4465860605613923,7.604524749432674
2026-03-17,有色金属,0.008885923590420059,4793.752670028615,21.237882423512275,2.4720878726817275,4.39761026618436
2026-03-18,有色金属,-0.009775478354558876,4746.891444565642,21.184176188081615,2.4671124640436775,3.4153560852543983
2026-03-19,有色金属,-0.0009977373023169393,4742.15529390135,21.08052537868373,2.43087541189472,4.9994609599486175
2026-03-20,有色金属,-0.006417650361906405,4711.721799263228,21.14898910675091,2.4211422480065723,3.327134027733468
2026-03-23,有色金属,0.024257991009017984,4826.018704306749,21.263934940808177,2.3911002078708594,4.522432690524748
2026-03-24,有色金属,0.022777939983185592,4935.945468711179,21.340333382582823,2.397215161873909,1.726473497236703
2026-03-25,有色金属,0.020043892405032977,5034.881028603137,21.246149931664437,2.3614248174674533,3.8792588777628874
2026-03-26,有色金属,-0.011204266579323904,4978.468879363486,20.996590498174324,2.360758028229016,2.1399260269536633
2026-03-27,有色金属,0.001283737013543041,4984.8599241346965,20.90216255827754,2.333900940118612,5.867305845167969
2026-03-30,有色金属,0.00342547914415184,5001.935457841339,20.755832077283483,2.35025388063859,3.408698348208156
2026-03-31,有色金属,-0.0040628182323216785,4981.613503266324,21.016158615759558,2.36239243576185,5.674292176389749
2026-04-01,有色金属,0.010759470151913504,5035.213025063088,20.767030070593464,2.370924239979997,3.790402731508525
2026-04-02,有色金属,0.01104495401936485,5090.826721402617,20.97266322628637,2.3497142942924842,4.4976917061033745
2026-04-03,有色金属,0.012528822236238503,5154.608784430564,21.040526624122275,2.3796514938585065,1.5831180817825747
2026-04-06,有色金属,-0.00805800952301052,5113.0728977582285,20.93671601373479,2.387898110760894,4.527760458777754
2026-04-07,有色金属,-0.02385594212544843,4991.095726626109,21.12093956370796,2.3860990724366027,6.941267266681903
2026-04-08,有色金属,0.028328380827250824,5132.485387115237,21.13859904082409,2.397517456541173,2.9066920548430266
2026-04-09,有色金属,-0.014432994034219477,5058.408256142285,21.088888768557645,2.4013667978907343,7.168324658260163
2026-04-10,有色金属,0.015694613523710464,5137.798018767584,20.867881169800583,2.357503650300127,5.518092832284475
2026-04-13,有色金属,-0.0030014904563188676,5122.376967047759,20.89984344098783,2.371368699443742,6.651200105383366
2026-04-14,有色金属,-0.008257724977897899,5080.07778682076,20.51103610373953,2.366866661010417,4.742616967243595
2026-04-15,有色金属,0.01561938503386697,5159.425477775108,20.73380042993544,2.3836526460370155,5.078206557491496
2026-04-16,有色金属,-0.002392200278401095,5147.083098710785,20.546522058776947,2.382382616322698,7.09230324187866
2026-04-17,有色金属,-0.03316576162913303,4976.376167573604,20.535311387741512,2.383244585045889,7.23216438442195
2026-04-20,有色金属,0.025334544407683433,5102.450390580335,20.503441439957864,2.3910327488075547,2.6542821232662055
2026-04-21,有色金属,-0.012719321535788516,5037.550683442134,20.450727731419295,2.3902487285409606,2.061274465513332
2026-04-22,有色金属,-0.0027218443192485336,5023.839254731481,20.400777376439148,2.3959700234247503,1.2032793154645356
2026-04-23,有色金属,-0.009153953204989589,4977.851265284279,20.236799807683433,2.4022810096579064,7.616130200245278
2026-04-24,有色金属,-0.004772490824492714,4954.094515795021,20.24981001810418,2.4030597896161754,1.302562059924453
2026-04-27,有色金属,0.011617610585774577,5011.649256684649,20.152829929574356,2.3987761603256996,3.750611075613519
2026-04-28,有色金属,-0.005198666403500074,4985.595364067796,20.48029869841066,2.381261663900157,2.714573319855594
2026-04-29,有色金属,-0.003979845008189641,4965.7534672452575,20.524341367304782,2.3616766104436007,3.399182895121921
2026-04-30,有色金属,0.00968874199463296,5013.865371398351,20.320268401640117,2.318805996661034,5.149964034245551
2026-05-01,有色金属,-0.014456082192121016,4941.384521489187,20.006554521049527,2.3172152410676445,4.913429014356762
2026-05-04,有色金属,-0.01014483257351416,4891.255002837325,19.99803774098958,2.3219179562550663,7.063322406859065
2026-05-05,有色金属,-0.019521232904656346,4795.771674730872,20.275091897030507,2.2905682584556626,2.029489331852404
2026-05-06,有色金属,0.011808157601642335,4852.400902487587,20.411509410467247,2.301093627607642,5.694060355788547
2026-05-07,有色金属,-0.007260542997103943,4817.169837095889,20.638451525030494,2.337022409609802,1.2497209145237265
2026-05-08,有色金属,0.03679811700478252,4994.432616393253,20.688188951611664,2.3255955197997635,5.482431424084159
2026-05-11,有色金属,-0.01228584167454164,4933.071808014079,20.877637315455114,2.3237099211776924,3.3966723620643187
2025-05-12,煤炭,-0.013948641439656668,2037.8118322680343,34.36532221813991,3.7325748265757968,7.8712659913241
2025-05-13,煤炭,0.01315741593032824,2064.624170132929,34.18906614955779,3.7821096686725446,5.892493626616518
2025-05-14,煤炭,0.005344344011829588,2075.658231953257,34.01209648646274,3.782718555137277,5.763883933511373
2025-05-15,煤炭,-0.022005705809884875,2029.981907539028,34.16916771311267,3.738811393082228,2.8030514774859956
2025-05-16,煤炭,-0.009942235780775754,2009.799348783566,33.64281590777876,3.662881537335063,4.452368638515504
2025-05-19,煤炭,0.02215192019830014,2054.320263572415,33.41908098270626,3.648495234585088,1.331449841287876
2025-05-20,煤炭,0.005509261915654728,2065.6380519630725,33.067992889592865,3.6323389572358087,1.7598875044085394
2025-05-21,煤炭,0.007382358650117191,2080.8873329039934,32.847590345837126,3.663314489605264,7.660496074591467
2025-05-22,煤炭,-0.014356248693437915,2051.013596849799,33.16305609574265,3.669393264279917,1.554012677947466
2025-05-23,煤炭,-0.02743046765858603,1994.7533347140902,33.18371952560599,3.7147203300315903,1.0739698594211005
2025-05-26,煤炭,-0.011694212544791442,1971.4262652435123,33.66237154749666,3.670342268325581,4.862475598758725
2025-05-27,煤炭,0.0010503121594765724,1973.496878221409,33.40223657014984,3.6464947487966146,2.739845175258257
2025-05-28,煤炭,0.01757815176901671,2008.1873058624656,33.284193941651175,3.708694779496365,4.652792320546914
2025-05-29,煤炭,0.010234104781936522,2028.7393051724168,32.930220783765954,3.7002534844530386,4.41753551439467
2025-05-30,煤炭,0.019763827997389436,2068.834959851388,32.8153820568699,3.6848328302026627,1.6196333679414732
2025-06-02,煤炭,0.005827850254134397,2080.89182019792,32.83569181980284,3.7110471267006653,7.004606560978135
2025-06-03,煤炭,0.000827290218430083,2082.613321646381,32.65263519828059,3.7444690204603788,1.6832699876079524
2025-06-04,煤炭,0.0020457617983816938,2086.873852420606,32.516141715948756,3.701000109078049,7.060890327939595
2025-06-05,煤炭,0.01564096427202982,2119.51457178655,32.39347139687677,3.7223861304721897,4.246122151519245
2025-06-06,煤炭,0.003306442705135433,2126.5226252808616,32.367376285869675,3.694205766881226,3.6305643160164007
2025-06-09,煤炭,-0.023467096078894703,2076.619314519452,32.88460698304572,3.647923852218817,7.682321600528378
2025-06-10,煤炭,0.03898685940826967,2157.580179779119,32.787779367404525,3.6360290130804622,6.6561032434394845
2025-06-11,煤炭,0.012295401509312395,2184.108494378038,32.61872171611774,3.5950277280843252,6.304924050527298
2025-06-12,煤炭,0.001386054023132421,2187.1357867436286,32.78525569714319,3.6011457785177035,6.4809185008601515
2025-06-13,煤炭,0.007665951643384879,2203.9022639223217,32.646417870378095,3.641083236604467,6.825840201791041
2025-06-16,煤炭,0.017644637393540597,2242.7893202200344,32.35192342733795,3.712407308892534,5.456487247511095
2025-06-17,煤炭,-0.013295165234245052,2212.971065622109,32.20370265264683,3.6723237038069962,1.5594057654262472
2025-06-18,煤炭,0.009068221769250378,2233.0387780141045,32.54005943319401,3.651367635588733,3.6262347881917174
2025-06-19,煤炭,-0.038155574474806726,2147.835900614456,32.4397872068067,3.6135975845121604,7.7463735495961625
2025-06-20,煤炭,0.02050032383882304,2191.8672321297026,32.4143541627386,3.6370097070107015,4.755012777526445
2025-06-23,煤炭,0.013187923375006806,2220.773409235217,32.691480645704516,3.6464858492476213,7.9851929575992235
2025-06-24,煤炭,0.00902244964118033,2240.8102254845144,32.95759751651911,3.6329817050301667,5.8834437598286495
2025-06-25,煤炭,-0.0161870056071451,2204.538217800048,33.274120791918406,3.639066116296752,2.529839230643941
2025-06-26,煤炭,0.002440007596547017,2209.9173077983583,32.90921228162816,3.6854982769962943,7.926836835064139
2025-06-27,煤炭,-0.023101632771241096,2158.864609698791,32.87734769665112,3.731007957572939,1.532625599447034
2025-06-30,煤炭,-0.017580739430507284,2120.9101735299328,33.054472122457895,3.7358371217765933,6.952539513604953
2025-07-01,煤炭,-0.012564676438794307,2094.261623443782,33.186887905686284,3.7585323472164873,5.1027737512869455
2025-07-02,煤炭,-0.011613272034448322,2069.940393499424,33.37400605147295,3.7828738622038904,1.3542097098526331
2025-07-03,煤炭,-0.00342516946769906,2062.8504968636526,33.46679060373934,3.8444998285043455,2.180397476195668
2025-07-04,煤炭,0.011502961266510238,2086.579386227677,33.46386184404852,3.8580276357172547,1.403498869181754
2025-07-07,煤炭,0.002169033067572585,2091.10524591452,33.641985104998525,3.865421089534747,6.843165683438773
2025-07-08,煤炭,0.02862985863428255,2150.973293494459,33.4247344026109,3.863631672957167,5.941346685286607
2025-07-09,煤炭,-0.02236046485223267,2102.876530767185,33.23661358474617,3.852554240116714,4.949525839233559
2025-07-10,煤炭,0.017297063243757283,2139.250119113678,33.392995295332575,3.812159568327811,1.0849622082064037
2025-07-11,煤炭,0.03350720932281784,2210.930420648683,33.34628206511269,3.8059307896324746,6.356331420867209
2025-07-14,煤炭,0.010996647792165479,2235.243243777541,33.53545269273782,3.810870072320382,3.7886437296160143
2025-07-15,煤炭,0.01097151183311031,2259.7672414765266,33.44542854249346,3.807395162761663,3.811516240484293
2025-07-16,煤炭,3.2012428103446564e-05,2259.8395821128747,33.56950387357373,3.771834066846753,5.7555115294515256
2025-07-17,煤炭,-0.00849903873573236,2240.6331179679564,33.56527622464458,3.80114543866382,6.04226994128481
2025-07-18,煤炭,0.006851085313133298,2255.983886614587,33.442784891939716,3.8164283171533357,7.222215577595378
2025-07-21,煤炭,-0.01772662840390309,2215.9928985713773,33.62798699089501,3.809657911706061,7.284817557209936
2025-07-22,煤炭,-0.024518303407852663,2161.6605123345576,33.704668147689176,3.8003198176027753,3.0391196609360525
2025-07-23,煤炭,-0.028542465718989184,2099.9613912651557,33.4270698906125,3.8044890238642846,5.79114333924238
2025-07-24,煤炭,0.02128577965091398,2144.6607067150526,33.1481736034255,3.815721459609046,6.913532522026932
2025-07-25,煤炭,0.012849600116494329,2172.2187391818993,32.90967454162321,3.785886081671584,3.170012969476137
2025-07-28,煤炭,-0.017126346627520283,2135.0165681038748,33.00639221786274,3.8344315674834113,7.18066719093248
2025-07-29,煤炭,0.01672609474316891,2170.7270575002153,32.71451479523256,3.8152435916439185,3.804125501238678
2025-07-30,煤炭,0.007009835965693171,2185.9434980995834,32.13676401524588,3.8072211873943314,3.2547881717839666
2025-07-31,煤炭,-0.01538719195540629,2152.3079658906527,32.312046457039344,3.8174869387300725,4.956382648244258
2025-08-01,煤炭,0.0026333692006723975,2157.975787398391,32.141569279492714,3.8226935230645847,7.051338325324798
2025-08-04,煤炭,0.012227289353015784,2184.361981767713,31.757087698222232,3.8245143464933364,6.0729664122506435
2025-08-05,煤炭,0.0046804499348189945,2194.585778662899,31.5816991801806,3.821887244729761,6.58319544642852
2025-08-06,煤炭,0.0009680586586094678,2196.7102664279946,31.27135245064388,3.7913923339181768,3.3853444254422107
2025-08-07,煤炭,0.03443513507339847,2272.354281169564,30.78792934173294,3.7813891772501513,4.066856429566043
2025-08-08,煤炭,0.013959661977062002,2304.0755788268207,30.306442560246307,3.738970912027074,4.339467246970907
2025-08-11,煤炭,0.00025982840766683956,2304.6742431156113,30.430946607292526,3.796468045764926,2.1869059605909484
2025-08-12,煤炭,-0.00681696195964201,2288.9633664709254,30.70670020213336,3.8224294484310697,5.469675323341653
2025-08-13,煤炭,-0.007857391937209947,2270.978084170648,30.770782917493882,3.8468895502838527,6.185723605524807
2025-08-14,煤炭,0.008404935873164534,2290.0655093374644,31.09768174022518,3.847363631151928,1.5772065458876772
2025-08-15,煤炭,-0.01139650683908606,2263.9667620983446,31.179994450533705,3.8990347652727833,7.675014761886081
2025-08-18,煤炭,0.006244053086307959,2278.1030907465233,30.8796401250178,3.914889380249356,6.0585479165259954
2025-08-19,煤炭,-0.019078341802813138,2234.640661319216,31.085408569163484,3.9332954644905476,6.974851595708217
2025-08-20,煤炭,-0.003154841059193803,2227.590725208342,30.935395691417373,3.9328241233643313,2.3347316272835403
2025-08-21,煤炭,0.029940273824137546,2294.2854014891886,30.40054445279908,3.971543431412238,3.730267943580136
2025-08-22,煤炭,-0.005463948704026907,2281.749543743054,30.708392303459807,3.9390249489409617,7.570202210563092
2025-08-25,煤炭,0.021526197268932384,2330.8669345399635,30.94010390330935,3.9530777443011327,6.360966128259065
2025-08-26,煤炭,-0.005970482320332344,2316.9505347162453,30.362287416238775,3.934471175891435,6.446879629005652
2025-08-27,煤炭,-0.013118187783042658,2286.5563425178166,30.437477956386488,3.9515732077563404,4.256215876596468
2025-08-28,煤炭,-0.00941092918939967,2265.0377226908086,29.895512281237938,3.9553495420772844,1.9130761817334254
2025-08-29,煤炭,0.018037924581409206,2305.8943023067523,30.050752115194957,3.9844770390869946,4.692052594504596
2025-09-01,煤炭,-0.012926920419410255,2276.0861901652615,30.058174214439187,4.005832011959908,1.6527144345495084
2025-09-02,煤炭,0.004008307859983957,2285.2094443313017,30.167074817735568,3.9973007770900146,2.990407368738553
2025-09-03,煤炭,0.007306585427882721,2301.906522356913,30.67260707566405,3.9481566977421645,3.099940293875978
2025-09-04,煤炭,0.026568600347819004,2363.064956787451,30.872857741328083,3.9853118230559446,5.505436516837344
2025-09-05,煤炭,-0.00039746492925970774,2362.1257213415656,31.215578787567445,3.965252754359148,1.4390511363097187
2025-09-08,煤炭,-0.004379454635828628,2351.7808989008263,31.49328427408855,3.947757560216242,7.4310662453368135
2025-09-09,煤炭,0.001097844865188129,2354.3627894847323,31.71913514286735,3.9683284082706516,2.495990823968053
2025-09-10,煤炭,-0.008997764998124094,2333.1787863846207,31.494480832874732,3.9437997929227455,4.60487682587064
2025-09-11,煤炭,-0.013159005982782032,2302.476472775685,31.37887818104205,3.9770971670433393,4.993869984649805
2025-09-12,煤炭,-0.0017825540675627475,2298.3721839736713,31.3247639391518,3.9856293751747924,2.168817115707878
2025-09-15,煤炭,-0.01729087177867504,2258.631325240909,31.926996791354206,4.021038106749258,6.2591510695652355
2025-09-16,煤炭,0.009255883631862987,2279.5369539546195,31.891341965950097,4.040557674099264,2.4447071957372652
2025-09-17,煤炭,-0.014430005165353331,2246.643223934441,31.92388854310461,4.010582966570325,3.7759460175795665
2025-09-18,煤炭,-0.009854358706741733,2224.50399571972,32.21156969850137,4.061982362195632,5.958512552270628
2025-09-19,煤炭,-0.011545491978983575,2198.821002679921,32.29547585931771,4.039213777887971,6.900806814339942
2025-09-22,煤炭,-0.00572685892421032,2186.2286649979824,32.09431714592023,4.060025905173276,3.3891646834292537
2025-09-23,煤炭,0.0015155524658649678,2189.5420092421646,32.20590842127825,4.039294151674983,2.4703704412551364
2025-09-24,煤炭,0.012448317763483973,2216.7981239297083,32.38162213119589,4.072957075029667,5.766845504482346
2025-09-25,煤炭,0.03121502158435437,2285.9955252163304,32.82505858213311,4.043546635744104,3.46937926099869
2025-09-26,煤炭,0.014074737812987015,2318.170312875412,32.72333195434305,4.06791186532213,4.824166999655093
2025-09-29,煤炭,-0.028380785018394496,2252.378819589671,32.27446157513704,4.080579568116774,6.11753117214184
2025-09-30,煤炭,0.006747636978800924,2267.5770542030023,31.76333886001413,4.06708300867962,5.26111337809394
2025-10-01,煤炭,-0.0023796130882813423,2262.1810981661342,31.52455851505696,4.080553053186346,5.7459861066980915
2025-10-02,煤炭,-0.0002586838714805753,2261.5959084016704,31.432309902985324,4.078216179444725,4.957696120694371
2025-10-03,煤炭,-0.003597099241904588,2253.4607234740643,31.83933770825324,4.1079471792854365,3.0192084529268985
2025-10-06,煤炭,-0.0022352666224767655,2248.4236379338204,31.963952804059506,4.123454513856393,2.3663566999314787
2025-10-07,煤炭,0.01154797851480066,2274.3883857968503,31.77842349715646,4.14986969939751,2.7633578575719504
2025-10-08,煤炭,-0.013429238319521457,2243.845082132833,31.83126548297081,4.14837426966738,2.713682118988949
2025-10-09,煤炭,-0.021989616192750843,2194.5037899807403,31.597133191660237,4.147520310035023,3.6508346433310157
2025-10-10,煤炭,-0.014709720709161853,2162.2232521349265,31.83078953465392,4.166340692299043,4.80974800146947
2025-10-13,煤炭,0.0015876890641063175,2165.656190346497,31.738119710594287,4.171240595149246,5.795209644884319
2025-10-14,煤炭,-0.008226019960909664,2147.8414592962395,31.870351966743662,4.154793062707074,7.37759592101834
2025-10-15,煤炭,-0.008546672156296642,2129.4845624999325,32.109189216461345,4.1812595199516025,3.2446530835599496
2025-10-16,煤炭,0.002694747640626852,2135.222986000481,32.29938381535527,4.203667207167462,7.510187865217136
2025-10-17,煤炭,-0.00432132233867377,2125.9959992130275,32.18834644350396,4.214732219233998,1.5823557379605506
2025-10-20,煤炭,0.029723666827426592,2189.188395970077,32.23294600931762,4.153176386329846,6.966450816786839
2025-10-21,煤炭,0.013190315974769037,2218.0644826412204,32.613199653452455,4.089814733755508,1.8347143792348284
2025-10-22,煤炭,-0.000363693871733861,2217.257786181773,32.51012448636447,4.087321988034007,2.4773912248679544
2025-10-23,煤炭,-0.028579511362911064,2153.8896420870883,32.096206061506486,4.09073469857,4.847789790972653
2025-10-24,煤炭,-0.007810540439782475,2137.0665999347384,32.43911522482791,4.065359739360198,3.8122164379748495
2025-10-27,煤炭,-0.00025023598071853244,2136.531828978243,32.26993885650206,4.041794808209261,2.5206343221470426
2025-10-28,煤炭,0.022906913826965643,2185.4731794732174,32.46538006361934,4.064103584442325,7.458864887680571
2025-10-29,煤炭,0.0019861485233691346,2189.813853801491,31.852776831844842,4.020809361367686,6.2572307307632595
2025-10-30,煤炭,-0.011054330037610577,2165.606928740637,31.63965919377374,3.9607723037265754,3.825715603368195
2025-10-31,煤炭,0.006985917249355545,2180.7356795394503,31.697945093878957,3.9496894026208,6.454435803172184
2025-11-03,煤炭,0.03098733393195348,2248.310864258665,31.561154565997434,3.9551579102807652,1.6696451049318917
2025-11-04,煤炭,-0.0005620017764967161,2247.0473095588345,31.423905925583057,3.938320664550305,3.6891212816473717
2025-11-05,煤炭,0.01411497367058805,2278.7643231698235,31.116882452615098,3.965554671722291,1.8192903788191046
2025-11-06,煤炭,0.006899607524830787,2294.486902641282,30.671622204739737,3.980325321532337,5.310528592860871
2025-11-07,煤炭,-0.016675735893209698,2256.2246450424072,30.276566392796475,3.9907567266756834,3.597837838531124
2025-11-10,煤炭,-0.002498629462022879,2250.5871756713623,30.21231714931676,4.01185103105116,5.499193302809975
2025-11-11,煤炭,0.0037109196634147004,2258.93892387579,30.2835159310988,3.9910909439007902,2.76985342152353
2025-11-12,煤炭,0.024469417144323307,2314.2138427076557,29.99337631509096,3.9406674058499167,3.341123308148273
2025-11-13,煤炭,-0.005831326401217764,2300.718906428611,30.070142049122897,3.9371881193723497,6.590291111464158
2025-11-14,煤炭,-0.020830277434718148,2252.7942933084014,30.023568836730952,3.9242293380957687,2.4732355199940237
2025-11-17,煤炭,0.005798853862027542,2265.8579181965065,30.233671278672794,3.9145554023520512,1.9225066804387718
2025-11-18,煤炭,-5.3244698726782766e-05,2265.7372732742942,29.977638995358475,3.9305947801275263,4.161456792782564
2025-11-19,煤炭,-0.02479334201257926,2209.562074147356,29.74605144247277,3.9255049817131127,1.987347831748881
2025-11-20,煤炭,-0.006074791299121898,2196.1394456844555,29.6777236066801,3.929805506938782,6.007472487501439
2025-11-21,煤炭,-0.008270535309969176,2177.976196853306,30.02875501657567,3.8969014306615564,5.990711708916683
2025-11-24,煤炭,0.0048334443990394535,2188.503323703228,30.12208590634819,3.871799216318867,2.913186510576037
2025-11-25,煤炭,0.0023653743233814947,2193.679953271751,30.250762829965677,3.816720464902503,2.806307258257008
2025-11-26,煤炭,0.002655076433445798,2199.5043412182054,30.177462841121386,3.8034747170725223,1.8936664448761373
2025-11-27,煤炭,-0.027251597330763863,2139.56433458406,30.248236771311706,3.8446572674313764,7.31109938346904
2025-11-28,煤炭,0.01078675827806047,2162.6432978815774,30.24648469698375,3.850245180643492,7.5372540670490435
2025-12-01,煤炭,0.014166894165317589,2193.2812365999994,29.982853091939734,3.806057276275969,1.3183456591422584
2025-12-02,煤炭,0.02410285997914223,2246.145587140649,30.136486833935937,3.789570687324806,4.1091135061875015
2025-12-03,煤炭,0.006543787403408788,2260.8438863400024,30.259621035266836,3.7587099562667876,2.105624606952377
2025-12-04,煤炭,-0.002633973575022914,2254.8888832861307,30.328244645207636,3.7819892863810773,4.209273271020066
2025-12-05,煤炭,-0.006703213886155745,2239.773880811949,30.327021599244723,3.7685792996107943,1.5918033476608613
2025-12-08,煤炭,0.0008234418895033255,2241.6182044484244,30.382566198046568,3.781228172495109,1.538069723672284
2025-12-09,煤炭,-0.02384674383895306,2188.162909342209,30.296469633673226,3.806582887025453,3.2803768375035793
2025-12-10,煤炭,0.001589120018397418,2191.6401628249596,30.227544957039733,3.7375246347570528,7.353416673342949
2025-12-11,煤炭,0.02940567212708043,2256.0868148735312,30.228318296280502,3.72183123345507,3.198633186635046
2025-12-12,煤炭,0.008650595626473237,2275.60330960722,30.05425469815134,3.7408858091739203,3.4448543409334724
2025-12-15,煤炭,-0.014922662190772248,2241.6452501377485,30.235072246616173,3.7414993662015603,1.2614614437106897
2025-12-16,煤炭,0.017798436369402468,2281.5430304850984,30.23528403392212,3.693766442594595,3.7837679460152405
2025-12-17,煤炭,0.009631314717917696,2303.517289454172,30.405380063309583,3.7033514998008448,1.287464616226281
2025-12-18,煤炭,-0.0029531791284474604,2296.714590272938,30.280152733433408,3.680532428070107,2.5488899903811664
2025-12-19,煤炭,-0.012933431506498942,2267.0101894296663,30.201743427597044,3.6726841400939474,7.537678922566666
2025-12-22,煤炭,-0.0051469512070456466,2255.3419985987966,30.098072524209993,3.695048465754866,1.7333078167694862
2025-12-23,煤炭,0.01027814474738898,2278.5227301152604,30.021913195484668,3.7292991122102106,2.839761183486721
2025-12-24,煤炭,0.01895835869765599,2321.719781333548,30.09253073000263,3.7392778426376903,7.4969253021081075
2025-12-25,煤炭,0.0037846762709564277,2330.506739097771,29.987872526901157,3.6945501689691462,1.10239977443549
2025-12-26,煤炭,-0.005858483662966208,2316.853503440334,30.193165964125456,3.6828819443675886,3.288151528357237
2025-12-29,煤炭,-0.0014943469784366602,2313.3913204079877,30.09237746471537,3.680424409255872,3.596463975763455
2025-12-30,煤炭,-0.00783785089854096,2295.259304168651,29.921945570187795,3.6753468733041625,2.9165859398133853
2025-12-31,煤炭,0.015473573166479552,2330.7751669477475,29.66577578381557,3.6832014217197355,2.8157412519459912
2026-01-01,煤炭,-0.02323484742400041,2276.6199615640676,29.731106592794795,3.680370035199279,6.4039234917828365
2026-01-02,煤炭,0.03054413114459878,2346.157340236492,29.43465332910172,3.6467465846777403,2.0582804353607798
2026-01-05,煤炭,0.009054899366625182,2367.4015588506027,29.600633710145285,3.7321142189215104,1.4168089660174736
2026-01-06,煤炭,-0.017898722930612173,2325.0280942832364,29.936860082914077,3.7401909164270943,5.016793015087
2026-01-07,煤炭,0.013131670685506022,2355.5595975519136,29.647644985485968,3.7606769157528777,4.412957542952473
2026-01-08,煤炭,-0.031500261898574036,2281.358853311329,29.995678924383295,3.73671049574169,7.1871327839011725
2026-01-09,煤炭,0.028786823515440027,2347.0319279969885,30.021913621013002,3.73351609551129,6.844818513554232
2026-01-12,煤炭,0.01752789260421878,2388.1704515695924,29.93383709165869,3.723155917256332,5.6022995819930745
2026-01-13,煤炭,0.0060120018914513185,2402.528136841537,30.457087012642127,3.7570113098974507,4.723872599335005
2026-01-14,煤炭,-0.012389343050627184,2372.762391565423,30.084636315183857,3.8038142522131353,7.753761878305735
2026-01-15,煤炭,0.010440584716203476,2397.5354183259833,30.11154031501734,3.804412043105622,6.0203082280769005
2026-01-16,煤炭,-0.0017966329527604533,2393.2279271880084,30.20798596212939,3.8117862471472597,1.030811263026504
2026-01-19,煤炭,-0.0020409132040363695,2388.343556711142,29.840902242315526,3.812886056050892,3.6596928760318597
2026-01-20,煤炭,-0.010568145393686936,2363.103194753743,29.811840246400283,3.802630803734661,3.7400521415599894
2026-01-21,煤炭,0.004579598001001776,2373.925257420598,29.818238947918815,3.8022837276170858,5.8746309490939606
2026-01-22,煤炭,0.0078614988289087,2392.5878680517267,29.783448354706106,3.772918045213153,6.663129795866882
2026-01-23,煤炭,0.02869075641451919,2461.233023774332,29.795360406211394,3.7471903890293596,7.129895610597958
2026-01-26,煤炭,0.012945260373925696,2493.0943261079956,29.44969533253402,3.7411637445992723,7.057911172519106
2026-01-27,煤炭,0.023015224120135964,2550.4734507760104,29.332044693933703,3.6763482624840806,6.669134905269985
2026-01-28,煤炭,0.013408695062815267,2584.671971543272,28.91080621532059,3.7170991193148146,1.7671850923458892
2026-01-29,煤炭,-0.005200626607486748,2571.2300577164388,29.12677273059072,3.73645331636225,2.061946308527289
2026-01-30,煤炭,0.003422005635757079,2580.028821464772,29.47844705901814,3.7478754201166455,6.3030868290334015
2026-02-02,煤炭,0.03456660761928108,2669.2116653827807,29.58947113856927,3.7668384310290772,6.332691678131046
2026-02-03,煤炭,0.007364016914934401,2688.8677852362,29.494771235420174,3.76517796496142,3.5383186610982342
2026-02-04,煤炭,-0.0018222028854159781,2683.96812259944,29.479211302282426,3.7505266307005707,2.423026888051693
2026-02-05,煤炭,0.0034285791978155176,2693.1703198721843,29.59765516983921,3.701850177391029,7.752798895127892
2026-02-06,煤炭,-0.00811203919315484,2671.3232166835396,29.416863081803626,3.7047643232130625,2.7351290062676554
2026-02-09,煤炭,-0.010999477585553844,2641.940056837859,29.56926737396469,3.719391838090992,5.003878797408088
2026-02-10,煤炭,0.005416409723403367,2656.2498866503643,29.779048720587106,3.717317848098463,5.167236820480265
2026-02-11,煤炭,0.0023333780104457446,2662.4479217261232,29.566168791137454,3.764509931444307,7.157955876828373
2026-02-12,煤炭,0.0001209833502127261,2662.7700335954605,29.66212034165055,3.7462474877929153,6.969157220123521
2026-02-13,煤炭,-0.035247685915618464,2568.913551785767,29.566012444521977,3.750126252845997,4.795189373120004
2026-02-16,煤炭,-0.004760442181641608,2556.6843873528555,29.08626887685285,3.7401291366592906,2.609476144818924
2026-02-17,煤炭,-0.016526272106129496,2514.4319254779693,29.043456527748475,3.7552553821250485,3.0795387045753086
2026-02-18,煤炭,0.009692279541636492,2538.802502588117,28.925008081097797,3.7219710447757657,3.6389568044731844
2026-02-19,煤炭,0.011510211070917336,2568.0246552602794,29.684953245190055,3.7452945302933207,7.221094099862003
2026-02-20,煤炭,0.01175560893611095,2598.2133488458107,29.63146752851792,3.7933748426045715,7.511780239895392
2026-02-23,煤炭,-0.0055283296518899355,2583.8495689474503,29.604542748995446,3.749451163100457,4.020880029671751
2026-02-24,煤炭,0.007732086939516565,2603.8281184531843,29.642220219836517,3.745776273827797,2.346877265209975
2026-02-25,煤炭,-0.014595791069448827,2565.8231872554857,29.414218945986566,3.7442266374763244,6.497062667058713
2026-02-26,煤炭,-0.014838472749963338,2527.750289810171,29.734244535217204,3.8035831555296657,3.082594535796445
2026-02-27,煤炭,0.026363147338880913,2594.3897431363357,29.387590988193082,3.865668179170009,3.115337188496363
2026-03-02,煤炭,-0.0006212733382116118,2592.7779179599956,29.36506197175374,3.871660021523857,5.211690152345157
2026-03-03,煤炭,-0.02068669789754782,2539.141904455724,29.00112256528527,3.918250429135404,3.948608135798472
2026-03-04,煤炭,-0.0011461800402267097,2536.231590685534,29.29393889459509,3.9172416970303914,5.547066612324873
2026-03-05,煤炭,0.004099329598163478,2546.628439913028,29.328156701640953,3.9038245070867603,6.9599847609050425
2026-03-06,煤炭,0.008832630916350262,2569.121869003861,28.937919890131287,3.9706043383672562,2.1021707003289265
2026-03-09,煤炭,-0.024568807646350294,2506.001607984273,28.534941852530192,3.9579279286517908,1.9858339935710863
2026-03-10,煤炭,-0.01699907794518284,2463.401891319395,28.79110775289737,3.966353104007377,5.519797276219685
2026-03-11,煤炭,0.009758271370329806,2487.4404354690732,28.655963499860366,3.9687879009276386,7.5234570497991085
2026-03-12,煤炭,0.02745418737808801,2555.731091276274,28.73002005170186,3.973803264476757,6.352547281132501
2026-03-13,煤炭,-0.007782128049427299,2535.8420646640593,28.891196760362476,3.996789978192727,2.5839783910556737
2026-03-16,煤炭,0.015325317405410198,2574.704649195027,28.631951054128614,4.002862348238265,1.7105270081247483
2026-03-17,煤炭,-0.0007859341652864934,2572.6811008457025,27.994498359053193,4.000071604091153,3.282164165945894
2026-03-18,煤炭,-0.013231874705791019,2538.6397068613555,28.073604779731753,4.011896235482485,3.5174572022530177
2026-03-19,煤炭,0.004888883452302965,2551.050820515589,28.11808615462126,3.9466032382985095,1.3200863033359087
2026-03-20,煤炭,-0.004826613179920416,2538.7378850026416,28.187962770337716,3.977401592785712,4.885596753309738
2026-03-23,煤炭,-0.014789407114394968,2501.1914568646,28.567406032222877,3.96651162217956,4.507144004109376
2026-03-24,煤炭,-0.02361812153292072,2442.1180130592684,28.75942856177258,3.9728366595672076,4.081532810797014
2026-03-25,煤炭,-0.020845016005413098,2391.2120239899405,29.126344109748082,3.9405610981193617,5.8335464240779515
2026-03-26,煤炭,-0.0017297872750804578,2387.0757358588235,29.041930609117113,3.913573077950543,2.6513060668880186
2026-03-27,煤炭,-0.0026108397903476105,2380.84346354507,28.951688910648336,3.9205460026435213,1.141745658530645
2026-03-30,煤炭,-0.006912425282474832,2364.386060994046,29.34773459317455,3.8817622177218447,6.475358252325168
2026-03-31,煤炭,0.006086565561143417,2378.77705176614,29.370362195014582,3.8987655728148884,5.773982130965135
2026-04-01,煤炭,-0.016664150552862404,2339.136752843815,29.00797182279452,3.9073241805860643,5.402918710570466
2026-04-02,煤炭,0.002457848083530442,2344.885995628908,28.8813545422113,3.9223787519857614,2.4837136318058146
2026-04-03,煤炭,-0.019392365507184303,2299.4131093289943,28.91124428076311,3.8783085281671057,6.5407283306682436
2026-04-06,煤炭,0.01384985521391786,2331.2596479701856,28.87394058019106,3.9208854962714557,2.265674445263447
2026-04-07,煤炭,-0.005639584311303557,2318.112312633918,28.897687983680225,3.937463404183013,6.913639669252003
2026-04-08,煤炭,-0.007503955756530137,2300.717300401245,28.70277832497247,3.9006966471060385,2.6537287740058026
2026-04-09,煤炭,0.0002875524805106138,2301.3788773679294,28.909374120344697,3.870465476114734,5.417099354531718
2026-04-10,煤炭,0.027045484843945748,2363.6207849159605,28.545529308818644,3.8357834694287383,5.441360512214361
2026-04-13,煤炭,-0.024283050054565148,2306.2248630858358,28.70992053866022,3.8242024356130386,3.9063834739933645
2026-04-14,煤炭,-0.014904205744128988,2271.8524132341786,28.874924880717906,3.8310254338992715,1.253293582730476
2026-04-15,煤炭,-0.010704078963580414,2247.5343256093192,28.73438523601187,3.745227356628802,6.103263366741319
2026-04-16,煤炭,0.0015705163865997777,2251.064115097134,28.85705265411421,3.7016460512942504,7.187000845199715
2026-04-17,煤炭,0.0038456994448047375,2259.7210311147833,28.894818251609472,3.6809048642183555,1.045416586463685
2026-04-20,煤炭,-0.009022419256735172,2239.332880568804,28.97042448345152,3.6854588368187073,2.308547415291735
2026-04-21,煤炭,0.020048404216623683,2284.2279313340237,29.140826537362692,3.6915350376042855,7.792056129241266
2026-04-22,煤炭,0.009200979895285418,2305.2450666064774,28.844006756644575,3.6526174059446337,4.801087570100419
2026-04-23,煤炭,0.01379208377137067,2337.039199678653,29.036532476455744,3.6298049612279963,4.656026313178204
2026-04-24,煤炭,0.01886153774235084,2381.1193527487453,28.798035576146617,3.63475355905399,1.5602892686400842
2026-04-27,煤炭,0.0004905099123097002,2382.287315393661,28.932287538946813,3.582251193955689,6.9043774497
2026-04-28,煤炭,0.015214468854334738,2418.5325515557947,28.624297763879706,3.5601558968820206,7.002871889699393
2026-04-29,煤炭,-0.0009898929456431994,2416.138463244201,28.619585190688834,3.6059041958129967,2.780516771644673
2026-04-30,煤炭,-0.01690668680155079,2375.289566976951,28.47031638899023,3.603018668802959,5.116649540597701
2026-05-01,煤炭,-0.007332572602788668,2357.872583774446,28.808473233003706,3.579285742712559,2.413586051583878
2026-05-04,煤炭,-0.0021928307209918346,2352.702168336561,28.793651745956804,3.54455978117312,4.704788786655251
2026-05-05,煤炭,0.009861028144924353,2375.902230635152,29.35279529705467,3.5751588533775474,2.4387692948684054
2026-05-06,煤炭,0.000904132481746378,2378.0503610153232,29.375671067689467,3.56773147906605,3.416102248951861
2026-05-07,煤炭,0.0142601896714355,2411.961810211628,29.016185132776723,3.5585900596557627,4.377328110924828
2026-05-08,煤炭,-0.017891409194171794,2368.8084145044163,29.11944984067047,3.5575008099001897,1.3185296645320728
2026-05-11,煤炭,0.001781588392720562,2373.028656080276,29.25463844206078,3.548295792118134,4.176865168798863
2025-05-12,电力设备,0.020811880887532403,4611.3196303858995,32.39373685168029,1.5459684920272418,7.301939189893842
2025-05-13,电力设备,0.01720532747147763,4690.658894702342,32.05040650464958,1.5579066386250677,4.9474712054467425
2025-05-14,电力设备,0.011014837301463793,4742.325739264153,32.15910909104758,1.556803016919872,5.279315273119969
2025-05-15,电力设备,-0.01277344168642634,4681.749917975623,32.48719555350031,1.5420339090496278,2.715678422700453
2025-05-16,电力设备,0.012681380275609189,4741.120969040774,32.53443885555441,1.5645395797863888,5.782936272956729
2025-05-19,电力设备,0.010008389154065362,4788.571952725434,32.13696671042724,1.5910457590584532,3.0361581257095356
2025-05-20,电力设备,-0.018168354103376347,4701.571481838822,32.3633074757343,1.5989374095239381,2.8194153170040654
2025-05-21,电力设备,0.015613290705127358,4774.978484155708,32.0341637713892,1.6128861834851378,5.778889533430858
2025-05-22,电力设备,0.015874707426997908,4850.77987056189,31.64050703569874,1.5926803189408458,2.78372336551067
2025-05-23,电力设备,0.00738503936137983,4886.603070839378,31.424448875406195,1.5960417546650256,7.3466817023063316
2025-05-26,电力设备,0.0038161411820494275,4905.251038058337,31.704817932281436,1.5922879256362037,2.1064291020415453
2025-05-27,电力设备,0.017397078162318537,4990.588073773232,31.905366430924918,1.6023004523682416,1.3025395607847003
2025-05-28,电力设备,-0.017037694033251703,4905.559961126289,31.820504983326007,1.6066583296556782,5.8815064678363935
2025-05-29,电力设备,-0.019021224696670395,4812.250202842715,31.802251126131633,1.5950351825028677,3.397307893650802
2025-05-30,电力设备,0.012059265782599658,4870.282407051165,31.368829144731645,1.601852814321535,3.6459168134697313
2025-06-02,电力设备,-0.00673943914889336,4837.459435130918,31.48305576728328,1.5987479353459857,3.970637369097147
2025-06-03,电力设备,-0.008646388610007029,4795.632880969631,30.935665901281347,1.6080428070221078,6.529381901559636
2025-06-04,电力设备,-0.000971635151691843,4790.973275487871,30.805151213086997,1.627891047983325,7.763933763281772
2025-06-05,电力设备,-0.01826467745207889,4703.467693929555,30.885171261283237,1.6279811608493377,3.1157457643923823
2025-06-06,电力设备,-0.023965041518277514,4590.748895364656,30.65788156098587,1.6260513059615185,3.3668104016169393
2025-06-09,电力设备,-0.01309997552026562,4530.610197215693,30.566590113117407,1.6170889696333821,7.205052387487734
2025-06-10,电力设备,0.016376392917094196,4604.8052499594905,30.322605687719637,1.6008932122073813,2.673179457625684
2025-06-11,电力设备,0.029095181085817007,4738.782892571983,30.62039296197945,1.5785353179997628,3.4552725032454847
2025-06-12,电力设备,-0.004919567719900889,4715.470129222068,30.558243427691348,1.5765248738043587,5.376458252200511
2025-06-13,电力设备,0.015394143270046718,4788.060751976937,30.82320066773164,1.5761730326301775,4.828543967137476
2025-06-16,电力设备,0.012278597868566101,4846.851424520726,30.814213283202726,1.5687716899173632,2.2439312283776984
2025-06-17,电力设备,0.005179458928498304,4871.955492406565,30.945976719938116,1.5745065692943578,4.816335803632075
2025-06-18,电力设备,0.031249216086045178,5024.200282350373,31.15749106472022,1.5979699882001375,1.75936880296491
2025-06-19,电力设备,-0.009240613168096835,4977.7735910621295,30.795685762278527,1.611221715711593,2.126688412197104
2025-06-20,电力设备,0.02626857142752875,5108.532592189012,30.555455058678753,1.59393485305393,5.293004756831908
2025-06-23,电力设备,0.023119723604592666,5226.640453745475,30.9400976184906,1.590102833717661,4.82301129324364
2025-06-24,电力设备,0.00377849189213114,5246.3892723230365,31.476465068601915,1.5786802729506162,2.118498934794993
2025-06-25,电力设备,-9.521131492404053e-05,5245.889756701815,31.20751407349113,1.5741000545511825,7.745810161696557
2025-06-26,电力设备,-0.0020962559951448315,5234.893028849459,31.311704553929918,1.5807015805900615,6.70910886361038
2025-06-27,电力设备,0.03275678268416834,5406.371282170349,31.507458972987344,1.591237405468396,4.568058938965367
2025-06-30,电力设备,0.03617673928382104,5601.956166516963,31.641324116790447,1.5786009562183,7.271068574105076
2025-07-01,电力设备,-0.008032075341657525,5556.960832526836,31.523697640563082,1.5822391960061932,7.87237145838576
2025-07-02,电力设备,0.010676377015765579,5616.289041436736,31.639754701026956,1.582327610472441,5.890188007089275
2025-07-03,电力设备,-0.009342976618031929,5563.816184242483,32.1460293799063,1.5888525940520972,6.725118445133308
2025-07-04,电力设备,0.015643503857341267,5650.853764182219,32.050603498507314,1.5823921268855312,1.3034193394912803
2025-07-07,电力设备,-0.011016776565489727,5588.599570857967,31.707951444362433,1.563293745513658,6.636894180450756
2025-07-08,电力设备,-0.011840825743373746,5522.425937189944,32.20071258726873,1.557648688908624,2.2619007521286325
2025-07-09,电力设备,0.0025029268587552648,5536.248165393624,32.5777814182298,1.5740282608317375,6.41894261095199
2025-07-10,电力设备,0.023575760178211724,5666.769424428008,32.40076106778854,1.5752764752216162,2.505911584972754
2025-07-11,电力设备,0.0007903363249129302,5671.248078149039,32.96255407402414,1.589147248946572,7.990535194539545
2025-07-14,电力设备,0.0018625456803833358,5681.811036759378,32.58639492350455,1.5937028137741434,2.6249002147217415
2025-07-15,电力设备,-0.031729736867777796,5501.528667630567,32.61080287925836,1.586260924102805,3.350980211025825
2025-07-16,电力设备,-0.008002576827921739,5457.50226179684,32.353084119963114,1.6023880660970393,3.961827382834113
2025-07-17,电力设备,0.005114393259926224,5485.414074580605,32.34318705071887,1.6142392105362253,5.017617255404685
2025-07-18,电力设备,0.02636743324039832,5630.050363988051,32.32730886421076,1.592873006106562,2.018776719258524
2025-07-21,电力设备,0.007442731186221629,5671.953315412103,32.2621014100228,1.624386404726181,1.6718298768727906
2025-07-22,电力设备,0.005446217228719723,5702.844005278994,31.6244310949646,1.6380718140862223,5.538967522401052
2025-07-23,电力设备,-0.007217469607224663,5661.683901996149,31.823813124712732,1.631790348882585,4.453055063938846
2025-07-24,电力设备,0.006769283944696332,5700.009447933877,31.823427546642368,1.629796562880953,1.9840539006415763
2025-07-25,电力设备,0.007440691408342067,5742.421459260587,31.80839674821843,1.6262656246281262,7.58713875888064
2025-07-28,电力设备,0.0007035147210350913,5746.461337291564,32.08560815652175,1.6247840757272471,2.5085080908363584
2025-07-29,电力设备,0.00042550888312685827,5748.906507637126,31.767924000135245,1.6333053194834213,2.104042219582748
2025-07-30,电力设备,0.01208206098718204,5818.365146672006,31.832022268316663,1.6214642723944386,5.11168516688053
2025-07-31,电力设备,0.01979831101601751,5933.558949450575,31.9970593377931,1.6397531526024476,3.9628139993608045
2025-08-01,电力设备,-0.02296899590358435,5797.271058246968,32.29200839763296,1.6386822710089346,7.513365737059068
2025-08-04,电力设备,-0.00529903854758116,5766.551095438541,32.10719643595242,1.6415293355804297,7.194955293765181
2025-08-05,电力设备,-0.013366007534963042,5689.47533004616,31.89765518201621,1.6500600991213783,4.812816654037836
2025-08-06,电力设备,-0.025410144304744,5544.904940891406,32.362664615921226,1.6491106467131382,3.215764119344713
2025-08-07,电力设备,-0.00858926153070718,5497.278302191179,32.49445707428469,1.6577434862019347,5.782458166833106
2025-08-08,电力设备,0.01713435102774421,5591.470598318125,33.034113088294625,1.654702454080255,1.558579325916202
2025-08-11,电力设备,0.0038791539832641127,5613.160773761894,32.73760731424766,1.650918185905316,7.4453536988562385
2025-08-12,电力设备,0.00262270248857611,5627.882424492017,32.75735161906219,1.6553689799785436,4.368704187637856
2025-08-13,电力设备,-0.01237935510399296,5558.212869475709,33.066430195150204,1.6667110360368211,7.689587976690735
2025-08-14,电力设备,-7.932017564070306e-06,5558.168781633603,33.02753135861684,1.670235955579508,2.627283281517344
2025-08-15,电力设备,-0.007569509488247647,5516.0961703037465,32.555702349113986,1.656827763304701,5.344458664845317
2025-08-18,电力设备,-0.022037147730454638,5394.537144103368,32.76119843550049,1.668483169486146,6.700964969554064
2025-08-19,电力设备,0.0027045143500124477,5409.12674722127,33.14402754119421,1.6603307917930334,2.7871966081988964
2025-08-20,电力设备,0.0018000448305056733,5418.863417860157,33.39713643660577,1.6652147843657295,7.418883780269818
2025-08-21,电力设备,0.046648833442138236,5671.647074885611,33.40476855402096,1.667106327824309,4.618009678761222
2025-08-22,电力设备,0.019053170475123823,5779.709933478143,33.42370475654507,1.6684266977428617,7.363507684529062
2025-08-25,电力设备,0.00215194157147063,5792.147531555036,33.0215110252779,1.6609993188617005,6.656831284897248
2025-08-26,电力设备,0.007958153242384403,5838.24232921365,32.69759711554904,1.6669479818365303,4.313479255329607
2025-08-27,电力设备,0.01605095646163517,5931.951702652334,33.073250482456174,1.6789265976598766,4.63484390141491
2025-08-28,电力设备,-0.0022545050628623707,5918.578087506049,32.8803763286659,1.6790578301831052,7.4548427285834595
2025-08-29,电力设备,0.001927284716607135,5929.984872598146,32.53533315998479,1.6711825781577465,4.691613029795888
2025-09-01,电力设备,0.009582140004560764,5986.806817872309,32.74018432972837,1.6606757580571985,4.950388175112055
2025-09-02,电力设备,0.019852922840814503,6105.662431690389,32.966637653333436,1.6319436892154335,5.536825461145842
2025-09-03,电力设备,0.014015796920718877,6191.238156399424,32.92161524782544,1.6428651117688078,3.2008701846165675
2025-09-04,电力设备,-0.017302341543010996,6084.11523924328,32.39091658729285,1.6428267981643687,4.460199736350417
2025-09-05,电力设备,-0.011767331821641693,6012.521436381997,31.930049486876538,1.6578970696107158,5.291753171689128
2025-09-08,电力设备,-0.007751343790073047,5965.9163156834165,31.954801118692128,1.6458520634494993,2.0039302856539245
2025-09-09,电力设备,-0.006133010272071165,5929.327289637014,31.978580932811493,1.6579339246685119,5.899715888996861
2025-09-10,电力设备,0.007392658444119548,5973.160781092697,32.11664008382887,1.6660594771015835,6.063029638399715
2025-09-11,电力设备,-0.0010433047581229803,5966.928954028749,32.16962205923042,1.659568231306345,5.80701661723394
2025-09-12,电力设备,-0.0034059771353261666,5946.6057304432115,32.36723199089471,1.6569848191057044,3.324526695269352
2025-09-15,电力设备,0.0007080582415286635,5950.8162736397735,32.376610867751445,1.6473755939525998,6.722133553548673
2025-09-16,电力设备,0.0022292376282847686,5964.082057195981,32.00176281271203,1.6433000670244982,4.576977543540397
2025-09-17,电力设备,-0.00341972355617093,5943.686545294052,32.04223170359069,1.6332883839507333,1.2193622247370839
2025-09-18,电力设备,0.0020225451472840163,5955.707919673213,31.797235682910127,1.6280788240308113,5.013637516010909
2025-09-19,电力设备,0.0013606142414125035,5963.811340686413,31.925454941990274,1.6380749143487863,1.9182957274455905
2025-09-22,电力设备,0.025813233339826405,6117.756594418254,32.15958511147564,1.6452500301443627,5.434024218973721
2025-09-23,电力设备,0.011083852632234823,6185.564906950669,32.4200941411259,1.653019820095919,5.637489208529132
2025-09-24,电力设备,-0.016024766443960912,6086.442673992824,32.03046549387939,1.6550973175617156,5.943597189705816
2025-09-25,电力设备,0.0012302106447580755,6093.9302805590805,31.918276271038465,1.6319519793743633,3.1846434113495743
2025-09-26,电力设备,-0.007074333173164224,6050.8197874203715,31.50045281152168,1.6514666131819262,6.692058406912574
2025-09-29,电力设备,-0.020188019029949846,5928.665722405132,31.255761108102252,1.642373987356661,5.668266896092396
2025-09-30,电力设备,0.010437338138909548,5990.545211262437,31.32822058360447,1.6730277227069803,1.6396000839299034
2025-10-01,电力设备,0.006259106241024566,6028.04067018139,30.958710272923128,1.6681515808478808,2.7795752105775637
2025-10-02,电力设备,0.020766482208678827,6153.2218695119045,30.963160876064116,1.6756949239153063,4.775927349274269
2025-10-03,电力设备,0.022913713999713304,6294.215035606681,31.06638322354786,1.674835857107496,4.921347879639633
2025-10-06,电力设备,-0.012226048326223767,6217.26165840571,30.878711351998636,1.6813857501063632,1.0538846206829895
2025-10-07,电力设备,0.03596896700497204,6440.890137858182,31.009519858790192,1.6929031269806538,5.632805027746724
2025-10-08,电力设备,-0.0026800190539212976,6423.628429564508,30.860623500217248,1.6823285098279335,4.14361570018004
2025-10-09,电力设备,-0.00712410587045032,6377.865820559856,31.19960703923329,1.6677085144314867,7.765043670590238
2025-10-10,电力设备,-0.008205297340897647,6325.533535101814,31.1558381901754,1.6694662806699092,7.591824459093644
2025-10-13,电力设备,0.005636763029384159,6361.189068673605,30.422523024633765,1.6600836973349566,3.32044591278418
2025-10-14,电力设备,-0.014386759565305076,6269.672170993151,30.53595443567794,1.6721596428025034,3.9754772153120523
2025-10-15,电力设备,0.014278566005899088,6359.194098922025,30.49220028472206,1.6708833411133566,6.568156707243112
2025-10-16,电力设备,-0.022412483749026258,6216.668764523031,30.734150698234288,1.66854796701107,2.730238783074243
2025-10-17,电力设备,-0.01849510440431311,6101.690826676146,30.873706698259966,1.6636859452844317,4.605963714227705
2025-10-20,电力设备,-0.005019843243933748,6071.0612952032825,30.317354225752517,1.6611680519666068,7.092126449498898
2025-10-21,电力设备,-0.0021429085014579357,6058.05156634092,30.404276896952315,1.6595989823150759,1.582132131927254
2025-10-22,电力设备,0.0034615862108876355,6079.022034107811,30.42036467918642,1.6592693154026348,2.1392437544766643
2025-10-23,电力设备,0.006389620421644485,6117.864677440573,30.47405222356372,1.6570300845376,7.381781030308152
2025-10-24,电力设备,0.020901849343780997,6245.739363234075,30.61041883130133,1.6679922805477767,6.7909386841035735
2025-10-27,电力设备,0.018591568780011024,6361.857456187665,30.69767709437047,1.6939190379455578,2.658694538117097
2025-10-28,电力设备,-0.0025407769272149127,6345.693395548753,31.109685130280905,1.7064898893598517,5.876995202471198
2025-10-29,电力设备,-0.009256677861897697,6286.9533559757865,30.798470275312408,1.7164478986628289,7.3250808971114925
2025-10-30,电力设备,0.0044367464608340065,6314.84697402734,30.619990635505268,1.7084140550537992,7.678966555686665
2025-10-31,电力设备,0.017807630305500536,6427.299434376629,30.507308564341937,1.7191503620442756,1.0527876490119907
2025-11-03,电力设备,-0.015573213375102415,6327.205728859406,30.26867932264007,1.7184409545481407,4.83832398970857
2025-11-04,电力设备,-0.011378355627789319,6255.2125319462575,30.212468871025383,1.7078361500102022,3.2195769217506545
2025-11-05,电力设备,0.03101143374385465,6449.195640934438,30.323523878354294,1.6976360869599674,6.69063391361235
2025-11-06,电力设备,0.006473226173992956,6490.942742958537,30.497292189217802,1.7021002777145322,4.145352416048039
2025-11-07,电力设备,-0.03037669787323259,6293.769336343234,30.23957588764208,1.704331682181773,7.497717425066529
2025-11-10,电力设备,0.005144502992116872,6326.147651525745,30.352600219836095,1.7216402028769682,1.8109694390263515
2025-11-11,电力设备,-0.009157603730308906,6268.215298193647,30.285348790521496,1.7357545370696075,2.9982040420100553
2025-11-12,电力设备,0.013834062453328995,6354.930180099771,30.21576367588526,1.7098145486509606,1.1525226483357889
2025-11-13,电力设备,-0.009668477328621113,6293.487681728507,30.467314124867105,1.7145663262942155,5.629814231831482
2025-11-14,电力设备,0.006291276648116435,6333.0817538157735,30.513538499408927,1.686646610405748,4.1138048031857135
2025-11-17,电力设备,0.014214676065061566,6423.104459439817,30.407985777207358,1.7038222080319179,1.73652931899277
2025-11-18,电力设备,-0.0007464632943151965,6418.309847725293,30.478856731467037,1.7394971555473602,4.662092442008782
2025-11-19,电力设备,0.01071696801069377,6487.094669046086,30.25628683409937,1.7414953482912572,4.99538157610131
2025-11-20,电力设备,-0.011996861407695797,6409.269893362937,30.26946898253556,1.7534979277211313,1.9594388718192568
2025-11-21,电力设备,-0.012541262045744581,6328.889560108371,30.306086860307023,1.7414468053691416,4.285760649719303
2025-11-24,电力设备,0.0006123145004121919,6332.764830957533,30.34370205250149,1.7457049946219965,1.5418817195770513
2025-11-25,电力设备,0.010657739311892794,6400.2577876494015,30.07493373843104,1.749345224631179,4.822639277074748
2025-11-26,电力设备,0.019963112285260997,6528.026852518863,29.977603616165766,1.7629210922607814,4.880548285798869
2025-11-27,电力设备,-0.02310184200494898,6377.217407567908,30.218582575727186,1.7416915849856138,2.003629697477677
2025-11-28,电力设备,0.006223079535788076,6416.9033387122145,30.553934072644815,1.7315116130645398,7.413310036517213
2025-12-01,电力设备,0.03185513978144566,6621.314691530918,30.4012105498349,1.751460152240472,6.561088406449756
2025-12-02,电力设备,0.005486343715764717,6657.641499778899,30.45004344775779,1.7279771914414237,7.723358260926842
2025-12-03,电力设备,0.004194430346609351,6685.5665133224165,30.304617199493112,1.7165616609020176,3.338005031786157
2025-12-04,电力设备,0.011591632607338745,6763.063144116776,30.397359224519377,1.730400760573507,3.4676949588469594
2025-12-05,电力设备,0.0020177322785101745,6776.709194924263,30.34807823229517,1.736365050613793,6.113724147037535
2025-12-08,电力设备,0.003748132904222946,6802.10920164011,30.477251753269957,1.7462419670387954,5.414810318186214
2025-12-09,电力设备,0.013454368234564579,6893.6272836106955,30.438122321750882,1.7305551100501735,1.5842850662737007
2025-12-10,电力设备,0.025216968995067722,7067.463669085058,30.529919729767762,1.705574094011923,2.929447590113362
2025-12-11,电力设备,0.002433299059306552,7084.660921782726,30.15986903068721,1.7117588337219265,4.3905770593986055
2025-12-12,电力设备,-0.007272878810521586,7033.135041484962,29.889473603942584,1.7149734946054631,3.2720343494055717
2025-12-15,电力设备,0.01936814781562958,7169.353840575727,29.80033702579184,1.7050278261288858,5.313253571249054
2025-12-16,电力设备,0.010804325148808138,7246.813870576164,29.820264479068282,1.7131759560502815,5.892318003259001
2025-12-17,电力设备,0.009768474743898874,7317.604188844623,30.027827885315453,1.7366082015430255,6.944881253067268
2025-12-18,电力设备,0.018348409400286564,7451.870586330797,30.315854205428078,1.7487574615119506,2.639180803376497
2025-12-19,电力设备,-0.014883339567756212,7340.9618659794605,30.2268414203612,1.7056322326771005,7.980139699956198
2025-12-22,电力设备,0.00622144489051193,7386.633255672002,30.541420921764047,1.712523841982181,3.3381026953035797
2025-12-23,电力设备,0.006052889159081041,7431.343728027366,30.816072808776124,1.6976783626394514,4.84046874186904
2025-12-24,电力设备,0.01577579055739449,7548.579050240733,31.106665854855947,1.7217627830873414,7.406355979971965
2025-12-25,电力设备,-0.007670031708480463,7490.681209571415,31.296091109167072,1.7010178430603482,1.0293801258139563
2025-12-26,电力设备,-0.006066326873812246,7445.240288846631,31.1553603964127,1.7235994604737888,3.188023089545008
2025-12-29,电力设备,0.009830676378403418,7518.432036685734,31.281326098637567,1.7243014990190342,4.230702709780362
2025-12-30,电力设备,0.0027560149109301605,7539.152947485655,31.026031633140835,1.7144326246384987,2.4904816533782084
2025-12-31,电力设备,0.0091936794172063,7608.465502762124,30.81244661287921,1.706139148022878,2.040368913289335
2026-01-01,电力设备,-0.031106038685642746,7371.7962804948265,30.59626620083033,1.7032731896583595,4.731303015220082
2026-01-02,电力设备,0.0017681336832382432,7384.8306018043395,30.56085144842119,1.726056741050454,3.929614706568787
2026-01-05,电力设备,0.007658269706797905,7441.385626291973,30.36355590499009,1.7227700655439944,4.666989249299759
2026-01-06,电力设备,-0.04432552645353778,7111.542290862792,30.691372104561804,1.7326963085584783,6.255527724639557
2026-01-07,电力设备,0.008014653102376574,7168.538835346937,30.7761843522734,1.718725972597182,1.5622617398267336
2026-01-08,电力设备,-0.013608748387547161,7070.983994030341,31.14950893535768,1.6971355204332255,1.2150902575534968
2026-01-09,电力设备,0.018684257442662465,7203.10007934775,31.349844953580277,1.6980977537834916,5.17465882891656
2026-01-12,电力设备,0.020701201050415955,7352.212902276595,31.428380835368532,1.6859978416099906,5.080202010830524
2026-01-13,电力设备,0.0010344518564868281,7359.818412562641,31.79962042202393,1.6957276903439942,6.328480606158317
2026-01-14,电力设备,0.010691751359098127,7438.507761077873,32.09440413322072,1.6895331457347398,6.43290980830079
2026-01-15,电力设备,-0.020126290986625092,7288.79818937215,31.59922246538143,1.6944743078043312,2.5777572602178083
2026-01-16,电力设备,0.03747970886800529,7561.980223507461,31.633633926142878,1.699380256048385,3.986377614334762
2026-01-19,电力设备,-0.01813544210506381,7424.840368964405,31.823719468409422,1.6736820891920305,6.476681652564852
2026-01-20,电力设备,0.009178926371665883,7492.992432032502,32.011750815933105,1.665764242268645,6.261343855913696
2026-01-21,电力设备,0.021019483759600513,7650.491264768419,32.225154733514586,1.6626105920140932,2.2405566831452877
2026-01-22,电力设备,0.006834532342030109,7702.778794749896,31.763936678147928,1.6526614040513006,4.446958825790163
2026-01-23,电力设备,-0.02657407799308157,7498.084550294758,31.783085300520604,1.6679696344769772,3.5372189403019236
2026-01-26,电力设备,-0.0078574639358248,7439.168621353052,31.405805876041114,1.6903600029870054,1.8473414332063707
2026-01-27,电力设备,0.0018092879914486805,7452.628219806028,31.264826960315563,1.6728071899595889,3.522788835836602
2026-01-28,电力设备,0.019473751773126248,7597.758851815926,31.146300032929094,1.6731025100299333,5.367349230005275
2026-01-29,电力设备,-0.030464957143016117,7366.293454012382,31.337724838400007,1.6605097758393552,4.829779238167967
2026-01-30,电力设备,0.02034434497446839,7516.15586922398,31.279885182616574,1.6667925279811509,4.927341147566926
2026-02-02,电力设备,-0.00454905164354611,7481.964488013938,31.51863770477308,1.6704958163716073,6.723078814945351
2026-02-03,电力设备,0.021872754308897117,7645.615659008159,31.66477773825223,1.6913252690259684,1.434490956959578
2026-02-04,电力设备,-0.0327047188938831,7395.567948109626,31.824160461108093,1.669282655868675,5.168149520285076
2026-02-05,电力设备,0.0006925371365195999,7400.689653559346,32.21512179453794,1.6930948330018836,4.490371242863985
2026-02-06,电力设备,0.0013161000788922096,7410.429701796252,32.43349813791573,1.6962251238249222,3.810157053286604
2026-02-09,电力设备,-0.005106860967134708,7372.585667602452,32.4556410775904,1.7153508684685932,4.8494474936376415
2026-02-10,电力设备,0.0004882827832590549,7376.185574252046,32.68022326219668,1.7057958689723887,2.888019028577772
2026-02-11,电力设备,0.010642845737393686,7454.689179449199,33.06490879728592,1.718180387769598,6.546456750484513
2026-02-12,电力设备,0.01655366425487097,7578.09160125022,32.96655902988261,1.695842682359713,5.613794651350832
2026-02-13,电力设备,0.02719607437590647,7784.185944065254,32.82167757220533,1.684284208747722,6.467301847538776
2026-02-16,电力设备,0.004643006650322571,7820.327971170896,33.05935708090163,1.7015560586198786,2.0856552438970164
2026-02-17,电力设备,-0.010083318572252576,7741.473112898082,32.66557458066852,1.6889136833834377,6.63750369113243
2026-02-18,电力设备,-0.011063505489337272,7655.825282617977,32.90905856042083,1.7154927930817379,2.581668975972777
2026-02-19,电力设备,-0.017450472786563597,7522.227511864966,33.074679428938815,1.7069464744917897,1.0499101415470424
2026-02-20,电力设备,-0.015569935270349182,7405.106916416388,32.77156255097483,1.7192335784334218,6.706282626049269
2026-02-23,电力设备,-0.004539459270290474,7371.49173517717,32.189542461012145,1.7322523215075905,2.546987102665446
2026-02-24,电力设备,0.012513627817536607,7463.735839211225,31.62412093076791,1.732454803515553,6.4033437038006245
2026-02-25,电力设备,-0.006600301751508823,7414.47293047888,32.209051817452526,1.7227026568153478,6.275353164090514
2026-02-26,电力设备,0.011333149436397506,7498.502260192121,32.09477759589511,1.7415512360192544,7.872656159024789
2026-02-27,电力设备,0.02286924686166113,7669.987359473179,31.757741205833064,1.7557826090079733,1.4604369238780124
2026-03-02,电力设备,0.012535134480313273,7766.131682486478,31.9493176924993,1.7659383773302444,5.702409084535609
2026-03-03,电力设备,-0.0011889909290258942,7756.897822362381,31.471618120438194,1.7649170622727317,2.706766968202834
2026-03-04,电力设备,-0.014667913264368315,7643.120317903402,31.218942199823665,1.7585794969956663,2.6103805742282793
2026-03-05,电力设备,-0.035463547448906535,7372.068157851732,31.393823698826644,1.789816396965416,7.453151553585443
2026-03-06,电力设备,0.00929355790244433,7440.580900137493,31.253128462355146,1.777210257555998,7.8305253544088025
2026-03-09,电力设备,-0.002843859348013416,7419.420934589986,31.23944049325979,1.771224814332645,1.5711414127084886
2026-03-10,电力设备,0.0015506237580043749,7430.9256649617955,30.608598309466284,1.7642064671812963,5.2432411404723736
2026-03-11,电力设备,0.010974973147913692,7512.479874598894,30.583818169270817,1.7910341454306,7.275396908497476
2026-03-12,电力设备,0.00531296898872332,7552.393447201045,30.481981977224038,1.7832420141917034,1.7512306233181054
2026-03-13,电力设备,0.0007986004177964173,7558.424791763343,30.20330577427508,1.7723019025389555,7.877428822558432
2026-03-16,电力设备,-0.026574159537877864,7357.566005491973,30.237960290719236,1.755196915898079,1.6920980853755567
2026-03-17,电力设备,0.004702625739267815,7392.16588476776,29.7591531489629,1.7532702474340125,1.4543468735026888
2026-03-18,电力设备,0.008651149262331985,7456.116615208804,29.511670156747645,1.7486672099473048,2.609927293040117
2026-03-19,电力设备,-0.009350958386620856,7386.394779014195,29.552708737087716,1.7809502398242838,3.953008746572478
2026-03-20,电力设备,-0.01095549875357775,7305.473140219272,29.84912808409592,1.772429271666824,3.2795254453121725
2026-03-23,电力设备,-0.03536328059959657,7047.1276436488815,29.72231485852099,1.7840324974241084,5.832753370155785
2026-03-24,电力设备,-0.004211414625829506,7017.449267220331,29.788419494512898,1.7685983634742493,7.2456160196421004
2026-03-25,电力设备,-0.011818305397193248,6934.514908671012,29.89713610127835,1.7629098535982335,4.178533010186392
2026-03-26,电力设备,0.011377803228407417,7013.414454786327,30.18033829162722,1.7641553783139803,7.521252466033627
2026-03-27,电力设备,0.00186601209793449,7026.501571006787,29.761257992416517,1.7986169340381017,4.356123601159041
2026-03-30,电力设备,-0.006821868006942857,6978.567704738803,29.851104698478085,1.7957005892719549,1.5371765962167936
2026-03-31,电力设备,0.02398518759651138,7145.949960291919,30.079391155435232,1.823621349999983,2.209282522083769
2026-04-01,电力设备,0.0010318000273654873,7153.3231516565,29.906191892810238,1.8211692214264656,4.8164775517218015
2026-04-02,电力设备,0.00682863383246304,7202.170576144443,29.946866758670726,1.8253605628944598,7.528319120192336
2026-04-03,电力设备,0.025326949095353386,7384.579583702505,30.592638288526505,1.8114930979801778,5.17268969369067
2026-04-06,电力设备,0.017497545476822668,7513.791600795556,30.517579075368324,1.814821072461459,6.055632793310358
2026-04-07,电力设备,-0.01957414438044913,7366.715559156978,31.062212459470512,1.816798441435871,3.759664152905107
2026-04-08,电力设备,0.013726470319104258,7467.83456162903,31.044660078008054,1.8146367479691348,4.630524025951685
2026-04-09,电力设备,0.007409168228728915,7523.165004200456,31.125286721301737,1.8358250008267132,7.954384651943746
2026-04-10,电力设备,0.026930361690522087,7725.766558821052,31.03343398253727,1.8353916345286392,6.998886639979631
2026-04-13,电力设备,0.022151534813914915,7896.904145712957,30.47455033165662,1.8526592587971045,1.7547657169636293
2026-04-14,电力设备,0.022466510576603427,8074.320026225039,30.309661141981945,1.8504168142620927,3.4866486213135186
2026-04-15,电力设备,0.004050278463372179,8107.023270733634,30.423241228225162,1.8378358796162073,7.721319010069477
2026-04-16,电力设备,0.019405280312557033,8264.342329802643,30.798410220876082,1.825249131666128,6.106526785005685
2026-04-17,电力设备,0.0018690277875123417,8279.78861526256,31.20702773598895,1.8405533744120137,7.291677651191951
2026-04-20,电力设备,0.010198137979739461,8364.227042004084,31.375238317595166,1.8268933130427796,4.213909354428054
2026-04-21,电力设备,0.003091981887594032,8390.089080521686,31.377465572684734,1.8525761331735922,3.582285604644155
2026-04-22,电力设备,0.00472687895979309,8429.748016067195,31.248819622855983,1.8354637103417184,5.5662344108748565
2026-04-23,电力设备,-0.013009096896724739,8320.084607311204,30.74422307611331,1.8481754151237262,5.490412295639117
2026-04-24,电力设备,0.013019409658260542,8428.407197205177,30.58111577997278,1.839566361764006,6.477075866492124
2026-04-27,电力设备,-0.0067296339695692604,8371.687101821502,30.366071327771007,1.8480400918779933,1.8137202688295657
2026-04-28,电力设备,0.007163956148536895,8431.661501108223,30.50405342937883,1.8654297899834915,1.8691213058346756
2026-04-29,电力设备,-0.01906557963263798,8270.906987323397,30.40883087659326,1.8655150641598788,3.7412131664508883
2026-04-30,电力设备,-0.0005012418085405344,8266.7612629468,30.21427690675877,1.8433185720478813,1.3173191143359584
2026-05-01,电力设备,-0.03121656290072354,8008.701389996757,30.526859740303635,1.833029455100516,3.5824006134753406
2026-05-04,电力设备,-0.012691572801929663,7907.058373256697,30.8728717027095,1.8568418824103263,7.654773557649577
2026-05-05,电力设备,-0.029063507001840714,7677.251526861588,31.008103826313338,1.858797072873577,7.928061927883004
2026-05-06,电力设备,-0.04347705917075898,7343.4672079594275,30.649739138577974,1.8703206646140351,5.438616403298827
2026-05-07,电力设备,0.03048798879066896,7567.3547538803405,30.739284903592086,1.8786178345630804,4.478141741807569
2026-05-08,电力设备,0.032423588029364604,7812.71554689221,30.594971909036236,1.8485601511943972,1.1141413125055337
2026-05-11,电力设备,-0.03127281194906802,7568.3899627826895,30.58370225495872,1.8292385177735053,6.758574213352584
2025-05-12,汽车,-0.013322196832876476,2086.732805890591,23.30595817002098,1.9098937362646764,6.845883143402428
2025-05-13,汽车,-0.02259651824215059,2039.57990997579,23.420093377512178,1.8961597085759805,1.4298460819878518
2025-05-14,汽车,-8.855141596088976e-05,2039.3993022867965,23.582501623702292,1.902827603865505,7.932689243887533
2025-05-15,汽车,-0.0005231257846384129,2038.3324399265966,23.419014411647957,1.9081404852961708,4.543190599586417
2025-05-16,汽车,0.02221073015803238,2083.60529172217,23.973991445097944,1.9030976631231151,5.978590970293517
2025-05-19,汽车,0.0009154920631044293,2085.512815829384,23.853184346930316,1.9083946093249935,4.991676097120605
2025-05-20,汽车,0.027472382550136808,2142.806821719062,23.98318120947669,1.9117617640850841,2.9652636552243883
2025-05-21,汽车,-0.010642414452078598,2120.0021834315867,24.281216307317088,1.912370460681968,5.939521554541093
2025-05-22,汽车,0.0036463848791413113,2127.732527336998,24.09468743557668,1.919284025441509,6.418023190368317
2025-05-23,汽车,0.012010370700415036,2153.2873837416464,23.905186931197722,1.9037671422342801,7.342136190435417
2025-05-26,汽车,-0.008164833686479784,2135.7061503742007,23.87097868426863,1.8889837390217261,6.5761736898553576
2025-05-27,汽车,0.004103940948664567,2144.470962299036,24.039123272459005,1.8940168747656114,6.493860748478447
2025-05-28,汽车,-0.0038201161375803574,2136.278834169385,23.871021806054593,1.887502487502158,7.806558393459849
2025-05-29,汽车,0.02162106217853731,2182.4674516736545,23.952562100681007,1.877618543858209,7.054779916013362
2025-05-30,汽车,-0.02703056184545118,2123.4741302455054,24.012503543842797,1.8576454500895199,3.2867467266665855
2025-06-02,汽车,-0.018675528914573247,2083.817127726757,24.126865164324833,1.8367527392982217,7.302837229955471
2025-06-03,汽车,-0.013947194169662532,2054.7537256322835,24.014773463075198,1.844074982312616,7.515859220919373
2025-06-04,汽车,0.010667107036004824,2076.672003556233,23.971692697086134,1.8409646220720253,4.790005760134977
2025-06-05,汽车,-0.005987891088059246,2064.2371177733166,24.428303867460695,1.823131212017983,4.357296279148583
2025-06-06,汽车,0.005823993026715232,2076.259220352715,24.270093116721075,1.8508707098089752,5.756131350716185
2025-06-09,汽车,-0.029423425466040994,2015.1685619344867,24.15762007397012,1.8396513978592446,1.1616273587754058
2025-06-10,汽车,-0.024852672886243397,1965.0862368540875,24.33601681081908,1.846285481283967,3.48238966110183
2025-06-11,汽车,-0.008711802828173527,1947.9667930182572,24.262813457609433,1.8665282831096293,3.05741617823396
2025-06-12,汽车,-0.011024064969610973,1926.4922805333792,23.90796206068111,1.8906790491313457,1.8243479459363294
2025-06-13,汽车,0.01833679714925893,1961.817978691133,23.73342628375836,1.876694681956513,2.14325686800016
2025-06-16,汽车,0.004285287313879448,1970.2249323873586,23.945628261079513,1.8842292665338145,3.4463214717071846
2025-06-17,汽车,-0.017500136310210298,1935.745727508805,24.01104326150373,1.8764280525640418,6.712879015577677
2025-06-18,汽车,0.021238721255646017,1976.858491437172,24.173436008771354,1.884472028556417,2.9996106870801795
2025-06-19,汽车,0.012177155156678702,2000.9310040102002,24.27389865722324,1.8802114744796325,4.971379506982549
2025-06-20,汽车,0.0026390801757505706,2006.2116213559282,24.212931908675966,1.8795171207457395,2.6518290398361595
2025-06-23,汽车,-0.008858838906155747,1988.4389157906783,24.1480701653508,1.8597025215187326,2.943336497335719
2025-06-24,汽车,0.010293422994487182,2008.906758649611,24.133019533596766,1.8737425559911702,3.7448970287849064
2025-06-25,汽车,0.007100340481914754,2023.170680632443,24.181560034098084,1.8730499986906401,5.275469492545631
2025-06-26,汽车,-0.006159214931121844,2010.7095375680838,24.391175183431773,1.8622358103526508,7.800339491891917
2025-06-27,汽车,-0.021401816936191188,1967.676700133198,24.3513201374156,1.8468181214341293,2.870728825497366
2025-06-30,汽车,0.015105345144509565,1997.3991358215196,24.329627123806,1.843713168009004,5.248617889867426
2025-07-01,汽车,-0.0009924691880289931,1995.416778723021,24.12431165249282,1.8588325495847813,2.6090871384157808
2025-07-02,汽车,0.005814342651962689,2007.0188156079926,24.01646318546603,1.8687804932098524,5.737365788677484
2025-07-03,汽车,-0.014402887129711823,1978.1119501395826,23.982810077163446,1.8548061536350844,2.2363639821721404
2025-07-04,汽车,0.010844073322441822,1999.5627411668945,24.246189233396535,1.8359798562244478,2.6379753515343944
2025-07-07,汽车,-0.03796113278101091,1923.657074445496,24.050078516691165,1.8565854956128915,6.006974919290239
2025-07-08,汽车,-0.004965449960152909,1914.1052515018428,24.034996866425914,1.8600096569431528,7.932784572643754
2025-07-09,汽车,-0.002663114535306683,1909.0077699844614,23.71602158113567,1.8402806075921159,6.895974691237511
2025-07-10,汽车,-0.019940794972566928,1870.940637442164,23.576142270509624,1.873813301677732,1.6305170406282379
2025-07-11,汽车,0.00032172047708316605,1871.542557356636,23.59089058690695,1.862390735972116,4.834009957254651
2025-07-14,汽车,0.0247708339755641,1917.90222732312,23.44225826796749,1.8553887744577573,6.545511326633423
2025-07-15,汽车,0.002205978898930207,1922.133079166806,23.08606512398197,1.8475249864019345,7.702440905096661
2025-07-16,汽车,-0.0014363184567501082,1919.372283948869,23.186471800865235,1.8712013707471309,2.6623368650393684
2025-07-17,汽车,-0.0007608465196860925,1917.9119362266445,22.86705059128937,1.8461697933548153,6.652581174136042
2025-07-18,汽车,-0.009503138531053978,1899.6857534063206,23.259164680131565,1.8423800522750917,2.324914501175128
2025-07-21,汽车,-0.02921276196749339,1844.1906856790235,23.326329869977034,1.8645856672157033,6.382392470638832
2025-07-22,汽车,0.0023255707498089744,1848.4794815947087,23.579988111205072,1.8493711147835223,7.589029652759939
2025-07-23,汽车,-0.015065994101341908,1820.6303006285511,23.648609631811922,1.8392407605621066,7.10477286155119
2025-07-24,汽车,0.004871631269435004,1829.4997401311741,23.196073264192105,1.8443459087247198,1.3990461625478465
2025-07-25,汽车,0.012174698553517067,1851.7733479710091,23.152272105769242,1.8440282954548657,7.518106637774356
2025-07-28,汽车,-0.005900970722727699,1840.8460876595047,22.907933203191124,1.8155350740755496,5.04992038639384
2025-07-29,汽车,-0.018775283924701954,1806.2836797020207,22.882005783840476,1.8162561140272773,7.445646109054685
2025-07-30,汽车,-0.003064778361776002,1800.7478205652408,22.84875165274797,1.8126614825093035,3.5916064007748147
2025-07-31,汽车,-0.00896147360698438,1784.6104664984107,22.998134345140084,1.8140110709946389,5.611443749413931
2025-08-01,汽车,0.010333428468573538,1803.0516110982394,23.227298208808875,1.8055300645843833,2.1659637505908425
2025-08-04,汽车,-0.0016762079795502511,1800.0293216001755,23.126953616176877,1.8117817996944958,4.620091793422706
2025-08-05,汽车,0.009207646958407808,1816.603356108252,22.934023933219184,1.8147277240177624,6.8847705603230756
2025-08-06,汽车,0.009564037315112378,1833.9774183928298,23.14407787368795,1.822449085906435,7.1532238031352975
2025-08-07,汽车,-0.0003807215341976605,1833.2791836964154,22.90431783852446,1.8437190406500792,5.326155950770587
2025-08-08,汽车,-0.028153609962054942,1781.6657566070721,23.15138679719964,1.8319566954495594,5.017379842233785
2025-08-11,汽车,-0.024668994905814385,1737.7138531334683,22.85385278606531,1.8248002256951092,6.326743224325661
2025-08-12,汽车,-0.011106315108510453,1718.414255512144,22.86388348596952,1.8373459534901644,6.286655718399664
2025-08-13,汽车,-0.004210116416985671,1711.1795314438302,22.944591133037285,1.8347297755785128,1.536220358507471
2025-08-14,汽车,-0.00018757217074199544,1710.8585617845881,22.909416906755258,1.843420885017501,6.577410023988918
2025-08-15,汽车,-0.031844975674539755,1656.3763125019798,22.850306557249066,1.8599109270578393,4.0089202059444515
2025-08-18,汽车,-0.008265423303417391,1642.6856611293974,22.88375453624735,1.8641496048025155,2.390080847582584
2025-08-19,汽车,0.02576069719732875,1685.0023890361456,22.64057312556923,1.8666194557625024,4.071160452572884
2025-08-20,汽车,-0.0024865533044897614,1680.8125407776147,22.895761501826776,1.8734773082209553,2.3073789138900618
2025-08-21,汽车,-0.010611771952149825,1662.976141400569,22.868654981280876,1.8991029294563446,4.176192313660112
2025-08-22,汽车,0.0070766060277994685,1674.7443683868908,23.00995327276167,1.9251988474847401,5.352992598392031
2025-08-25,汽车,0.005317694435050346,1683.6501471947936,23.156968136192415,1.9393981377427287,5.844214866071793
2025-08-26,汽车,0.007505257346304212,1696.2863748306333,23.3560900369859,1.9285599578780301,6.017073478770154
2025-08-27,汽车,-0.036199269403467994,1634.8820473627072,23.286825605911403,1.938008538610434,3.3945375717974953
2025-08-28,汽车,0.002160123498389288,1638.41359449031,23.42038429773741,1.946069259886417,7.935335088775657
2025-08-29,汽车,-0.015094680036175598,1613.6822655145584,23.523703142856494,1.9573692456814071,2.4563265798638847
2025-09-01,汽车,0.0012902918759555113,1615.764386632125,23.723213110666226,1.9523071452590837,1.4343573684480293
2025-09-02,汽车,0.011292872012064406,1634.0110070520134,23.391853147130004,1.9494608091350132,6.0066050284340875
2025-09-03,汽车,0.0013122784389666636,1636.155284465602,23.425067036461744,1.9475848241041491,6.401485160367112
2025-09-04,汽车,0.015061992501880452,1660.799043092135,23.516389784559937,1.9599362539987952,4.554441002486953
2025-09-05,汽车,0.022170008883227007,1697.6189726307425,23.68936301229858,1.9717758797393992,7.652271772770913
2025-09-08,汽车,-0.008833872659230689,1682.6224228026285,24.04294615323868,1.966687929604472,6.159181340532478
2025-09-09,汽车,0.008914434420854022,1697.6220500457612,24.4277536857267,1.9645546530901337,1.427720695406225
2025-09-10,汽车,0.015397847067655833,1723.7617747510462,24.517374317146583,1.978828675376099,6.944810385497526
2025-09-11,汽车,0.007407503497034878,1736.5305461255696,24.607665884305497,1.967616848677652,5.671790371925653
2025-09-12,汽车,0.006212915172002398,1747.3194631022386,24.57195405157176,1.9825364337112195,3.894617980650192
2025-09-15,汽车,-0.012073479752535097,1726.2232369432631,24.549951881539187,1.970410496953965,5.672701727569187
2025-09-16,汽车,0.009888680231288027,1743.2933065412142,24.69480210929429,1.9747493201800252,6.8155490598735184
2025-09-17,汽车,0.005252169085811973,1752.449377753333,24.90898724344078,1.965862130319868,5.743716423376327
2025-09-18,汽车,-0.002074805080513059,1748.8133868810285,24.833664509353603,1.9341689428952236,5.7720990593859405
2025-09-19,汽车,-0.03235241407840232,1692.2350520428004,24.64385547423627,1.9241085987656181,1.7773247110432882
2025-09-22,汽车,-0.019693041840455356,1658.9097963590364,24.657157246646527,1.9307277405156258,1.8946408995664903
2025-09-23,汽车,0.010095837040816557,1675.6578793284914,24.249941145697605,1.9225080685435183,7.655887239603779
2025-09-24,汽车,0.000765143070628816,1676.939997343604,24.277738692578417,1.9108687376498148,1.964498644725678
2025-09-25,汽车,-0.0015674457638988125,1674.3114848484554,24.19061256547837,1.8976532976908846,3.193294825059209
2025-09-26,汽车,0.004301116846255904,1681.5128941818168,23.966213563423597,1.8934021864185857,4.542517289266971
2025-09-29,汽车,-0.024492944505680625,1640.3276921790352,23.991046793735553,1.8909345659969898,7.405985176621763
2025-09-30,汽车,-0.01279504925781793,1619.3396185586416,24.14933045816815,1.8997964381554964,7.103397921310455
2025-10-01,汽车,-0.02388074540589708,1580.66858140216,24.399176929671654,1.9082690823446613,7.964649902853593
2025-10-02,汽车,-0.014061863777991629,1558.4414351323314,24.74336124493875,1.9043408493650482,4.465647149952093
2025-10-03,汽车,-0.028978775454418754,1513.2797107247695,24.451152552584826,1.8693171899363532,6.241413252752654
2025-10-06,汽车,0.0013981408140533791,1515.3954888514127,24.515422527405644,1.8659377404377928,3.3908586229857356
2025-10-07,汽车,0.016809413860784158,1540.8683987862814,24.332794782861146,1.8616440316848915,3.615324406172156
2025-10-08,汽车,-0.0016849807790878253,1538.2720651512227,24.150861607882817,1.879458479052113,5.406913391966025
2025-10-09,汽车,0.0188531840164671,1567.2733914629098,24.31545135449015,1.8771180640107743,2.1650245366371994
2025-10-10,汽车,0.013950105677707755,1589.1370208996768,24.182424398428214,1.8497044499640094,5.997240285296792
2025-10-13,汽车,0.010355035959706037,1605.592591895993,24.396940188720592,1.8616362573544236,6.482650032145736
2025-10-14,汽车,0.009189075063091254,1620.3465027436685,24.276845980894656,1.8893053869734164,7.885188302147077
2025-10-15,汽车,-0.020334108350547914,1587.3982013914472,24.33863091561651,1.9048481488551605,7.4731769563962445
2025-10-16,汽车,-0.016310832994952375,1561.5064144320634,24.184936868447938,1.8829282730749755,5.621315982485009
2025-10-17,汽车,0.012101787332516517,1580.4034329778804,24.115712438096214,1.8727810584843725,1.7904861390221254
2025-10-20,汽车,-0.013570123976720498,1558.9571624591358,24.395520347037234,1.8559687199538175,2.5778148033816017
2025-10-21,汽车,0.006706901075285139,1569.4129339283566,24.101252516291908,1.8783328941126292,6.304693139859862
2025-10-22,汽车,0.00529857394498581,1577.7285844089931,23.98935425650913,1.9075947433333884,7.23448270396432
2025-10-23,汽车,0.011077402001051033,1595.205718187041,23.64198013102207,1.9136039146447588,6.502912957235273
2025-10-24,汽车,0.026187275115434377,1636.979809194919,23.48152361263856,1.9046736160852658,1.3774167865283906
2025-10-27,汽车,0.02679475778145533,1680.8422866754297,23.61099263170782,1.9202981371663403,1.3651006159733048
2025-10-28,汽车,-0.023342086795777272,1641.607920129839,23.666928695778143,1.9112627023589672,3.576487936521091
2025-10-29,汽车,0.014605252285354522,1665.5840179569714,23.760843056913835,1.9072167640712665,4.403999006459426
2025-10-30,汽车,0.004469315713056095,1673.0280387798418,23.926373930362104,1.9185610521890906,6.492731865102143
2025-10-31,汽车,-0.009787763840254815,1656.65283543814,23.81369321910175,1.9419983975424058,3.233976608739353
2025-11-03,汽车,0.008751949182767685,1671.1517768673828,23.872639955981732,1.9332313942104642,3.0978848196600315
2025-11-04,汽车,-0.003576502406055535,1665.1748985165325,23.82710133549433,1.9462369166754026,3.508815670856716
2025-11-05,汽车,-0.02499139929077069,1623.5598477387373,24.012120430509977,1.9264124625580847,1.6896055142797368
2025-11-06,汽车,-0.014951296882893138,1599.2855224480506,24.04308356462753,1.9178914788469854,1.4706004489956734
2025-11-07,汽车,-0.007096082797381197,1587.9368599641064,23.960791934225036,1.9486229600080358,6.817374086281368
2025-11-10,汽车,0.01589972541262669,1613.1846200101243,23.814740777902816,1.936399616493003,3.1112249640801517
2025-11-11,汽车,-0.02474583272320779,1573.2650232517024,24.090386465013257,1.940179254579949,5.608499645297072
2025-11-12,汽车,-0.013109520505542973,1552.6402731687308,24.09632700099035,1.92465521990455,3.9006821854939364
2025-11-13,汽车,0.006413516289522933,1562.5981568524678,24.338434757861343,1.933501885575065,5.795316229960337
2025-11-14,汽车,-0.013190919565559216,1541.9860502521358,24.42339112029868,1.9279344338491509,6.036338252235252
2025-11-17,汽车,-0.0016174883920450716,1539.4919057151574,24.41328704395049,1.9144734248819806,6.996887561892982
2025-11-18,汽车,-0.008825037656611622,1525.9058316751723,24.42676270207843,1.8819712807010254,4.227373313690317
2025-11-19,汽车,-0.012053441322672092,1507.5134152691526,24.51877711721252,1.8968438887889416,1.4147391667980926
2025-11-20,汽车,0.011249298993508555,1524.4718844142403,24.779410036980597,1.889999679694703,7.092293155932844
2025-11-21,汽车,-0.006220288835630527,1514.9892289713857,25.140686568607876,1.875684064696802,4.528497026996712
2025-11-24,汽车,-0.0022151224929205177,1511.6333422537589,25.4953684800026,1.8622837200430582,7.013543861152399
2025-11-25,汽车,-0.02064770599085879,1480.421581436924,25.194568301320412,1.8598327381688622,7.542237716540773
2025-11-26,汽车,-0.006954690839841067,1470.1257070254017,25.07030124755386,1.8750835852803727,2.673251602048643
2025-11-27,汽车,0.010776496053571056,1485.9685109054142,24.898049369300317,1.8588504896230231,5.186128553856457
2025-11-28,汽车,0.016392852740752542,1510.327773882082,25.035850868509783,1.8249314929099894,4.024298994685335
2025-12-01,汽车,0.0004335241221890498,1510.9825374044722,25.126996502490872,1.823319696423126,6.3766293365339815
2025-12-02,汽车,-0.007344565163599419,1499.8850276974442,24.872150751930068,1.8556750281729835,4.27728727220137
2025-12-03,汽车,0.01316087080421268,1519.624820768143,24.988235032051268,1.865712057277343,4.536105430397167
2025-12-04,汽车,0.006705985910420282,1529.8154034053393,25.110625768299457,1.8521120673705638,7.222665789834481
2025-12-05,汽车,-0.013537177062632867,1509.106021416298,25.145189825976548,1.843394374944727,2.012398366864132
2025-12-08,汽车,-0.01812504403364822,1481.753408326684,25.147971929955617,1.8221955269879875,1.736317994152802
2025-12-09,汽车,0.020119858822759275,1511.5660777123594,24.958113708357615,1.8148336052935592,7.591863820511616
2025-12-10,汽车,-0.016986074245780775,1485.8905040889335,24.710132813656003,1.8211697010284715,5.971201251821009
2025-12-11,汽车,0.015257028344532995,1508.5607776266909,24.80978261795904,1.8234082701393866,2.449005820906316
2025-12-12,汽车,0.02642270687103889,1548.4210368510676,24.999910276302202,1.8160724381580817,2.52611548972357
2025-12-15,汽车,0.0027422157113092004,1552.6671413460424,25.00817561301363,1.8241353227375754,3.648475222833384
2025-12-16,汽车,0.0024389826558994677,1556.4540695741705,25.327325557931694,1.8132874196446522,7.696620618969494
2025-12-17,汽车,0.007932734510226391,1568.8010064854639,25.28054819390007,1.7914030792863826,1.8031517288264027
2025-12-18,汽车,-0.02432898828984803,1530.6336651695772,25.554800954053498,1.806488834136243,1.0669319899533476
2025-12-19,汽车,-0.006890265826554879,1520.0871923334848,25.621525767578913,1.8261584244991822,7.9026895943613935
2025-12-22,汽车,-0.008985906770819714,1506.427830539659,25.646777044131394,1.8196898564322133,5.32622738926796
2025-12-23,汽车,0.014905080053266451,1528.881257948321,25.75350383379856,1.8195211379285077,7.649726306138241
2025-12-24,汽车,-0.0009677167231648553,1527.4017339872712,25.77673776832567,1.8272091026839594,7.739505561796491
2025-12-25,汽车,0.012755765063532837,1546.8849116636454,25.608067727955603,1.8292630158753098,5.181792238310071
2025-12-26,汽车,-0.015522254496702052,1522.8737703876939,25.75131877168906,1.8514663326800285,3.6187401612155385
2025-12-29,汽车,-0.02426429819938458,1485.9223071029858,25.55456174404922,1.8466449156800613,7.585227061543662
2025-12-30,汽车,0.01182716825917146,1503.496560249149,25.73009152219869,1.8322212993610185,6.445902831043551
2025-12-31,汽车,0.033286795290160966,1553.5431424696237,25.493666291622986,1.8285956862639072,7.8349093699168
2026-01-01,汽车,0.012328111374832895,1572.695395355597,25.298262272285093,1.822480384006159,4.094193259012966
2026-01-02,汽车,-0.012886257289290708,1552.4292378533619,25.253623481541748,1.8027021700236563,2.10013976094225
2026-01-05,汽车,0.02919435036128991,1597.7514009343631,25.39437468494188,1.7946674559503653,5.629448880581441
2026-01-06,汽车,-0.009380849807896224,1582.763135011842,25.38129200273858,1.7468646390715574,1.8970848919419288
2026-01-07,汽车,0.007180443855977432,1594.1280768401055,25.62809739609533,1.7422155922365676,6.672869529145211
2026-01-08,汽车,-0.014240135411342305,1571.4274771628798,25.434387013878073,1.744515668919237,3.609439320525007
2026-01-09,汽车,0.0018531031885118611,1574.3394944313254,25.104027475583905,1.7414640384982474,4.033394212578262
2026-01-12,汽车,0.01787038524788432,1602.4735477077727,25.136579505036735,1.753478615899051,4.9633376117818475
2026-01-13,汽车,0.010161293431553331,1618.7567516423337,24.841421497039974,1.727107536097866,7.934868961294264
2026-01-14,汽车,0.020952352466562834,1652.6735136603722,24.907245850536714,1.73410995674079,4.761419118891004
2026-01-15,汽车,-0.01988024112318256,1619.8179657109067,24.87512840769027,1.748387793939638,4.17624267756286
2026-01-16,汽车,-0.010746812312327896,1602.4100860532749,25.314531839392178,1.7501418979752354,4.617939194155482
2026-01-19,汽车,0.006020327079479456,1612.0571188867723,25.154194804677097,1.7696810642925247,3.838300310208851
2026-01-20,汽车,-0.011223572906393916,1593.9640782836755,25.415504897244585,1.7783742510854366,4.8375113745844445
2026-01-21,汽车,-0.012802286928912176,1573.5576927991087,25.432413341299704,1.7948389982027213,4.233865779664869
2026-01-22,汽车,-0.03363281458497532,1520.6345186784347,25.342955944583327,1.8111366655269103,6.02109406181274
2026-01-23,汽车,-0.02060163794037363,1489.3069568849874,25.232858744844904,1.8029660271716081,3.3224425630325305
2026-01-26,汽车,-0.0028972896469909616,1484.9920032576129,25.3532295308939,1.8022247207100315,3.1938741035373743
2026-01-27,汽车,-0.0026986366368844574,1480.9845494321414,25.411405709545704,1.8034494849245046,5.707579585081842
2026-01-28,汽车,-0.020529903267621313,1450.580079891458,25.008124218860296,1.7959441195055699,5.988347555438253
2026-01-29,汽车,-0.018432948919328486,1423.8416113754233,25.01629058508992,1.7914074664255901,6.117917762750964
2026-01-30,汽车,0.009221623904159112,1436.9717432146194,25.50027690724586,1.7909608991442947,3.3441340543567364
2026-02-02,汽车,-0.005872444616174971,1428.5332062375833,25.902148605227758,1.807076681369301,1.3511819044908207
2026-02-03,汽车,-0.002759283745141587,1424.591477782217,25.228623639492017,1.8376103403472828,3.532651576248431
2026-02-04,汽车,0.02572135610660555,1461.233902488689,25.39913958551774,1.8252952069175445,3.6161346178202716
2026-02-05,汽车,0.004917119166811203,1468.4189637178104,25.567337811239852,1.8370111603081474,5.565795624414808
2026-02-06,汽车,-0.01770589366413637,1442.4192936918216,25.57225104108828,1.8245143834352329,6.0743919999664024
2026-02-09,汽车,-0.005782845956663415,1434.0780051114825,25.673622824691805,1.812355699080838,5.8457877271713325
2026-02-10,汽车,-0.016377596215285832,1410.591254602544,25.648298764381543,1.795929929466357,5.902695932003054
2026-02-11,汽车,-0.017293423419930367,1386.1973027642514,25.506116244433002,1.8042136364462673,6.034150672452226
2026-02-12,汽车,0.01794138528829283,1411.067602658737,25.670024676227623,1.79825698673648,2.6553879014592794
2026-02-13,汽车,-0.0054237950807586215,1403.4142611368188,25.917116690725187,1.79035106648091,6.1654675623519495
2026-02-16,汽车,-0.013690786928188974,1384.200415515613,25.661706883034476,1.7769372293973007,5.498860915836348
2026-02-17,汽车,0.0018536694817876836,1386.7662655825322,25.886929482568682,1.7563901511465767,6.8380483915137
2026-02-18,汽车,0.012346036246921918,1403.8873321634226,25.899097455243083,1.7629260863088205,3.827209821265233
2026-02-19,汽车,-0.019302733649645607,1376.7884689165605,26.007903636811548,1.7821027479706486,4.461608198708229
2026-02-20,汽车,-0.003100111736588138,1372.5202708252732,26.161745966043608,1.7894383457481515,5.3681990602096965
2026-02-23,汽车,-0.019792279455090715,1345.3549660673225,26.0320674278033,1.7490928916704191,7.7168739000993
2026-02-24,汽车,-0.007834721087915868,1334.8144851439426,26.098725673249064,1.7549019472597045,3.1270302479210543
2026-02-25,汽车,0.0035978231036250226,1339.616911537647,26.28166992716239,1.7688049760883076,3.0628298980756257
2026-02-26,汽车,0.03189031080715865,1382.3377112091084,26.45882781885734,1.7871687618734784,6.830083292585926
2026-02-27,汽车,-0.0009226095418988703,1381.0623532466202,26.534920431527553,1.7931075897587703,4.4165843403800125
2026-03-02,汽车,0.016937709124049693,1404.454385668087,26.45017124558682,1.7695020160475285,4.551404726255514
2026-03-03,汽车,-0.0007536141580790139,1403.3959689586713,26.541178700239723,1.7581230613626146,3.3514489713673443
2026-03-04,汽车,0.010466340800655885,1418.0843894480593,26.68134406196673,1.773203338537435,6.314137368143669
2026-03-05,汽车,0.006066608663613497,1426.6873524908199,26.78231593141855,1.7746407280437833,2.3411646477909613
2026-03-06,汽车,-0.001817726917349236,1424.0940244875555,26.911967051935097,1.7596891881082701,4.780752072452536
2026-03-09,汽车,0.0013891537315515606,1426.0723100157527,27.162335017670447,1.757617607311767,2.514239783132804
2026-03-10,汽车,0.008154649043719396,1437.7014292148974,27.16377744856503,1.7595869729317493,6.584700257871419
2026-03-11,汽车,0.005311515135911559,1445.337802117094,27.284807915175804,1.7481422975767726,5.326355658347606
2026-03-12,汽车,0.0049755867508794495,1452.5292057358529,27.16352456733852,1.7467027057724214,3.4988726411443043
2026-03-13,汽车,-0.016944460808778365,1427.9168815356559,27.553973822535024,1.752843914451692,5.793057760549324
2026-03-16,汽车,-0.043759379087162376,1365.4321254115782,27.835086295363094,1.7672492929399208,3.315962634108515
2026-03-17,汽车,-0.004150776749263254,1359.7645214927227,28.030078058847426,1.7550056949868746,3.5183442318770854
2026-03-18,汽车,-0.006535602890987209,1350.877640554993,28.233088275259163,1.7532638774164577,3.6989401607722403
2026-03-19,汽车,0.0010261345747206718,1352.2638228081835,28.471608264873318,1.7459312900340793,7.769387822598171
2026-03-20,汽车,0.019596462818616385,1378.7634105328043,28.436138899839428,1.7501307359497147,1.1150524055262903
2026-03-23,汽车,0.027295357390588346,1416.3972505803636,28.49291847038348,1.7480701789548352,7.48242960950727
2026-03-24,汽车,-0.001714392679757278,1413.9689895023403,28.450920825151602,1.7649367611390097,7.033767293099756
2026-03-25,汽车,0.0003852453497857476,1414.5137144802873,28.60281580403374,1.7674939750314493,4.500436286131457
2026-03-26,汽车,-0.0015376940852237981,1412.338625108063,28.82732254393563,1.7734515194865415,3.7155455297520854
2026-03-27,汽车,-0.0031810599060832193,1407.845891333919,28.349878998160715,1.7740357585017799,5.639863202035109
2026-03-30,汽车,-0.01583676491048232,1385.5501669226753,28.250536812354458,1.7485896910031513,1.935691742052915
2026-03-31,汽车,0.007214244199163684,1395.5458641770474,28.089917369990978,1.758152634465814,2.565726484384572
2026-04-01,汽车,0.009421976155400774,1408.6946640330918,27.731776349157403,1.7523999705902011,3.323838665128632
2026-04-02,汽车,-0.022741415800490345,1376.6589529423832,27.78556778039553,1.7569387575525606,5.381231508771792
2026-04-03,汽车,0.019196405564403395,1403.085856526932,27.558370462140566,1.7612883756396849,6.491230268253654
2026-04-06,汽车,0.01702091029955454,1426.9676550334505,27.657267726561805,1.783236554795168,3.1852825177505766
2026-04-07,汽车,-0.011693969445532526,1410.2807388757262,27.804334926931503,1.7924067844225213,6.755014156992612
2026-04-08,汽车,0.009048758492654971,1423.0420286886558,27.496603818803596,1.7906596092195932,1.698065200462481
2026-04-09,汽车,0.007854620093951513,1434.2194832017312,27.567328591562372,1.7772739150646273,7.544275139623018
2026-04-10,汽车,0.006141365072896577,1443.027548642734,27.560581639128195,1.7804673133949531,5.163777024916398
2026-04-13,汽车,0.011151591469992492,1459.1196023451425,27.7493692684917,1.8050451605825997,7.23068896931369
2026-04-14,汽车,0.011086101129054306,1475.2955498161264,28.034352945214142,1.8057221036843982,3.990971956891294
2026-04-15,汽车,-0.023034694925038134,1441.3125669018455,27.924935723561397,1.8121671699061912,7.717891603857031
2026-04-16,汽车,0.01776396167893122,1466.9159881076516,27.887663827589453,1.8107701878406477,4.447095826065511
2026-04-17,汽车,-0.0029630912978414643,1462.5693821086254,27.805794214902754,1.8061204896983665,1.743012569749743
2026-04-20,汽车,-0.006327681590481746,1453.3147087546545,28.010928337799406,1.8042451466903542,5.7412511157303205
2026-04-21,汽车,0.02267592436128275,1486.2699631635148,28.203733374131037,1.8159274185451533,4.747782691978339
2026-04-22,汽车,0.004640180797072155,1493.1665245058514,28.342293985298205,1.8106998652728892,4.79030979189161
2026-04-23,汽车,0.00871217951205916,1506.1752593087438,28.312846876243157,1.8390648730605264,7.087318989149084
2026-04-24,汽车,0.012926846847050958,1525.645356210645,28.448667824884446,1.8577747362483097,7.875815855094919
2026-04-27,汽车,-0.032353285004531586,1476.285717185322,28.240404515659822,1.8497353687328506,7.83266625378042
2026-04-28,汽车,0.006959515098902094,1486.559949924367,28.084441092813314,1.8231554445946034,2.9232152270801603
2026-04-29,汽车,-0.009539770076746244,1472.378509796789,28.11067304324441,1.8297643554963408,2.305504083833627
2026-04-30,汽车,-0.00948718679137001,1458.4097798467478,28.27302258155978,1.82022463533043,1.653108248500775
2026-05-01,汽车,-0.005651922864601747,1450.1669602660731,28.26145424873225,1.8393752236002214,1.6307229580205982
2026-05-04,汽车,-0.014987409553054205,1428.4327141122578,28.14803613143757,1.8357815988471842,1.035469801480836
2026-05-05,汽车,0.026462616074750412,1466.232780614424,27.870199746926,1.8498017143771632,6.01624392895535
2026-05-06,汽车,-0.006936939170629089,1456.0616130053193,28.157915039370515,1.8375898728418787,7.583414158784748
2026-05-07,汽车,-0.003956138320839266,1450.3012318606059,28.026932852632676,1.8349901114876677,4.795369514202515
2026-05-08,汽车,-0.04820349437170877,1380.3916445933307,28.259831709457245,1.816814003837397,5.515591524708808
2026-05-11,汽车,-0.014154977280103974,1360.8522322264669,28.303424545962724,1.7849329135291396,4.437269288866858
2025-05-12,食品饮料,-0.005070842018721875,4663.6963438139455,22.239201074750426,0.8430848625364821,6.4604264625271774
2025-05-13,食品饮料,-0.02469858343757774,4548.509650538731,22.25500388849581,0.8595148000052959,7.999100067918937
2025-05-14,食品饮料,-0.01982524368472036,4458.334338314498,22.498635294688388,0.866498150163613,4.440179004976364
2025-05-15,食品饮料,0.016762627348155132,4533.067735421148,22.406229497230115,0.8679270775646231,4.199844019876309
2025-05-16,食品饮料,0.00016832480022764882,4533.830763142131,22.44153921438064,0.8646908177051935,1.3264901564806775
2025-05-19,食品饮料,-0.0110257477103655,4483.841888986232,22.21234499515998,0.8644052568595924,1.2005215191717964
2025-05-20,食品饮料,0.0259267732726817,4600.093441032532,21.974574653972333,0.8766134888966689,7.45284156976975
2025-05-21,食品饮料,0.028220493874386646,4729.910349806796,21.973886848151622,0.8815260102926445,6.046687173385706
2025-05-22,食品饮料,-0.011119065735899093,4677.318165702385,22.308768855662997,0.877589207277761,1.666147300561505
2025-05-23,食品饮料,0.009634086645447104,4722.379854179086,22.286074092226475,0.8796060331513085,1.3978734275587374
2025-05-26,食品饮料,-0.00036872017199154395,4720.638617467043,22.394872210974988,0.8911517578335753,4.503777739924878
2025-05-27,食品饮料,0.0048745144821113725,4743.649438772701,22.51048295435254,0.8942745218804612,4.005064425027093
2025-05-28,食品饮料,-0.0037422523494558915,4725.897505515459,22.433988437318305,0.9028646206813249,6.956515792032687
2025-05-29,食品饮料,-0.014199587787160612,4658.7917090127685,22.49956679180319,0.8948856928708385,3.883458395259139
2025-05-30,食品饮料,0.008234603375249139,4697.155010944388,22.532802406141187,0.8844145712839868,4.370926774441422
2025-06-02,食品饮料,-0.024609393394244717,4581.560875446309,22.534571454726926,0.8925038109610166,3.505774778917659
2025-06-03,食品饮料,0.01574578862880538,4653.701164581091,22.592220935085226,0.8985466702203113,5.991274926810422
2025-06-04,食品饮料,0.0033844942649071488,4669.451589483207,22.635702964135543,0.8963619607561566,5.629375158720078
2025-06-05,食品饮料,-0.013444780387495575,4606.671838332563,22.8010406548877,0.8991256969312782,1.981877131448
2025-06-06,食品饮料,-0.013061637115448818,4546.501162470306,22.772988960466765,0.8980940529356402,7.287911455770889
2025-06-09,食品饮料,-0.00028983855610464904,4545.183411138047,22.98921462661761,0.8987533137961717,1.4193329070235463
2025-06-10,食品饮料,-0.011008259627301153,4495.148852094537,22.833559805525795,0.9076446425254259,3.7059051161204484
2025-06-11,食品饮料,-0.006739671128219473,4464.853027159026,22.853914980194034,0.906336245981996,4.113620937256432
2025-06-12,食品饮料,0.014072393185651058,4527.684194473352,23.063717689078295,0.9122816206444662,3.6462153681201723
2025-06-13,食品饮料,0.014393655074229711,4592.854119053643,22.98382757096456,0.9016854797150902,1.8499103571836795
2025-06-16,食品饮料,0.010461574864021115,4640.902606259651,23.00857348306103,0.911145825406141,2.4328417223525327
2025-06-17,食品饮料,-0.01692123688340829,4562.372793906305,22.832748320300468,0.9133702835808117,1.0145644742340003
2025-06-18,食品饮料,0.0016126470376046343,4569.730290876845,22.967979093983175,0.9118029214184994,3.2945024841322974
2025-06-19,食品饮料,0.008466899061304338,4608.4217359870845,23.26070526294403,0.906199772885303,4.960660439303219
2025-06-20,食品饮料,-0.01474067410254838,4540.490493049799,23.488138051724427,0.9065145751509617,4.5354464892599715
2025-06-23,食品饮料,-0.01983537282539614,4450.428171309989,23.4285134446817,0.9037125150991417,3.8571526543108843
2025-06-24,食品饮料,-0.025210589218381076,4338.230254837182,23.269814443416116,0.9051136961100841,5.7155803154757026
2025-06-25,食品饮料,0.0001039887109529295,4338.681381809199,23.310932433784078,0.9102309082343811,6.9022853866014575
2025-06-26,食品饮料,-0.0016196300708437097,4331.654322975411,23.48400622451171,0.903241424935538,2.167132734637403
2025-06-27,食品饮料,-0.003173793093330274,4317.906548402457,23.113144552195227,0.8984062453227537,4.273606869316287
2025-06-30,食品饮料,0.0288826707149443,4442.619221417866,22.93981190901643,0.9098060440544624,2.50795332525097
2025-07-01,食品饮料,0.0007712675857923867,4446.045669619365,22.791691683058897,0.911825473260526,7.267063699094372
2025-07-02,食品饮料,0.010168286215912734,4491.254334517074,22.932958852905404,0.9091386320793355,5.039943844084803
2025-07-03,食品饮料,-0.0070053950873703264,4459.791323465918,23.0886270563849,0.9001496774973591,5.256493133893571
2025-07-04,食品饮料,0.0047775895187076155,4481.098375748532,22.947051331401312,0.8879285531288469,4.217281702415228
2025-07-07,食品饮料,0.015825000996250255,4552.011762009048,22.77838402223847,0.8783984587609763,1.202382762865901
2025-07-08,食品饮料,0.0007370390005376021,4555.366772208555,22.803558246963863,0.861425247826915,4.7756219117681935
2025-07-09,食品饮料,0.0004198386480519009,4557.279291235579,22.526697983301318,0.8524744963347909,4.247625792054092
2025-07-10,食品饮料,-0.012013070160780636,4502.532375367693,22.42396266335299,0.8605948247888807,2.069797244081246
2025-07-11,食品饮料,0.003149566126253675,4516.713398819512,22.54935312457819,0.8616695724566249,4.116953817860713
2025-07-14,食品饮料,0.01045791670897988,4563.9488113427,22.31728068542224,0.8718233734932002,3.1349686281188003
2025-07-15,食品饮料,-0.021104526701060417,4467.628831791444,22.05670502739375,0.8771759444424231,1.3568044817322296
2025-07-16,食品饮料,0.009218551822275099,4508.813899700004,22.385246685421546,0.875681386408779,3.0262878207077533
2025-07-17,食品饮料,-0.0036453346427971945,4492.377764193502,22.393100342864923,0.8813830727075628,6.0089874483115056
2025-07-18,食品饮料,-0.004602542623310887,4471.701404053788,22.296310998545195,0.8748047927930115,1.9035156571478065
2025-07-21,食品饮料,-0.009216324801362344,4430.48875149932,22.415423521378365,0.8660460739667181,4.187574134524945
2025-07-22,食品饮料,-0.015251426147342347,4362.917479509197,22.44171817381136,0.8701512779206877,1.1511293779987277
2025-07-23,食品饮料,0.00965161993375599,4405.02670082376,22.325319052731082,0.8689321489528952,6.544740455904707
2025-07-24,食品饮料,0.006973212368592597,4435.743887497924,22.37292049969287,0.8671320076986162,2.291415140150784
2025-07-25,食品饮料,-0.02322817857586646,4332.709636362314,22.44350685721386,0.8512946367559159,1.3733155288701226
2025-07-28,食品饮料,0.005581042159949242,4356.89067150967,22.76318368547447,0.847634707410962,7.323247736884781
2025-07-29,食品饮料,0.01181938452912726,4408.38643770761,22.87828317013712,0.8514476322302016,5.016209697812105
2025-07-30,食品饮料,0.008843430793934392,4447.3716980823965,22.693704580814877,0.8397109645352923,5.785707652176548
2025-07-31,食品饮料,0.004868925495012572,4469.025619528987,22.779828649173275,0.8264709993251185,2.191502444174034
2025-08-01,食品饮料,0.022815615489700472,4570.989189677781,22.70535276110256,0.8303737296760495,1.247932812966046
2025-08-04,食品饮料,-0.0013339952532638877,4564.89151179603,22.84236847913397,0.8390063000649786,2.746653003103066
2025-08-05,食品饮料,-0.01622038066041057,4490.847233801221,22.846320506853814,0.8367139978266565,5.382311293260016
2025-08-06,食品饮料,0.013596161518485377,4551.905518146826,22.76914440764885,0.8334316920007457,7.943694595622064
2025-08-07,食品饮料,-0.012396961110230512,4495.475722460916,22.676044980552717,0.8091941633895438,2.224625596305915
2025-08-08,食品饮料,0.03158147857426863,4637.44949267096,22.531319104593994,0.817908171757651,2.304556616513621
2025-08-11,食品饮料,0.010953193022291773,4688.244372095314,22.190269750743226,0.8169817473293758,4.679164928798615
2025-08-12,食品饮料,0.026759628086940098,4813.700047873274,22.227152797941873,0.8201556402434211,1.123419862538173
2025-08-13,食品饮料,0.033249647228866364,4973.7538763306375,22.33956024485871,0.8209818572963183,6.606207393354256
2025-08-14,食品饮料,0.007799546823635041,5012.546902578315,22.03766504992229,0.8152719728103238,4.242709018386655
2025-08-15,食品饮料,-0.005669546559106898,4984.12803453444,21.867228475829354,0.8134379760337905,7.405390108433081
2025-08-18,食品饮料,-0.003686260886209463,4965.755238308876,22.000416053943994,0.8214594343628103,6.374185668968963
2025-08-19,食品饮料,0.004148982313630948,4986.3580689664395,21.999897651745858,0.8145009631545942,7.449571818896631
2025-08-20,食品饮料,-0.03251762856498516,4824.213529387772,21.89760002897979,0.8150005533211495,3.8550407439796333
2025-08-21,食品饮料,0.007167532478213187,4858.791236541494,21.88300182738934,0.825991612914883,5.992771218758896
2025-08-22,食品饮料,0.018690925131024265,4949.606539770968,21.994231280708316,0.8343865512872543,2.6603604579375486
2025-08-25,食品饮料,0.005844889364698628,4978.5364423947185,22.100934046552926,0.8376747651339208,7.659838609971109
2025-08-26,食品饮料,0.006991438817720983,5013.343575333515,22.09955213400787,0.8296343862934998,5.063969165135513
2025-08-27,食品饮料,0.014245060712439955,5084.7589589364625,22.01628282307574,0.834881933855314,7.980046078307168
2025-08-28,食品饮料,0.014289798353486831,5157.41913913575,22.171231426771925,0.8288773086091767,4.859831324341304
2025-08-29,食品饮料,-0.013064140545406262,5090.041890650512,22.084813120742357,0.8302856048820193,6.7745368634855625
2025-09-01,食品饮料,0.01341210280226333,5158.310055755744,21.822206441510318,0.8318843352395571,3.3628416917022768
2025-09-02,食品饮料,0.004821925048047569,5183.183040219187,21.80873249016179,0.8354971338406441,3.7691942729487913
2025-09-03,食品饮料,-0.00021103436299755904,5182.089210487995,21.670796754797134,0.8360698244262442,3.0047760489930493
2025-09-04,食品饮料,0.013049976798041098,5249.715354450243,21.70443347283559,0.8511642455716814,5.034161739223396
2025-09-05,食品饮料,0.0026105682691769275,5263.42009477678,21.914667046966564,0.8507891561828322,5.511675949692521
2025-09-08,食品饮料,0.009081544748037374,5311.220079895215,22.023891681155746,0.8544349854496809,2.397536134269339
2025-09-09,食品饮料,-0.01633126847164098,5224.481118858476,22.332542642213518,0.8600579562630739,7.980645501113107
2025-09-10,食品饮料,-0.0024154425461880135,5211.861684882229,22.202903579888446,0.8625175168828022,6.158857170048062
2025-09-11,食品饮料,0.0052118937100735195,5239.025354015441,22.148699666913636,0.8672352058322039,1.617082509766094
2025-09-12,食品饮料,0.014005942418817273,5312.402841454505,22.33791276157525,0.8592789604195457,7.706794702295235
2025-09-15,食品饮料,-0.022763914487689697,5191.471757447474,22.32111246311728,0.8590120595159189,6.1979907751971925
2025-09-16,食品饮料,0.018423260452745515,5287.115593768001,22.155987680089957,0.8611239190428114,6.441611904473842
2025-09-17,食品饮料,0.027716469997101312,5433.655774493879,21.862512212761217,0.8654562076764714,6.138807107450933
2025-09-18,食品饮料,-0.0026497213524561717,5419.258100766306,21.86859077441005,0.866177190773187,7.080390858356722
2025-09-19,食品饮料,0.013944934301578569,5494.829298944789,21.843343585658957,0.8731318097480839,4.553619975158616
2025-09-22,食品饮料,-0.019492604096390892,5387.720766843209,21.46110588263068,0.8743567455076063,1.8856797342090459
2025-09-23,食品饮料,0.0038073147420164158,5408.233515544679,21.692790827725986,0.8775117298570783,6.383430313668196
2025-09-24,食品饮料,-0.018627236008077367,5307.493073463835,21.4383711473301,0.8775108054074079,4.993994963912716
2025-09-25,食品饮料,0.027076734104200383,5451.202652173901,21.601032776756885,0.8826176528972263,2.9006160441314996
2025-09-26,食品饮料,-0.0065863639721356225,5415.299047420813,21.468401219512224,0.8674792291147007,4.978539311933156
2025-09-29,食品饮料,0.0017357329752147935,5424.69856054807,21.470920299845428,0.8628176479526699,3.5758943485639554
2025-09-30,食品饮料,-0.03626681745957442,5227.9620080794575,21.65779292759681,0.8664200236896584,2.2933549189494986
2025-10-01,食品饮料,-0.003979971571368817,5207.154867911105,21.747689041555038,0.8679559993706473,4.770689717798032
2025-10-02,食品饮料,-0.04621433873637084,4966.509648992718,21.669880271106436,0.8677987665018281,3.583208294678185
2025-10-03,食品饮料,-0.0027444042661864984,4952.879538723966,21.750207250670165,0.8690448794524321,1.6005376178342556
2025-10-06,食品饮料,-0.009117388651678434,4907.722211024474,21.41684286357138,0.8795449344987865,4.103769660834086
2025-10-07,食品饮料,-0.003494352139132,4890.572901418115,21.423166030264316,0.8867318704413324,5.067759651889538
2025-10-08,食品饮料,-0.006778681437536216,4857.421265672355,21.32695772154285,0.8839456953972593,7.497016546269495
2025-10-09,食品饮料,-0.02232755386944757,4748.966930696455,21.09056388747884,0.8846389180166407,2.8626141510826475
2025-10-10,食品饮料,0.022939177194413504,4857.904324610111,20.84988121428579,0.8700047371268662,4.953100202792964
2025-10-13,食品饮料,-0.01709352915471074,4774.865595406593,20.818461970071006,0.8692009717915234,1.1709002037555547
2025-10-14,食品饮料,-0.005210567506743603,4749.985835886098,20.78187359893384,0.8772180238478284,6.014060313407868
2025-10-15,食品饮料,-0.010170022917441646,4701.6783710776135,20.95627519873171,0.8795346374181449,2.9744733718099368
2025-10-16,食品饮料,-0.003427268687934701,4685.564456015679,21.111200436320672,0.8684772040357335,1.6866605636868701
2025-10-17,食品饮料,-0.024482683676880196,4570.849263591414,20.89448990282095,0.8606270662648591,1.5227560297169673
2025-10-20,食品饮料,0.011000202977543776,4621.129533270676,20.826347024079958,0.8549547675226937,5.5198570786874255
2025-10-21,食品饮料,-0.005072700651383483,4597.687926477127,20.834075024667012,0.8458673262577018,2.677564931112664
2025-10-22,食品饮料,-0.008330585598955801,4559.386493648323,20.995127214650655,0.8360728857582957,7.23530576906294
2025-10-23,食品饮料,-0.007931253325718183,4523.224844357341,20.96863599225987,0.8414634631775714,5.595731489321013
2025-10-24,食品饮料,-0.003347998781441859,4508.081093090244,20.764679273065912,0.8323862432995826,3.503196679805219
2025-10-27,食品饮料,0.023409664746315173,4613.613760128689,20.829230064241862,0.844014960136469,2.8849916386609658
2025-10-28,食品饮料,0.017561329189907385,4694.634950125396,21.02077184147039,0.8485276260896204,7.266020157771974
2025-10-29,食品饮料,-0.01674228366393106,4616.0360400917925,20.886278567412614,0.8601588219797917,3.5308884710918313
2025-10-30,食品饮料,0.013522359826151624,4678.455740396397,21.032657256447617,0.8495026031162903,7.476083728733805
2025-10-31,食品饮料,0.012125321889037588,4735.183522192319,21.273225547111743,0.851237899753948,2.5001578351328213
2025-11-03,食品饮料,0.012857431617284368,4796.065820524199,21.21343332851551,0.8513587928749067,4.371938358908063
2025-11-04,食品饮料,-0.009527824442569803,4750.369747371235,21.07141336973228,0.8579240962597903,2.533467753017196
2025-11-05,食品饮料,0.002101559017131697,4760.352929748532,21.198403389931027,0.8487557919487076,7.199193663948847
2025-11-06,食品饮料,0.02791490004413673,4893.2377059572755,21.292124874639587,0.8586320381644008,1.0751728725858776
2025-11-07,食品饮料,-0.0020242470689110447,4883.332583873506,21.465493185596532,0.858577576250762,5.859571424279078
2025-11-10,食品饮料,0.011705753277390648,4940.495670271772,21.48148634449461,0.8574536951209977,3.3659722191834605
2025-11-11,食品饮料,-0.012306208610786736,4879.696899912719,21.42563801254148,0.8552931833651884,3.2974431799999566
2025-11-12,食品饮料,-0.005109270815106525,4854.76520695543,21.378043923504343,0.8609460680313807,6.070538945942529
2025-11-13,食品饮料,0.0027406620491406035,4868.070477715621,21.24536562786623,0.8638455469263304,6.923454389152741
2025-11-14,食品饮料,-3.924590465155048e-05,4867.879425885815,21.501709648459524,0.8621343922694028,2.3512711890564426
2025-11-17,食品饮料,-0.011334398690121884,4812.704939697383,21.521093044103736,0.8538884193973212,6.0323687072764764
2025-11-18,食品饮料,-0.009737757194601106,4765.839987545353,21.806504153064648,0.8534414730602785,4.607068063420119
2025-11-19,食品饮料,0.0035048493753637704,4782.543538848785,21.738976519586817,0.8639514786459849,6.264310358178389
2025-11-20,食品饮料,0.006755264331101282,4814.8508846287095,21.691034119810208,0.8619980824206389,1.4961985406638827
2025-11-21,食品饮料,-0.0041889212486141535,4794.6818534491795,21.34588045089324,0.868452538968512,2.431373651754057
2025-11-24,食品饮料,0.016624010834628934,4874.388696529518,21.358094058947298,0.8636840794617374,5.902139146201333
2025-11-25,食品饮料,-0.0035308513612379877,4857.177954565173,21.500764320772724,0.8695558900211638,1.3708515531181784
2025-11-26,食品饮料,0.024774217747046325,4977.510738847724,21.734311565990215,0.8645924526532489,2.209287757935059
2025-11-27,食品饮料,-0.023023925023462528,4862.908904793014,21.86925336410402,0.8686583551314061,6.427901604764965
2025-11-28,食品饮料,0.00897605303687558,4906.558633035931,21.551548748800492,0.8701130232794201,6.6661083071504414
2025-12-01,食品饮料,-0.008637685745464701,4864.17732147207,21.3998820842177,0.8739504537383396,5.803652196810726
2025-12-02,食品饮料,-0.01480208381859935,4792.17736105111,21.229692120283428,0.8865099661678006,1.7011970504100327
2025-12-03,食品饮料,0.0004493147204362055,4794.330556882372,21.379825642973717,0.897923557699515,2.349533050733741
2025-12-04,食品饮料,-0.02508238589302866,4674.077307755909,21.335074494640715,0.890613459639825,2.590544858699374
2025-12-05,食品饮料,0.006616534165259166,4705.003499953738,21.287509413423383,0.8796081764173741,5.8263571561001815
2025-12-08,食品饮料,0.0433112404701487,4908.783037953126,21.33839749842816,0.8879554168891768,2.0231574766828606
2025-12-09,食品饮料,-0.0022632067606224143,4897.673446995202,21.016012992303285,0.8803527039658495,4.7441517082731295
2025-12-10,食品饮料,0.012123890265109174,4957.05230242091,20.927945372288132,0.8936434870553575,7.041181727841231
2025-12-11,食品饮料,-0.0010981924102090434,4951.608505205382,21.110600968226787,0.9055309278145478,4.3351201540568
2025-12-12,食品饮料,0.01971645040198432,5049.236648708307,21.10216199859746,0.9051188304723472,6.965035886964064
2025-12-15,食品饮料,0.006017863151233936,5079.622263878429,21.240689557094505,0.9123801263913544,2.4204811999139175
2025-12-16,食品饮料,0.025488052283322845,5209.091941719693,21.539043171994233,0.9076862289349625,4.760765904023371
2025-12-17,食品饮料,-0.006954637899310887,5172.864593480815,21.657395385526467,0.9127383799322975,1.6720770847955597
2025-12-18,食品饮料,0.0030716307101691345,5188.753723225696,21.118121486179408,0.9143118932031431,3.8714350369847264
2025-12-19,食品饮料,-0.005654562236675489,5159.413592366935,21.303525531256867,0.9135575634916961,6.0288439438885195
2025-12-22,食品饮料,-0.007585385783772228,5120.277449850793,21.400717720314805,0.90512673541628,5.8096193047259295
2025-12-23,食品饮料,0.009292245496377036,5167.856324924371,21.148084345516086,0.9025802573414385,3.3570161809606653
2025-12-24,食品饮料,0.029409563433345123,5319.840723326648,21.188505417972,0.9030104206727959,3.9878898655828463
2025-12-25,食品饮料,-0.011232376945393297,5260.08626703279,20.79707676262141,0.903724333812499,3.3008817105208452
2025-12-26,食品饮料,-0.011616373864306587,5198.983138396432,20.781606664516232,0.8961821874223346,1.0236879060178419
2025-12-29,食品饮料,-0.01305984848383002,5131.0852063389875,20.744996201887165,0.8835824152598172,4.455042070705275
2025-12-30,食品饮料,0.004865585980521173,5156.05094258381,20.470368141567707,0.8803729159548095,5.9027550574470835
2025-12-31,食品饮料,0.010946453054861001,5212.491412175276,20.659634334290644,0.8570754317398742,4.481879656439983
2026-01-01,食品饮料,-0.002070443553636135,5201.699242932554,20.32340472956223,0.8488740655606427,4.497834220202842
2026-01-02,食品饮料,0.02907257543119798,5352.926036543116,20.36990724970312,0.8431083537802608,3.894783659204421
2026-01-05,食品饮料,0.022180691412477773,5471.657637113497,20.474578158672678,0.8281316889236556,4.173474765399368
2026-01-06,食品饮料,0.005185195572080052,5500.029252065396,20.582585946546452,0.8301258382053597,7.796945039666698
2026-01-07,食品饮料,0.008806516417168769,5548.465349968617,20.641341572480886,0.8308197340288125,2.1071892328659825
2026-01-08,食品饮料,0.0018140515433442614,5558.53055209992,20.54084436178514,0.8305098398285341,2.4843035353507172
2026-01-09,食品饮料,0.004303918598925164,5582.454015125796,20.897395747791872,0.8325968502585663,3.2062508686112228
2026-01-12,食品饮料,-0.004404910688251027,5557.863803767898,20.995149643638072,0.82532248548305,3.761869448755517
2026-01-13,食品饮料,-0.02189718814969795,5436.1622143463965,21.034320640369987,0.8229731631985459,3.557374845274903
2026-01-14,食品饮料,0.002892849523061923,5451.888213615456,21.34544998234753,0.8256356996607813,3.272373067849111
2026-01-15,食品饮料,-0.035988262268797165,5255.684230723699,21.213730192787565,0.8271714483353168,5.347858220382672
2026-01-16,食品饮料,0.0323406655169628,5425.656556492311,21.45804412893636,0.822262545498505,7.2534006696293405
2026-01-19,食品饮料,-0.0017103650218166764,5416.376703297697,21.30238014409279,0.8239921963309806,4.5765140361590335
2026-01-20,食品饮料,-0.010563379588000793,5359.161460189159,21.301616360651618,0.8321296596686482,6.243056379739347
2026-01-21,食品饮料,0.006617567908040659,5394.626075082115,21.368861121750204,0.8299759919877795,3.3977951596154563
2026-01-22,食品饮料,0.038105156274929074,5600.189144717926,21.30751943465009,0.8352984962887909,5.388269758675019
2026-01-23,食品饮料,-0.010980899980565945,5538.694027847528,21.31578925151496,0.8338568799551946,4.440347640929125
2026-01-26,食品饮料,-0.004398896120175736,5514.329888177588,21.415862881296285,0.8209815502360225,6.428470261452547
2026-01-27,食品饮料,0.006679948450544154,5551.16532756991,21.382265627273853,0.8249076196376132,6.639089744005393
2026-01-28,食品饮料,-0.03745333211560619,5343.255688927797,21.375653928169616,0.8250210203505549,4.271873501802254
2026-01-29,食品饮料,0.011061125761164562,5402.358112077085,21.173943506697242,0.8306434721123134,3.2735500955182104
2026-01-30,食品饮料,0.00317117925547399,5419.489958052746,21.255142066664586,0.8270175113815121,4.806531329509104
2026-02-02,食品饮料,0.011880241185886844,5483.874805858905,21.261917906600626,0.8187948000707919,3.7147476210741335
2026-02-03,食品饮料,0.0005951193312115283,5487.138365765815,21.293977305285935,0.8220982703709605,5.906874042152788
2026-02-04,食品饮料,0.005987322296483344,5519.9916316470535,21.144973925397142,0.8117305601597913,2.68720812635148
2026-02-05,食品饮料,0.0009570658052519208,5525.274626882981,21.020497087992528,0.8173162456586354,1.0563683513769684
2026-02-06,食品饮料,-0.009679481214325455,5471.792834928077,21.186423007325665,0.8232842874453948,7.534936181219132
2026-02-09,食品饮料,0.011394163904156145,5534.139339338835,21.339099350159497,0.8278553765940716,5.577424517913429
2026-02-10,食品饮料,-0.031390093020747,5360.4221906872135,21.592997011982256,0.8336381490884356,1.5766721735488742
2026-02-11,食品饮料,-0.013162475201961728,5289.865766530248,21.256426361789632,0.8287115792750747,1.9724923593900396
2026-02-12,食品饮料,-0.007902085591954154,5248.064794473178,21.237281724905085,0.8135050715101548,1.4408350810266248
2026-02-13,食品饮料,-0.01135340474665213,5188.481390724868,21.329625559902734,0.8179413466858406,7.8772819205068565
2026-02-16,食品饮料,0.03590581619246734,5374.778049858272,21.410589865868147,0.8280911650834645,6.955688665290856
2026-02-17,食品饮料,-0.009103964450015179,5325.846261565641,21.460904298435164,0.830254774915134,2.8937439089379238
2026-02-18,食品饮料,-0.007499696335084913,5285.904031876551,21.58155521408645,0.8316931783416923,3.215321721465008
2026-02-19,食品饮料,-0.004113762213881455,5264.159079604014,21.545858561499536,0.8307764138550878,3.246055315167788
2026-02-20,食品饮料,-0.012334018610316182,5199.230843548513,21.668129997914203,0.8334067304349465,6.49341242199669
2026-02-23,食品饮料,-0.014029328518134501,5126.289126002753,21.680802257812786,0.8273419818350617,1.5995527574078712
2026-02-24,食品饮料,0.021065637125839178,5234.2776725332615,21.602717547060674,0.833649514625016,2.5277418275809995
2026-02-25,食品饮料,-0.018163375125333708,5139.205523656881,21.368077690176484,0.8442616414642795,1.4420444133480443
2026-02-26,食品饮料,0.00834162010868843,5182.0748237957,21.46177899818653,0.8450248028888422,2.834657280259676
2026-02-27,食品饮料,0.013814177165701526,5253.660923497534,21.320264759474128,0.8503899619948913,6.581939799021781
2026-03-02,食品饮料,-0.012887669149084542,5185.953479694023,21.46179563828804,0.8437791830906132,6.684731772048629
2026-03-03,食品饮料,-0.015545111736351922,5105.337253392657,21.38509515270183,0.8448382862240246,7.846686835209993
2026-03-04,食品饮料,-0.012539214428651373,5041.320334841785,21.34200114914321,0.853407641785766,4.75634631998471
2026-03-05,食品饮料,-0.011481092730537292,4983.440468593122,21.25499979802471,0.8339912957351705,4.653509669626321
2026-03-06,食品饮料,-0.020743436953542863,4880.066785421127,21.275617955535566,0.8375171566784402,5.240402856356616
2026-03-09,食品饮料,0.006695695679059199,4912.7422275097915,21.328932654053965,0.8379589041551894,4.654586664135936
2026-03-10,食品饮料,-0.03962623026819235,4718.068772754216,21.432002188827756,0.8314217792907036,7.320837065322197
2026-03-11,食品饮料,-0.013186974515734863,4655.851720084422,21.59272613680941,0.841282069307392,3.2533753450727527
2026-03-12,食品饮料,0.014269844004370097,4722.289997837504,21.628999877343357,0.8501917485841112,7.082995855662619
2026-03-13,食品饮料,0.007873332927830072,4759.4701591722405,21.692231279612418,0.8493654499072727,7.229720851307228
2026-03-16,食品饮料,-0.012700037126834526,4699.024711446692,21.897619476376732,0.8486190028312866,3.290247666135225
2026-03-17,食品饮料,0.011256060059265077,4751.917215818707,21.84525133743914,0.8580475001038116,2.656504835173309
2026-03-18,食品饮料,-0.00513320006786059,4727.524674043998,21.8628560316339,0.8622087543666148,6.315264980048813
2026-03-19,食品饮料,-3.798877680270295e-05,4727.345081164326,21.707577041529834,0.8615999644219361,4.1032400453535605
2026-03-20,食品饮料,-0.002856392702416304,4713.841927172684,21.801619908628222,0.8562811038569274,2.291583969190981
2026-03-23,食品饮料,0.01979420713592304,4807.148690685139,21.58762991475201,0.8680108378712376,7.728455308560018
2026-03-24,食品饮料,-0.001728265515776946,4798.840661373815,21.648427434930916,0.8635378866544114,2.6124090894248018
2026-03-25,食品饮料,-0.0064968171738257205,4767.663470950549,21.634271670932193,0.8607450100093934,3.3939006370158946
2026-03-26,食品饮料,-0.0120510689779735,4710.20802959836,21.681059172760044,0.8638210503150675,7.805280777309288
2026-03-27,食品饮料,-0.021349776882688687,4609.646139095386,21.776639710047036,0.8554897910134464,3.2854602936427613
2026-03-30,食品饮料,-0.017098902590128882,4530.82624878803,21.839125548821297,0.8692713780551079,3.69796924660651
2026-03-31,食品饮料,-0.0043579514422169546,4511.08112800269,21.801098368686265,0.8670842885324967,6.069597661147853
2026-04-01,食品饮料,0.003675049085280902,4527.659572575784,21.68244205187165,0.8658194528191485,6.6891103460211
2026-04-02,食品饮料,-0.021943457204640977,4428.307068507785,21.759609848681116,0.8702671396689095,5.965645512169224
2026-04-03,食品饮料,-0.011194776412500667,4378.733160989944,21.70680416386256,0.8692509948853353,7.006546505574606
2026-04-06,食品饮料,-0.014662911310250723,4314.528184999094,21.601454281021365,0.8754213484724458,1.3048260449036273
2026-04-07,食品饮料,0.0007211185030853633,4317.63947110538,21.67164325222055,0.8858538167005735,3.9781438158627185
2026-04-08,食品饮料,-0.007750161381699489,4284.1770684163175,21.601815953787888,0.8876665163499752,4.065902150933762
2026-04-09,食品饮料,0.009576151955061092,4325.20299902586,21.87256511734588,0.89098498803749,6.41122329094002
2026-04-10,食品饮料,-0.00185747366311175,4317.1690483675575,22.010322678586206,0.8976443810329111,3.9100952949567125
2026-04-13,食品饮料,-0.020529441774805066,4228.539977757105,21.74169462718404,0.9105966612554344,2.0709705067472215
2026-04-14,食品饮料,0.029074107697805846,4351.481004474892,21.688078455096814,0.9103640301061451,2.1566652314728065
2026-04-15,食品饮料,0.02168117905856845,4445.826243302871,21.92674593660593,0.9073787387224178,3.89001489431951
2026-04-16,食品饮料,0.0012629749558270471,4451.441210506121,22.26541036169982,0.9127354304236256,1.5894941784948093
2026-04-17,食品饮料,-0.009472134045902249,4409.276562662753,22.00523588889864,0.9136473428580435,1.4694593997896295
2026-04-20,食品饮料,-0.009826495459731549,4365.948826539047,22.793742332979217,0.9210926514737433,6.094540420850278
2026-04-21,食品饮料,0.013116469835100097,4423.214662623937,23.114862622816947,0.912180758294643,5.038616698507722
2026-04-22,食品饮料,0.027696712225976736,4545.723166248354,22.84135105720691,0.9040817644793825,5.38455575516634
2026-04-23,食品饮料,-0.014856817231954545,4478.18818798034,22.928574220141392,0.9115409168394526,4.208896822545384
2026-04-24,食品饮料,0.028770198231224564,4607.0265498652625,22.92738897902602,0.9257997956537678,3.3168324860622986
2026-04-27,食品饮料,0.022522019408603027,4710.786091237278,22.778586788473696,0.9252597879808676,3.5014408416521476
2026-04-28,食品饮料,0.0032975843771874554,4726.320305856014,22.7948467426862,0.9257262496265649,5.246355762667075
2026-04-29,食品饮料,0.008055271120687468,4764.392097322894,22.900471304719876,0.918823761689814,1.4946115487207037
2026-04-30,食品饮料,0.014561147678482848,4833.7671142502095,22.676156649742644,0.9167560873531313,6.823092865456746
2026-05-01,食品饮料,-0.0015780135104329625,4826.139364437636,22.602801037991835,0.9154686103689141,1.5235171515200563
2026-05-04,食品饮料,-0.010605825382007073,4774.95417306918,22.502372200191704,0.9102693409119706,6.632870495278827
2026-05-05,食品饮料,0.016580831171582024,4854.126882064881,22.497236896368197,0.9007545241040604,5.816259934871901
2026-05-06,食品饮料,0.01688091020049736,4936.068962062839,22.79804368650864,0.9081565036626837,1.5452563591660993
2026-05-07,食品饮料,-5.2019739666106214e-05,4935.812189040459,22.55096001024881,0.913609046485974,2.3316791866615927
2026-05-08,食品饮料,0.03380918180261423,5102.687960683287,22.404363523161468,0.9075611245202969,5.294915133680597
2026-05-11,食品饮料,-0.01545881470373475,5023.806453008106,22.43161845991324,0.9103773790219021,6.48032900509192
2025-05-12,纺织服装,-0.002719620468714888,2460.5304215858473,16.99028366341485,2.2474284867800143,1.9172954640180269
2025-05-13,纺织服装,-0.015503177541647485,2422.384381613377,16.85870413840125,2.2372601716680114,7.520775311102726
2025-05-14,纺织服装,0.009623120176945086,2445.6952776323974,16.89355468296968,2.2372077084806627,2.6402337563361837
2025-05-15,纺织服装,0.007356865546818652,2463.687928958428,16.814274482917124,2.2256025996094975,5.96015315335402
2025-05-16,纺织服装,0.024423588889577325,2523.8600300875232,16.97964209006585,2.205231815900251,6.641614220999072
2025-05-19,纺织服装,0.022337144681545008,2580.235856735557,16.848899004233566,2.2066789759813923,6.579695149471417
2025-05-20,纺织服装,-0.004021947625740193,2569.8582832577094,16.51871557344951,2.223045524967557,5.696961374198212
2025-05-21,纺织服装,-0.0104065087881432,2543.1150304487055,16.352300013094176,2.230178091976912,2.5449246438563398
2025-05-22,纺织服装,0.015316903567094699,2582.0676781301177,16.29113632172565,2.253679636276615,4.0760959690684135
2025-05-23,纺织服装,-0.010167949401204237,2555.8133446284055,16.36267115948891,2.2465744067779827,5.352768604140422
2025-05-26,纺织服装,0.0078725449869844,2575.9341001623275,16.502822023220755,2.220406567879834,1.490246577318155
2025-05-27,纺织服装,-0.005908029426170465,2560.715405698693,16.537079085910282,2.2207404493849197,6.166292635099444
2025-05-28,纺织服装,0.014761768314157141,2598.51609323611,16.46931028833013,2.207176644216754,1.100152428559643
2025-05-29,纺织服装,0.014306848675612953,2635.6926697631843,16.4024407589095,2.2219047026267362,2.9963679839909427
2025-05-30,纺织服装,0.007824146467851456,2656.314715255654,16.578776370019227,2.224778583688121,2.6345830101528525
2025-06-02,纺织服装,-0.024037661948632563,2592.4631201011603,16.51945815742039,2.246468665781313,6.8358805189581835
2025-06-03,纺织服装,0.017359183555837033,2637.4661632647344,16.464242301790428,2.234090941216756,5.308418935398603
2025-06-04,纺织服装,-0.028563469285322676,2562.130979519244,16.502707476857278,2.2832191803748407,6.875757797839385
2025-06-05,纺织服装,0.0012159559042418985,2565.246417811232,16.649632303121752,2.287438850979022,3.478461032555086
2025-06-06,纺织服装,-0.013647366142115288,2530.2375607026124,16.38284546621794,2.279811767654402,3.8330771801145493
2025-06-09,纺织服装,0.005465017313372742,2544.065352778798,16.541631964184482,2.262652101010884,3.3512878908190498
2025-06-10,纺织服装,-0.013354515453885296,2510.0905927094195,16.57795923898556,2.2593409667270676,5.479275052582764
2025-06-11,纺织服装,-0.010421156094187806,2483.932546832242,16.486626769445,2.250188184616722,6.84217017039822
2025-06-12,纺织服装,-0.023103358344217628,2426.545363099912,16.572975608120807,2.2603626394201344,4.628787335515781
2025-06-13,纺织服装,-0.0037177797819699008,2417.524001808946,16.654858027532303,2.2691479352752184,4.775480912048275
2025-06-16,纺织服装,-0.011786678868409553,2389.0294227429517,16.590367802677314,2.2837573894017438,5.583989670177281
2025-06-17,纺织服装,0.001846301019133546,2393.4402902009024,16.529236482035458,2.2682013187041385,2.5078749368349817
2025-06-18,纺织服装,0.021342471469776435,2444.522221309129,16.69535151944387,2.2707757824112194,3.264831508076556
2025-06-19,纺织服装,-0.01259317314811285,2413.7379297117736,16.567800990067916,2.2681045405969615,1.0252296792180102
2025-06-20,纺织服装,0.007239616886298419,2431.212467586814,16.66104371552456,2.2861479523893298,1.8999778522207822
2025-06-23,纺织服装,0.0007229326416718298,2432.970070438472,16.681894794122556,2.2421671515376693,7.290709288945465
2025-06-24,纺织服装,0.00043872444576005667,2434.0374738841756,16.573034614303975,2.224680323022379,1.8568756468059684
2025-06-25,纺织服装,0.008196554150521226,2453.988193843265,16.764714104824463,2.201106309779759,5.558178723889587
2025-06-26,纺织服装,0.007897208058492346,2473.367849183129,16.674557647110795,2.223217347579418,6.609430007731985
2025-06-27,纺织服装,0.018751578342533097,2519.747400176989,16.57791695761073,2.2241978434394682,7.786685924479206
2025-06-30,纺织服装,-0.00733586121580088,2501.262882950415,16.484704925547305,2.2225209078112664,7.113389153232198
2025-07-01,纺织服装,-0.0293772275159791,2427.7827141607067,16.639896340078757,2.1905343719669474,3.4515059109205666
2025-07-02,纺织服装,0.003956638902739292,2437.388573694953,16.729614022169002,2.1639334142774467,7.509745030463569
2025-07-03,纺织服装,-0.0017071062217916854,2433.227692495874,16.882811008383964,2.158918724416307,2.766149985310466
2025-07-04,纺织服装,0.018649661906966784,2478.606566303591,16.934016389551324,2.149718257596792,7.550689309379085
2025-07-07,纺织服装,-0.001872522194198489,2473.9653204975016,16.934460183667902,2.134955916787081,3.9133136265358703
2025-07-08,纺织服装,-0.003941581719036351,2464.2139840166988,16.893955122875525,2.159120887352213,4.023475849421458
2025-07-09,纺织服装,0.03149938423012159,2541.8352071244794,17.090002809211327,2.151589839665498,6.751698850576112
2025-07-10,纺织服装,0.012358906988689492,2573.2495120299072,16.848245782452878,2.1616504807779164,3.0658823080425397
2025-07-11,纺织服装,0.019990531637344395,2624.690137810922,16.646977583623304,2.1628575947553577,5.024388089245303
2025-07-14,纺织服装,-0.0004705422361267782,2623.4551102443365,16.73608222973017,2.155574239898978,1.2562680108954059
2025-07-15,纺织服装,-0.014722091404146787,2584.832364316643,16.713843623169943,2.1756659061527763,5.361497233817634
2025-07-16,纺织服装,-0.0040889971710021365,2574.262992091438,16.604653683321374,2.1979668236254817,7.6107838650709905
2025-07-17,纺织服装,-0.009226135959432608,2550.5124917310663,16.828031224282437,2.2119209961246247,5.0348328540477425
2025-07-18,纺织服装,-0.0018907059438966916,2545.6902226029674,16.7376471357302,2.24147392223822,2.565849353352999
2025-07-21,纺织服装,0.011106610602733179,2573.9642126206036,16.93951219233126,2.2838162795592876,2.4579991024496355
2025-07-22,纺织服装,0.0005835172819188677,2575.4661652217083,16.895775110044337,2.296731649616566,3.842040412974531
2025-07-23,纺织服装,0.006049975812107836,2591.0476732262014,17.06669389039956,2.3109875749374904,4.752174726839355
2025-07-24,纺织服装,0.0015070412832471217,2594.9524890366147,16.98607891531579,2.3113436391284745,1.4859187101309634
2025-07-25,纺织服装,-0.012275384339799507,2563.098449890171,16.656741563983356,2.3176748596057117,5.266511174734068
2025-07-28,纺织服装,0.016437655891433655,2605.229780225333,16.76958815552447,2.308107005850024,2.1608098322764566
2025-07-29,纺织服装,-0.013585296866034127,2569.8369602567386,16.63804129093925,2.2877101535901825,5.736608131464892
2025-07-30,纺织服装,0.010212633837226077,2596.0817641532108,16.74765884571464,2.288025300904209,7.016973121677798
2025-07-31,纺织服装,0.0013412487622229408,2599.5637556060105,16.779413072220848,2.3074759261435664,5.359732460007381
2025-08-01,纺织服装,0.02261504931341729,2658.353018132413,16.798693400968013,2.2860848293103113,3.70247553416208
2025-08-04,纺织服装,0.016659519334288844,2702.6399016353553,16.439642933531204,2.2798810695870406,1.444146926136225
2025-08-05,纺织服装,-0.013256429507225167,2666.8125462959124,16.50444345804153,2.274335208580775,4.378970323673993
2025-08-06,纺织服装,-0.0045061275234735375,2654.795548881104,16.374065757418794,2.2707392479713744,1.3642089286489152
2025-08-07,纺织服装,-0.0035986892076130374,2645.2417647909265,16.54995950392287,2.2658252718850096,5.101784250899269
2025-08-08,纺织服装,-0.018834895886613603,2595.4189115561676,16.609634105997447,2.2832219096324806,1.614993290285602
2025-08-11,纺织服装,-0.006309332456087162,2579.043550780344,16.602650862795514,2.304288335379482,6.86003201927582
2025-08-12,纺织服装,-0.016689664952085525,2536.000178020983,16.43376085243072,2.3187557508777212,2.6075127459310274
2025-08-13,纺织服装,0.01059286811895458,2562.863693456405,16.453724262965416,2.3060292779966884,6.05918537440135
2025-08-14,纺织服装,-0.0012920860416929273,2559.5522530513285,16.517210421544696,2.307359165157069,3.027872144191403
2025-08-15,纺织服装,-0.004788596925024534,2547.2955890029275,16.45395714464983,2.255974900019653,1.4515882751662368
2025-08-18,纺织服装,-0.04039235499657405,2444.404321290714,16.386184491655868,2.2725892294051606,2.296510027053927
2025-08-19,纺织服装,0.020348433519447234,2494.144120117148,16.299606792302264,2.2584181592630896,2.2526530820802413
2025-08-20,纺织服装,0.017339734802731176,2537.3919177197704,16.512050406057362,2.227911865332347,7.377516298345355
2025-08-21,纺织服装,-0.011971978009350742,2507.014317479725,16.511591079162397,2.2369280349779124,3.031403468545902
2025-08-22,纺织服装,-0.007125506302837129,2489.1505711592204,16.559001868541838,2.2487966100072567,1.8743276123901715
2025-08-25,纺织服装,0.008483927387195457,2510.2683438607314,16.558117144512572,2.2620297327859475,2.722518995937799
2025-08-26,纺织服装,-0.02523579236050674,2446.919733165909,16.78819188725635,2.255611405402665,5.647228849743134
2025-08-27,纺织服装,-0.020296949065546993,2397.2547279743585,16.760226424822243,2.2459330996775004,1.1245642300897765
2025-08-28,纺织服装,0.01119872708844505,2424.100929434428,16.934574284100453,2.2470634280473774,6.434572232593391
2025-08-29,纺织服装,-0.004807481116902746,2412.4471099907055,16.82571464605356,2.2965568787893504,1.3140722414381987
2025-09-01,纺织服装,-0.030294603223557984,2339.3629819957177,17.012798852513836,2.2875232968186294,5.785065833272968
2025-09-02,纺织服装,0.021133458045579045,2388.801811429105,17.207429407391448,2.2912025065451522,5.272878425855662
2025-09-03,纺织服装,0.027046860497560655,2453.411400779148,17.309672244581137,2.269023062000393,3.199890687546458
2025-09-04,纺织服装,-0.020883683657608027,2402.1751332033073,17.198418209163513,2.27816516713924,1.0911769621904708
2025-09-05,纺织服装,0.00943932633566083,2424.850048201023,17.2168466989593,2.302198923095804,5.709534966262211
2025-09-08,纺织服装,0.00784927500114031,2443.8833630658814,17.46752878182479,2.301805479649168,6.768728866986553
2025-09-09,纺织服装,-0.0100390910832709,2419.3489953871726,17.307296613293282,2.297027518894397,7.195451856416673
2025-09-10,纺织服装,-0.022282371683601834,2365.440161839607,17.14001225135131,2.269650569783381,7.022570642703522
2025-09-11,纺织服装,0.044239623119571636,2470.08634311129,17.314612832649768,2.269106408820057,5.770902742405767
2025-09-12,纺织服装,0.017321351370475385,2512.871576575733,17.295418874647634,2.222500126603869,7.760135908653607
2025-09-15,纺织服装,0.00122424913907958,2515.947957439973,17.29166435293236,2.206531886272905,5.911724418893365
2025-09-16,纺织服装,0.024025069358410256,2576.393781619619,17.355609249928335,2.2250116620000395,3.549362909043188
2025-09-17,纺织服装,0.013959773418150422,2612.3596550469606,17.35581882226705,2.2021540365159336,1.842286601782745
2025-09-18,纺织服装,0.025083968824692437,2677.888003193043,17.195382182610782,2.1568751501275516,4.490186226779108
2025-09-19,纺织服装,0.003944390384070928,2688.4506388824566,17.32229537826277,2.1415000723829642,1.2036133301228205
2025-09-22,纺织服装,0.02360829439875431,2751.920373041713,17.400755314258088,2.158064719638711,6.911569427870999
2025-09-23,纺织服装,-0.015011324997739139,2710.6104019540844,17.43957548332692,2.1641924136036526,3.4579646951695944
2025-09-24,纺织服装,-0.00102884612269835,2707.821600951888,17.27194134562736,2.1410490232548,1.3612178017628611
2025-09-25,纺织服装,-0.0025916427213394516,2700.803894809095,17.240017694416025,2.1568773352059805,5.514875834371993
2025-09-26,纺织服装,0.022740467995162952,2762.221439340213,17.069361698331818,2.1476839783608224,6.0422414930022335
2025-09-29,纺织服装,-0.004748258277402747,2749.105698526846,17.10814162483257,2.1192483522222987,2.176748028442936
2025-09-30,纺织服装,-0.0011011667086799765,2746.078474852986,17.14605249080106,2.148133319944127,2.513297326650674
2025-10-01,纺织服装,0.03332375643495261,2837.588125100253,17.048219582862757,2.1363264047562724,3.8074851745974776
2025-10-02,纺织服装,-0.002807406480347151,2829.6218618092903,16.82997655618383,2.148401276626411,6.93565402309191
2025-10-03,纺织服装,-0.005570500132863249,2813.859452852129,16.693967898512,2.144122156989134,1.2776291348198932
2025-10-06,纺织服装,-0.014519481448828753,2773.003672726831,16.604548018168867,2.1178063858640113,4.347157542936841
2025-10-07,纺织服装,-0.025808685954654617,2701.4360917863205,16.649277081502788,2.139191600902983,3.213246356133459
2025-10-08,纺织服装,0.04864743690214291,2832.854033606667,16.672501835765093,2.1607803052683594,3.325888031225815
2025-10-09,纺织服装,-0.021587881694684213,2771.6987158708575,16.564840495468065,2.17609638949062,3.3037240173343805
2025-10-10,纺织服装,0.004613075298944122,2784.4847707531567,16.675060709640324,2.1727802675766736,6.298066913704732
2025-10-13,纺织服装,0.02275792529161256,2847.85386714159,16.34261059770744,2.1748351592409367,2.7877816191511164
2025-10-14,纺织服装,0.01395152406086559,2887.585768890845,16.433878647562224,2.126910115366294,1.6770388348579068
2025-10-15,纺织服装,-0.007105008338361572,2867.069447925141,16.473831084030888,2.1486786605541655,4.272992531293078
2025-10-16,纺织服装,-0.005789895750695612,2850.4694147116497,16.414999936305673,2.1652763189619595,7.703454057989048
2025-10-17,纺织服装,0.00567243183413247,2866.6385081618814,16.485747394390923,2.1763939000117385,4.5352013997089955
2025-10-20,纺织服装,0.0002486651611729903,2867.3513412885386,16.147118917048097,2.151673106801408,3.3441269329306516
2025-10-21,纺织服装,-0.03566862801882008,2765.076852896853,16.3665328418905,2.158856311885348,5.19208984058789
2025-10-22,纺织服装,-0.0046871767373460075,2752.116448994981,16.241040895685728,2.1489245677530238,3.8231692159503803
2025-10-23,纺织服装,0.014613375125231908,2792.334159052466,16.23181995118881,2.1186828005309426,6.198439980072646
2025-10-24,纺织服装,0.007810653241451321,2814.144112903084,16.069281252334143,2.119049002947571,5.037738513138765
2025-10-27,纺织服装,-0.026652285492950265,2739.1407405876857,16.231811694783424,2.1179704228241554,6.2645560627070545
2025-10-28,纺织服装,-0.01278706393887824,2704.1151728002046,16.067242294900165,2.106629011510594,7.519658034896674
2025-10-29,纺织服装,0.00727713648880601,2723.793387994123,16.208271235240304,2.110761622798428,1.8089395753133521
2025-10-30,纺织服装,-0.012349335244928192,2690.1563503078646,16.112828477568836,2.07490605536223,5.981670238899751
2025-10-31,纺织服装,0.01226616456385365,2723.1542508032367,16.252586666505653,2.0750100702353826,6.465702417597069
2025-11-03,纺织服装,-0.01649834584715591,2678.2267101783323,16.307791515072157,2.0696716887662063,1.3708024237425758
2025-11-04,纺织服装,0.008207301053778532,2700.2077230790364,16.4774790912042,2.088535408778745,6.476560566058118
2025-11-05,纺织服装,-0.01409456537407311,2662.149468802522,16.45349507395598,2.098511191221395,5.802117151859685
2025-11-06,纺织服装,0.009121920598649106,2686.433384878674,16.77222759105153,2.103757217347842,2.2480528314558663
2025-11-07,纺织服装,-0.02648172594872775,2615.291992200804,16.80665458687476,2.115690229404965,4.34518096242393
2025-11-10,纺织服装,-0.0029064521730495434,2607.690771106913,16.98507322975216,2.09949887523162,5.827820764636037
2025-11-11,纺织服装,-0.005135160208720681,2594.2998612224765,16.72591878711129,2.0961098746228948,4.274826375602197
2025-11-12,纺织服装,0.03592973554112874,2687.512369150587,16.75635557950568,2.1070878553976247,7.953916935749902
2025-11-13,纺织服装,-0.023902869195442638,2623.2731125296464,16.769503346707967,2.12443085985048,7.932621660770485
2025-11-14,纺织服装,-0.014293875814900428,2585.7763724305805,16.85911367575403,2.095430251357992,3.408095957898324
2025-11-17,纺织服装,-0.014399558375391657,2548.542334610058,16.923557860713817,2.120188548031956,1.2666489811266999
2025-11-18,纺织服装,-0.005379208970418564,2534.833192822232,17.01709600710448,2.12317340186407,2.570118387774822
2025-11-19,纺织服装,-0.022399661833806307,2478.0537864979065,17.10811196093624,2.098576441820484,1.2858348174714438
2025-11-20,纺织服装,0.004794314759695948,2489.9343563418342,16.784024200378358,2.115785765763125,5.820213134212777
2025-11-21,纺织服装,-0.0011630152128609922,2487.0385248063835,16.728607477418617,2.0866264721242764,4.002761829807346
2025-11-24,纺织服装,0.03213733793614892,2566.9653223383075,16.748187439176093,2.0743196047731396,5.170844278305057
2025-11-25,纺织服装,0.0018274750889464347,2571.65638751907,16.722942313826287,2.081217354234283,7.578786498509735
2025-11-26,纺织服装,-0.012113009011146925,2540.505890523478,16.574968562354112,2.1031796283225463,4.5097143760341885
2025-11-27,纺织服装,0.00991111289899654,2565.685131225022,16.54311692647199,2.1188443096576464,6.829299391097264
2025-11-28,纺织服装,-0.014560471258756693,2528.3275466128007,16.612105346629566,2.116265491593428,2.7089808308649936
2025-12-01,纺织服装,0.003948784910365107,2538.311368277326,16.614799417089653,2.0903247868429937,6.81333920080637
2025-12-02,纺织服装,0.0025456578798892454,2544.773040613594,16.46108723161581,2.1025455712127816,7.5489589214155375
2025-12-03,纺织服装,0.0066216109017745205,2561.6235375218625,16.543422754805665,2.122132479492776,4.035340597189361
2025-12-04,纺织服装,0.0052579163376284275,2575.0923397706524,16.460889552197035,2.1220840563228895,5.302526427380327
2025-12-05,纺织服装,-0.005328593639599572,2561.3707191075687,16.607909098184077,2.1384451185918776,4.906759088515669
2025-12-08,纺织服装,-0.015373460957378819,2521.9935863599953,16.71099738588931,2.1478072389008753,7.212396306951351
2025-12-09,纺织服装,-0.003256793525827214,2513.77997397576,16.647360570961265,2.1461268804795495,1.3394815822575672
2025-12-10,纺织服装,0.01294832969331337,2546.329225855247,16.457945546329473,2.177313032595188,6.020980803524747
2025-12-11,纺织服装,0.017341380476242178,2590.486089778578,16.32571052755417,2.1701906728289244,1.527240297811879
2025-12-12,纺织服装,0.01685668916283948,2634.1531085746346,16.390543319412277,2.1826285979372675,5.66099580840514
2025-12-15,纺织服装,0.00876281846172652,2657.2357140654667,16.271929387614488,2.198916746789495,7.95105625398915
2025-12-16,纺织服装,-0.007808158235102887,2636.487597142077,16.194805795679983,2.205178403488385,7.79434591980792
2025-12-17,纺织服装,0.034546195767100024,2727.5682138104785,16.23498884352399,2.2075851690353967,3.215855596343367
2025-12-18,纺织服装,0.013618923004422604,2764.714755303674,16.180541842020894,2.2216692818762533,3.3575495210806916
2025-12-19,纺织服装,0.00040967935429527344,2765.8474018594375,16.161825904112668,2.254076486642575,5.387625411718311
2025-12-22,纺织服装,0.008021980455527945,2788.0349756601267,16.16245702220126,2.234625573894942,7.367738453335591
2025-12-23,纺织服装,0.012698834488981297,2823.439770365526,16.046158708121236,2.208831048231981,1.7148658861414936
2025-12-24,纺织服装,-0.004216741705373527,2811.5340541332152,16.116840748887736,2.2142708483612146,6.638688036835234
2025-12-25,纺织服装,-0.0024489054069606027,2804.6488731861946,16.16774676003538,2.204950267220769,7.3912316863765355
2025-12-26,纺织服装,0.02974010505229389,2888.0594253095496,16.239135295802505,2.2388894526569834,1.2386850316672726
2025-12-29,纺织服装,-0.0008425892496853245,2885.6259774853315,16.086382067066356,2.236192333311381,6.76501994145915
2025-12-30,纺织服装,-0.006822365122713669,2865.9391834593393,15.841830344947935,2.262415626962107,4.368010518571828
2025-12-31,纺织服装,-0.005548970325036838,2850.036171976963,15.870452329104824,2.237953530313241,7.629618273268865
2026-01-01,纺织服装,0.006420507709759179,2868.3348511922336,15.742341446434073,2.259121887528849,1.5035320603695608
2026-01-02,纺织服装,-0.005302604766107084,2853.1252051395104,15.664116517738773,2.2420797339781346,5.387110606821497
2026-01-05,纺织服装,-0.011117637202207807,2821.4051942162946,15.710705622817457,2.23914470819128,5.992181341001982
2026-01-06,纺织服装,0.007052948845526924,2841.3044207236057,15.519021736660058,2.2415301405109993,6.923598261807878
2026-01-07,纺织服装,-0.0056985453950075034,2825.1131185010768,15.668516813283802,2.2141235507396844,5.82896140122411
2026-01-08,纺织服装,0.008587924860630002,2849.374977685544,15.775781639384832,2.2057106481391844,2.5216957299409204
2026-01-09,纺织服装,0.0007578991793100407,2851.534516642678,15.60077196150401,2.217009532491586,2.6895944660280273
2026-01-12,纺织服装,-0.010612993747496897,2821.271198646778,15.68065491320616,2.246950814720613,7.90374899530319
2026-01-13,纺织服装,-0.008838757197710614,2796.334667533045,15.853737990151282,2.24755375420099,2.525988130719042
2026-01-14,纺织服装,-0.006124821507903304,2779.207616818043,15.67330552393572,2.29167662681629,5.0303800708659905
2026-01-15,纺织服装,0.008476866785825805,2802.7665895559617,15.68096880519955,2.3133179074237797,3.2387420076059255
2026-01-16,纺织服装,0.0028688151511873654,2810.8072088133213,15.528481643683191,2.266254043300104,2.951096303347658
2026-01-19,纺织服装,0.02075514214266139,2869.1459119678593,15.320754158854115,2.2997831593116316,3.4627254079409875
2026-01-20,纺织服装,0.016504068500490483,2916.498492636879,15.437361642395242,2.2709019914444597,1.9300322389926747
2026-01-21,纺织服装,-0.0006432521819270813,2914.622448617903,15.425798714461049,2.261734233130991,4.057156744562487
2026-01-22,纺织服装,0.0028728390803272417,2922.9956898926916,15.484212041006362,2.2578116254546825,3.3075254772340736
2026-01-23,纺织服装,-0.001298463688997258,2919.2002861262704,15.618620181669193,2.2800870681976164,2.3613756151132224
2026-01-26,纺织服装,0.01817450658901913,2972.2553109611385,15.60068692328186,2.2542722155236716,7.381011980963886
2026-01-27,纺织服装,-0.00031303887146847125,2971.324879512879,15.51395798982873,2.279690065850425,1.4093548453113796
2026-01-28,纺织服装,0.01580738956594732,3018.2937694103307,15.728685660828763,2.2490556759782327,1.4623187611420485
2026-01-29,纺织服装,0.00600154854546191,3036.408205991912,15.620167579734442,2.226657392549094,4.7466753584031345
2026-01-30,纺织服装,0.0013948133508879734,3040.643428696375,15.542891879942236,2.2303426446632715,1.045146100752906
2026-02-02,纺织服装,-0.003540517575221327,3029.877977197094,15.402384090583043,2.2190305617751602,5.37971248672131
2026-02-03,纺织服装,0.01337619469261481,3070.406214914948,15.224490451805975,2.210459765907656,4.59972979998001
2026-02-04,纺织服装,0.00774856105815833,3094.197444944565,15.279325611455546,2.2027210696234847,6.5541924530102715
2026-02-05,纺织服装,0.01428955075343507,3138.4121363752497,15.363457869744407,2.188079447623016,7.638690983908317
2026-02-06,纺织服装,-0.000321701048034132,3137.402505901815,15.328602834636959,2.2115880870459157,2.2326143078844156
2026-02-09,纺织服装,0.014953186886113455,3184.3166719095257,15.338387196046758,2.2173709901491874,2.1503842085978744
2026-02-10,纺织服装,0.028601784842367778,3275.3938122294467,15.506359050416227,2.2012397106977875,6.41729068276776
2026-02-11,纺织服装,0.02413969602555897,3354.460823220662,15.558029159514671,2.2047153530714705,5.804007338319299
2026-02-12,纺织服装,-0.015953976193854087,3300.9438351037834,15.645912624532691,2.247570716385928,5.90090693719167
2026-02-13,纺织服装,0.02067839101520251,3369.202042445281,15.569756202235611,2.254880574025489,5.357163121432417
2026-02-16,纺织服装,-0.006963171885025432,3345.741709508356,15.325401855700074,2.2627196130702276,5.103052269141185
2026-02-17,纺织服装,-0.0048625132748337406,3329.4729960317068,15.338464575555612,2.2742135566517843,1.8673562141786266
2026-02-18,纺织服装,-0.010502050739339004,3294.506701692123,15.541598988904697,2.2588674274480045,6.879327681895959
2026-02-19,纺织服装,-0.006851105797119341,3271.9356877295118,15.522226810711894,2.2530241228764774,3.144680256779931
2026-02-20,纺织服装,0.000650944447748698,3274.0655360988303,15.367564559076882,2.2496374811355295,3.5232157097472614
2026-02-23,纺织服装,0.00665033111225257,3295.8391559971024,15.686894830856781,2.229304087224862,6.660960513745208
2026-02-24,纺织服装,0.004378610396572337,3310.2703515909816,15.657772086935159,2.2437659043177955,1.6076320160024467
2026-02-25,纺织服装,0.014269930176367941,3357.507678373086,15.665456127844449,2.238163106556538,7.041937737662129
2026-02-26,纺织服装,-0.020439627779736964,3288.8814711595314,15.71623382961723,2.2429515765749417,6.052391941224666
2026-02-27,纺织服装,-0.0080297434321075,3262.472596767508,15.915381953436702,2.2114384615889056,5.942016866970338
2026-03-02,纺织服装,0.006718045092852246,3284.3900347867875,16.070516474576785,2.2172833609848452,7.8892365002641744
2026-03-03,纺织服装,-0.010361586192433056,3250.358544351776,16.205653029489834,2.2025755187253333,6.957724121756018
2026-03-04,纺织服装,-0.01686553002894235,3195.539524717182,16.31110074429836,2.201429935889896,1.9086389106611557
2026-03-05,纺织服装,0.009199124134112748,3224.9356894805187,16.35037374839646,2.187408914056237,4.0639675249171745
2026-03-06,纺织服装,0.0039124385587704065,3237.5530522215968,16.29575731214498,2.1987166984009243,2.4158261437880904
2026-03-09,纺织服装,0.013070873383189456,3279.870698238544,16.186779138385152,2.170394240624052,6.846728642198511
2026-03-10,纺织服装,-4.141655734092955e-05,3279.7348572856995,15.900758312088204,2.162336858171253,2.1436701952518535
2026-03-11,纺织服装,-0.006855215618642976,3257.251567667027,15.914596412056971,2.143854284120883,2.7329344682073584
2026-03-12,纺织服装,-0.0035564399831548195,3245.667347956582,15.821839754860529,2.145355434041593,7.854635156811371
2026-03-13,纺织服装,-0.026496107667442908,3159.6697964524205,15.782758318199045,2.1297127475947395,7.523895125107323
2026-03-16,纺织服装,-0.003809516115850666,3147.6329834420685,15.903060828790165,2.1205835949474605,5.987787388805306
2026-03-17,纺织服装,0.004079840449747271,3160.474823808874,15.907676443171388,2.1283467926406354,4.489431589240899
2026-03-18,纺织服装,0.007525993435436678,3184.260536585722,15.762413039686162,2.1581812966123772,1.1825830067930527
2026-03-19,纺织服装,0.01584490436988564,3234.7148402767234,16.0412605962071,2.177776275473326,2.4527109478896154
2026-03-20,纺织服装,-0.009927345628751584,3202.6027080468443,15.92833418228084,2.1912856233757325,6.920338522824633
2026-03-23,纺织服装,0.023373570480637162,3277.458968164857,15.994305617021071,2.186785006634929,6.205943133883508
2026-03-24,纺织服装,-0.012079316307462748,3237.8695046036632,15.967134629593009,2.16760012294209,2.3271225176840193
2026-03-25,纺织服装,-0.018138960219828873,3179.1379184626603,15.888189018957293,2.1822579604795806,3.3118077385819893
2026-03-26,纺织服装,-0.022506063732624034,3107.588037854938,15.639518847897836,2.184194841832738,6.701590157314823
2026-03-27,纺织服装,-0.03921137219548453,2985.735246672373,15.70223320422274,2.193569191643018,1.7078738738154127
2026-03-30,纺织服装,-0.004080402186671717,2973.552246043028,15.730521383759255,2.1973169824048107,7.1247914313450345
2026-03-31,纺织服装,0.019722670452198336,3032.198637064129,15.90658964628339,2.2082302638605777,2.6249726665573294
2026-04-01,纺织服装,0.0077909620683957485,3055.822381629337,15.824008386490435,2.1925720832759725,3.204144081424248
2026-04-02,纺织服装,-0.005450507295583447,3039.166599444259,15.864489749727285,2.190867716197212,5.885717977615462
2026-04-03,纺织服装,0.007660731300380308,3062.448838139692,15.86864402217747,2.1913512205746497,7.339757447638865
2026-04-06,纺织服装,0.014100451015754934,3105.6307479701363,15.689845867645666,2.182586473146652,2.628747237754596
2026-04-07,纺织服装,0.00040982173831569297,3106.9035029618362,15.956110827438566,2.20503048722812,1.1562601102840233
2026-04-08,纺织服装,0.016670353238902546,3158.6966818353935,15.96234627044491,2.1932707034310286,2.337248344320538
2026-04-09,纺织服装,0.012516601309450853,3198.2328288594126,16.228640065984422,2.1637277384526667,5.478904543945276
2026-04-10,纺织服装,0.011164390494703155,3233.9391490537782,16.255308690232706,2.1846568086732168,2.3540071417596957
2026-04-13,纺织服装,0.00663233831940004,3255.3877275946556,16.278428232990393,2.1726854753766105,2.043059803881558
2026-04-14,纺织服装,-0.011932677262913817,3216.542236475618,16.199844077136042,2.199257919947898,1.4388694722046886
2026-04-15,纺织服装,0.002596552041678211,3224.894155786883,16.33446280427721,2.1782143932487665,3.0317585413363473
2026-04-16,纺织服装,-0.019222984774392958,3162.902064531163,16.071839484856152,2.1686467271317484,4.835624128494266
2026-04-17,纺织服装,0.010810602756721169,3197.094942309223,16.21442980091872,2.173152449411939,6.880883119385755
2026-04-20,纺织服装,-0.027659784257796572,3108.663985953257,16.478368180017466,2.187435522130155,2.479891110431329
2026-04-21,纺织服装,0.011702913010950805,3145.0444101611433,16.64785708801227,2.182451836081661,4.957046866625283
2026-04-22,纺织服装,0.002779121047610051,3153.7848692770904,16.361895901217725,2.199881849190962,6.9119980336799705
2026-04-23,纺织服装,0.00030882760454001165,3154.7588451035035,16.338570981696893,2.212300291938723,1.30147198414268
2026-04-24,纺织服装,-0.012094851424502099,3116.602505591843,16.382097213129367,2.2180799355813647,6.83006208682452
2026-04-27,纺织服装,0.005956257883972876,3135.165793836984,16.24810538076701,2.2224664707871193,6.11414003167632
2026-04-28,纺织服装,0.02673946619394762,3218.9984535937087,16.256430759833925,2.2063450729984626,3.0389354427151183
2026-04-29,纺织服装,0.003448539592563287,3230.0992972093263,16.271578382016425,2.2192365624433292,3.276667624746972
2026-04-30,纺织服装,-0.0039855510108583615,3217.225571690161,16.39037422269118,2.235190704986359,1.1284491351786543
2026-05-01,纺织服装,0.021849252986729257,3287.519547121394,16.418258193649145,2.233909665106397,5.252001326448056
2026-05-04,纺织服装,-0.021277009090593463,3217.5709638317885,16.478130679234503,2.2239722956467145,3.095355200325557
2026-05-05,纺织服装,0.004511536275441259,3232.0871519539223,16.29027809970487,2.2375133798504074,7.160438887387078
2026-05-06,纺织服装,-0.0022361662902734103,3224.859667617497,15.999642563556517,2.232790826286378,3.2786258714188565
2026-05-07,纺织服装,0.005083692963121377,3241.2538640168177,15.782204949946328,2.221945756185782,2.3306586278165704
2026-05-08,纺织服装,0.014876896999774016,3289.4736639019156,15.685557097895513,2.2211717072155746,5.908953042907948
2026-05-11,纺织服装,-0.010334363575566496,3255.4790470869025,16.131837307430786,2.231386038682026,1.6334040429468688
2025-05-12,商贸零售,-0.0040519306798875,4461.146238517389,19.33714231089044,3.626662404885168,6.820754005565475
2025-05-13,商贸零售,0.005376292790226238,4485.130666875675,19.19296595071368,3.661805213192894,6.041717805424874
2025-05-14,商贸零售,0.012177573569235035,4539.7486755391865,19.37486920607782,3.6825991692348854,5.02559994124661
2025-05-15,商贸零售,0.005864593576799615,4566.372456462038,19.340915354146258,3.6824046127928076,6.102092051680144
2025-05-16,商贸零售,-0.00015765652204174693,4565.652538062205,19.280253708797616,3.6806340259913086,1.4618663218134924
2025-05-19,商贸零售,0.004644430482555014,4586.857393882736,19.29486636359796,3.6920667894640977,3.2282764913938706
2025-05-20,商贸零售,0.0448978177510572,4792.797281203372,19.235812116801615,3.641651482542674,2.3856484813426513
2025-05-21,商贸零售,0.003882776649910405,4811.406642574582,19.164205264509405,3.6259275073854145,6.186038409732414
2025-05-22,商贸零售,0.0023360729994219846,4822.64643972154,19.213457260339954,3.6045229804177397,6.4555608502351305
2025-05-23,商贸零售,0.013415200207478035,4887.343207240287,19.380371236241558,3.612678665238997,2.2568070955591684
2025-05-26,商贸零售,-0.0021796153906465166,4876.690678766414,19.336410371462595,3.630390069341944,1.911145157143681
2025-05-27,商贸零售,-0.007655282990153416,4839.358231565014,19.449593702382472,3.6404617168813025,5.6632833299541305
2025-05-28,商贸零售,0.01065136794071452,4890.904016686338,19.364470788506146,3.63559142071805,6.810511687439041
2025-05-29,商贸零售,-0.0062047055726014355,4860.557397278945,19.194060867447543,3.622816890017145,2.3906244461992263
2025-05-30,商贸零售,0.03745648988881262,5042.616816284117,19.222610926650983,3.5955358286407226,1.5599017055848763
2025-06-02,商贸零售,0.016333923622974953,5124.982534221231,19.270942616489787,3.563573951490825,2.2326753618722135
2025-06-03,商贸零售,-0.004965188574005627,5099.5360295003375,19.291256020901344,3.594713621036353,1.2733932517150737
2025-06-04,商贸零售,0.020156775073434753,5202.326230225853,19.268278931820173,3.5921784889732407,7.020349157873519
2025-06-05,商贸零售,0.02686467228229144,5342.085019506439,19.341525391536226,3.6148923108930417,6.725214194901245
2025-06-06,商贸零售,0.02957197422952663,5500.061020035223,19.417314966109497,3.5574436573657224,4.982025581528243
2025-06-09,商贸零售,0.012689986368205411,5569.856719403769,19.355432428034614,3.5114005136329025,2.9654278508217025
2025-06-10,商贸零售,-0.005256767944148068,5540.577275147709,19.236184521302114,3.50160084097595,6.236025542782084
2025-06-11,商贸零售,0.015688425805408284,5627.500210647994,19.191790761773728,3.4668730787456887,1.803992485346236
2025-06-12,商贸零售,0.005057588994911754,5655.961793782231,19.038789442894487,3.430492532700099,4.320962360021591
2025-06-13,商贸零售,0.007578172258683322,5698.823646544045,19.00708039333314,3.436863774289025,1.1344737315146038
2025-06-16,商贸零售,-0.006659693598350564,5660.871227187026,19.03075187020559,3.4383891896730674,4.2927744699078065
2025-06-17,商贸零售,0.0038435381106687715,5682.629001488308,19.308652834292097,3.3902841653171127,1.6343710570415044
2025-06-18,商贸零售,0.002988168254333995,5699.609653071713,19.4069231398597,3.3972703679220957,1.9327955408310813
2025-06-19,商贸零售,-0.019311026055810036,5589.5443425532985,19.408585044226466,3.3961949871052437,5.539383393090895
2025-06-20,商贸零售,-0.01867295935040389,5485.171008257521,19.46024375623067,3.3800175686063434,5.264668489003456
2025-06-23,商贸零售,0.0022829598380082238,5497.69343337398,19.77040477534398,3.3987607534707895,7.268329240266757
2025-06-24,商贸零售,-0.004897317524624458,5470.769482977705,19.79921181633275,3.435733068228525,3.1904278945865356
2025-06-25,商贸零售,-0.0004706313513937802,5468.194767342767,20.05137501154639,3.4133609866610906,7.407287158524652
2025-06-26,商贸零售,-0.00948862259893445,5416.309130897983,20.21595896356,3.4018435731092747,1.1101842778170259
2025-06-27,商贸零售,-0.0018196613773719277,5406.453282364581,20.067816760826755,3.40042636061505,2.358012700906491
2025-06-30,商贸零售,0.003737975986243563,5426.662474904808,20.252683920393956,3.3693469561119507,6.800632631180936
2025-07-01,商贸零售,0.007527802077110131,5467.5133159551715,20.263998140317454,3.3990391145692223,7.3879044031506185
2025-07-02,商贸零售,0.0074034389285855436,5507.991716881073,20.380048376496244,3.3853242582162526,2.8958522638696604
2025-07-03,商贸零售,0.0046877519122069744,5533.811815584303,20.147328609453126,3.3996386304367725,4.4799156243894895
2025-07-04,商贸零售,0.0006705262414956271,5537.522381622151,20.15756956994686,3.4062365385930438,5.528486885759798
2025-07-07,商贸零售,-0.008705937905286128,5489.313055618617,20.270836682775787,3.3854107156122266,1.6094529231907697
2025-07-08,商贸零售,-0.004021901198324435,5467.235580862246,20.26985365653374,3.373242592162071,2.123936644657234
2025-07-09,商贸零售,-0.01432125383730742,5388.937912320359,20.09637845953387,3.391007362068951,3.5206306706948554
2025-07-10,商贸零售,0.03659128420779579,5586.126071048239,20.01152803265949,3.407919459464604,3.45919744575299
2025-07-11,商贸零售,0.02929195324355186,5749.75461473397,20.255299978025555,3.4028359357188793,1.4261086570398063
2025-07-14,商贸零售,0.013425446404366133,5826.947637152338,20.347059842509534,3.388831882433738,2.6358302494663213
2025-07-15,商贸零售,-0.015432622106476666,5737.022556233938,20.363605596746087,3.3972421098649783,3.078796701460992
2025-07-16,商贸零售,0.0020055969343334115,5748.528711084922,20.398628479204323,3.3748760640566977,2.396002008127697
2025-07-17,商贸零售,-0.02175254654956609,5623.483572705531,20.401535352739483,3.387974336029385,7.272396812485892
2025-07-18,商贸零售,0.013808519900864305,5701.135557531419,20.33854632614428,3.381555673833203,6.423055157202041
2025-07-21,商贸零售,0.010899472649309482,5763.274928610738,20.402258320060074,3.388215185957383,3.150784867901678
2025-07-22,商贸零售,0.01683649198215078,5860.308260737224,20.38515763488376,3.37429671338177,6.920076630384854
2025-07-23,商贸零售,0.020341214049751484,5979.514045466407,20.27637178738674,3.349608606152127,4.452503905169156
2025-07-24,商贸零售,0.0171289110121787,6081.936609447273,19.82901766316357,3.296440186567173,2.2265925911192097
2025-07-25,商贸零售,0.008109951192210075,6131.260818504006,19.746365673296967,3.333321609715707,4.540886037213413
2025-07-28,商贸零售,0.010804631967058989,6197.50683514199,19.785815039579386,3.332104471240934,6.8699225437861235
2025-07-29,商贸零售,0.0005126222320665803,6200.683814929069,19.783305385607168,3.339621278888147,7.787132355182205
2025-07-30,商贸零售,-0.027910832540968305,6027.617567331092,20.130911076197666,3.3717030386343034,2.608742943675312
2025-07-31,商贸零售,-0.019074169929322423,5912.64576558285,20.004391153660627,3.329492151005053,4.864536873968735
2025-08-01,商贸零售,-0.007285123966446838,5869.571408210892,19.72262747292532,3.3218983647471556,1.3383249785229376
2025-08-04,商贸零售,-0.006887513396273566,5829.144656506454,19.97237590067128,3.3318689048288626,2.3699687003524756
2025-08-05,商贸零售,0.0070200911141387054,5870.065783112625,20.060477780455074,3.32715364154272,7.687006296946468
2025-08-06,商贸零售,-0.00837607873337784,5820.897649943166,20.15333136221104,3.263708248299228,3.4867000270724864
2025-08-07,商贸零售,0.004837072810021968,5849.053755695627,20.1633517446495,3.2598097247268734,3.4971192967861384
2025-08-08,商贸零售,-0.0382917907889862,5625.083012968997,20.119030604382864,3.259059697912673,4.643383900733839
2025-08-11,商贸零售,0.00045359293385168885,5627.634510876008,20.17613209399512,3.2762367739737646,7.9758787572311665
2025-08-12,商贸零售,-0.003233202447369127,5609.439229202545,20.512832223369944,3.311290574575196,4.772944063643726
2025-08-13,商贸零售,-0.009651555375275745,5555.299415857653,20.78789937650564,3.29034537320367,2.8598671459303864
2025-08-14,商贸零售,0.005503492201106949,5585.87296286764,20.705429928713038,3.2914325406370977,7.488814995542377
2025-08-15,商贸零售,-0.010454063474678617,5527.477892352331,20.98195234667957,3.254974089546826,4.257374587124357
2025-08-18,商贸零售,0.02929537164092576,5689.407411445793,20.84062185540114,3.2434080619631485,2.539898465966778
2025-08-19,商贸零售,-0.0018369346038552225,5678.956342096278,20.83253638410441,3.275977749386527,1.6792504495694756
2025-08-20,商贸零售,0.029729811505768755,5847.790643696289,20.737007403989917,3.3062878315962183,1.4455595923423918
2025-08-21,商贸零售,-0.015251831579451631,5758.6011256867405,20.54142567131495,3.3617574810648447,6.243389285458856
2025-08-22,商贸零售,0.00473920288919381,5785.89230477931,20.41109962811416,3.33134953720211,3.1586719480181467
2025-08-25,商贸零售,-0.011845636015963674,5717.354730509329,20.681263111408352,3.324610082081322,3.9180884835510614
2025-08-26,商贸零售,-0.0364256048035373,5509.096626574162,20.65866981818446,3.358682717993824,3.0693005214759217
2025-08-27,商贸零售,0.008015058449073546,5553.252358037747,20.7254467647582,3.407005160476241,1.4116317372181333
2025-08-28,商贸零售,-0.012591517938548957,5483.328481354226,20.62497905684217,3.408074634518311,1.2043358834612765
2025-08-29,商贸零售,-0.022932893412808346,5357.579893743913,20.77109092490674,3.420705492658758,1.9757382161124548
2025-09-01,商贸零售,0.00445517674548279,5381.4488590985875,20.79025679109498,3.469512118991875,1.784834751138892
2025-09-02,商贸零售,0.017618171036174208,5476.260145520611,21.057715483782722,3.491590226320762,4.6475578727281155
2025-09-03,商贸零售,0.0006376164015214392,5479.751898808393,21.05858853403087,3.4992843252237598,1.810964268109573
2025-09-04,商贸零售,-0.019822402263827397,5371.130052364241,21.03768540402329,3.545085900967185,4.279046950949656
2025-09-05,商贸零售,0.012542888341750276,5438.499536880065,21.025573477886734,3.518902131772383,1.5701795031408028
2025-09-08,商贸零售,0.015816617247868446,5524.518202457606,21.13541240899536,3.5888338109832993,7.457335736466858
2025-09-09,商贸零售,0.01808716103761357,5624.441052840684,20.96600806269492,3.599161697354028,4.054459267742324
2025-09-10,商贸零售,0.019786648674312807,5735.729891942625,21.135244250219237,3.5922209525848094,7.660795027288489
2025-09-11,商贸零售,0.004309036053970073,5760.44535884284,21.203434789740886,3.6180923871925414,6.1449685018509514
2025-09-12,商贸零售,-0.021746518768745483,5635.175725730432,21.244759439653965,3.6132403364227583,5.868573335207924
2025-09-15,商贸零售,0.016895010487080208,5730.382078713187,21.02036241994535,3.645627001397906,2.7021730146801035
2025-09-16,商贸零售,0.01691123654203158,5827.289925522525,20.920869544243413,3.601254384149598,6.724925101423011
2025-09-17,商贸零售,0.00818894731421098,5875.009295707261,20.942386059625154,3.592975197130862,4.073705640245176
2025-09-18,商贸零售,0.0046427683098269525,5902.28560268531,20.969235754429075,3.582361723976722,2.056829770597165
2025-09-19,商贸零售,0.02406253000890457,6044.30952712105,20.939610129808777,3.621820367177661,1.5271862641999085
2025-09-22,商贸零售,-0.014464702557322084,5956.880387646856,21.111964469809678,3.56942444652095,6.014705905194381
2025-09-23,商贸零售,-0.001892710424996062,5945.605738036703,21.292338283441307,3.590879470486236,2.4694919909564508
2025-09-24,商贸零售,-0.013090590825788612,5867.774246108604,21.288525310013398,3.6096049466369062,1.7573066012726242
2025-09-25,商贸零售,0.007143691692396698,5909.6918162433885,21.38302631798226,3.628276809214041,3.428393242596281
2025-09-26,商贸零售,0.0015004185722830108,5918.558827600949,21.510126241392275,3.6726608229857085,4.929583120528568
2025-09-29,商贸零售,0.0169628082316191,6018.954206001101,21.564820062096604,3.7030307069397117,7.354319938683308
2025-09-30,商贸零售,-0.0179398670166762,5910.974967965977,21.61704898537891,3.7106252076984703,5.894672961048893
2025-10-01,商贸零售,0.008955940422827288,5963.913307619903,21.355571704647822,3.6983410304846074,5.4129852529956
2025-10-02,商贸零售,0.022082287037847037,6095.6101531476015,21.316035184649312,3.7056054057874492,2.6991278671483983
2025-10-03,商贸零售,0.00857837229922358,6147.900566432229,21.379379458758727,3.708132627971401,7.912876802030958
2025-10-06,商贸零售,0.012561298708163955,6225.1261818752755,21.43122938460858,3.6892875602324247,7.670213290194018
2025-10-07,商贸零售,-0.011045004264188706,6156.36963665135,21.38420529994254,3.679728402454323,3.943840193840362
2025-10-08,商贸零售,0.026034010864805383,6316.64463065969,21.638446620291717,3.6930254749257267,7.40569935325504
2025-10-09,商贸零售,-0.003150976245131363,6296.741033479545,21.42730114982482,3.633832763896305,5.917479817767383
2025-10-10,商贸零售,-0.016563790639349863,6192.443133290786,21.69259526924541,3.581879461870803,2.647695048673155
2025-10-13,商贸零售,-0.014927962123789693,6100.0025767433,22.024737163301353,3.569565043773417,6.193766937200051
2025-10-14,商贸零售,-0.008421898408229756,6048.628974752029,22.250202480464065,3.6109517924985037,5.410313044489473
2025-10-15,商贸零售,-0.001497559724350953,6039.570791611898,22.637964094188604,3.599667462916107,7.348622022040647
2025-10-16,商贸零售,0.020653189199594184,6164.307189855402,22.692644853181676,3.585106935142396,3.6213452877821126
2025-10-17,商贸零售,0.0014023964073133022,6172.951992112031,22.94249923803474,3.5937986805457434,4.066733527533033
2025-10-20,商贸零售,-0.007478026016402764,6126.790496517012,23.226271993791674,3.634473116316348,3.0735068315619385
2025-10-21,商贸零售,-0.0007829367323342699,6121.993607185972,23.23489662139443,3.6076094638832674,4.7015622826262415
2025-10-22,商贸零售,0.0020808645771010744,6134.732646824405,23.121853542179757,3.6109873706642728,4.652525878711261
2025-10-23,商贸零售,0.0038574038992514703,6158.396788457129,23.052550583970344,3.579358287824739,5.09585627540008
2025-10-24,商贸零售,0.012598759477058723,6235.984948359192,23.306091381949763,3.5633068031930226,6.093391033997063
2025-10-27,商贸零售,0.025612636372865843,6395.704963268181,23.270920688241425,3.5576291672471387,2.1398250208062395
2025-10-28,商贸零售,-0.009059486046370682,6337.763163396749,23.400972645120547,3.58178704767709,5.101560607812547
2025-10-29,商贸零售,-0.0007663329936578303,6332.906326378649,23.273574366768432,3.5556065140260427,7.4431263672705
2025-10-30,商贸零售,0.028208469307712127,6511.547920114916,22.982388574360186,3.4925362067970713,2.5629538885268133
2025-10-31,商贸零售,-0.010762523495465063,6441.467232632834,23.19089956667045,3.519569327008661,2.9241956412517967
2025-11-03,商贸零售,0.007138218841966244,6487.4478354027215,23.260854620156127,3.5415716730581686,2.389781419795258
2025-11-04,商贸零售,-0.006177894299093265,6447.369068404722,23.10058307594418,3.492041012586392,4.124338180044466
2025-11-05,商贸零售,-0.006299262604417816,6406.75539753524,23.272612801922094,3.499180412186601,4.691007068235789
2025-11-06,商贸零售,0.01305937256184523,6490.4236031842665,23.059754695826204,3.4774036679331655,5.368409099441441
2025-11-07,商贸零售,0.013130863858198174,6575.648471899715,23.039181908647222,3.5628458880261453,3.9170629679520053
2025-11-10,商贸零售,-0.032458541033451034,6362.212516153008,22.972679743355982,3.60242510938058,2.8853939982482846
2025-11-11,商贸零售,0.004362188620061988,6389.965687189387,23.163346859710575,3.652051088492772,6.031878237439667
2025-11-12,商贸零售,0.021528396330565136,6527.531401041912,23.11196438146523,3.658831521501177,6.052738160473809
2025-11-13,商贸零售,-0.0029786589021622155,6508.088111525056,22.980717515372984,3.6599172385402445,5.571950409471025
2025-11-14,商贸零售,-0.010744868234411802,6438.159562308777,22.90168724439307,3.6277025965641414,7.511676437301375
2025-11-17,商贸零售,0.020714769559039583,6571.5245540263295,22.853972845666792,3.618915588535938,7.738010203128351
2025-11-18,商贸零售,0.01010733473518546,6637.945152414364,22.9317798445199,3.6303307932101427,1.1062108892028433
2025-11-19,商贸零售,-0.0017863837741500512,6626.087234900393,22.947336347346642,3.5571305900719037,6.879585720028396
2025-11-20,商贸零售,0.00045061077106962335,6629.073021178486,22.917279384124484,3.5339820726205846,3.6299054209545853
2025-11-21,商贸零售,-0.019829838081332575,6497.619576539187,22.726134028838754,3.5184649550171527,5.482842818437718
2025-11-24,商贸零售,-0.007097389233182279,6451.5034413153435,22.729349007759303,3.5420482715263897,3.08582186642651
2025-11-25,商贸零售,0.004973828698751409,6483.5921142818515,22.669604183597887,3.540322982972289,3.036652978864902
2025-11-26,商贸零售,0.00305465188095585,6503.397231129093,22.918051569165808,3.5546256602489765,4.18781962484765
2025-11-27,商贸零售,0.021449919624469342,6642.894579022808,23.074066100308787,3.569891346622128,4.406680319061881
2025-11-28,商贸零售,0.025019521226031325,6809.096620944958,22.919920960011915,3.615205216414338,1.8827698693576447
2025-12-01,商贸零售,0.0466504327065808,7126.7439246529575,22.632164773345078,3.6015964520003068,2.084507807913063
2025-12-02,商贸零售,-0.02099036728738947,6977.15095211132,22.28733667141105,3.611808051554893,4.424907639832588
2025-12-03,商贸零售,0.009464309976269757,7043.184871473327,22.505279233487883,3.6007142062307977,7.059025438879846
2025-12-04,商贸零售,-0.0018269501061355308,7030.317324124857,22.125406713390536,3.592563774291789,6.192316338236747
2025-12-05,商贸零售,-0.0044399273916144524,6999.103225665734,22.28499628945584,3.551704280523079,7.456261430350684
2025-12-08,商贸零售,-0.02936081922768355,6793.6038211010655,22.0939304220829,3.574940872428874,2.294997882513856
2025-12-09,商贸零售,-0.011202884826113481,6717.495859939026,21.94070013472911,3.5947745248603775,1.8115345746025444
2025-12-10,商贸零售,-0.017507477304964582,6599.889453624949,22.21287649250197,3.5546071053936044,3.0360198176005158
2025-12-11,商贸零售,-0.007597378332603083,6549.747596492403,22.246362862362957,3.5117221674910972,5.0462807814016015
2025-12-12,商贸零售,-0.010929091806347137,6478.164803701936,21.86479408965971,3.5844955712242728,3.201586592608292
2025-12-15,商贸零售,0.006384208972152499,6519.522761564812,21.75702686574623,3.6088564336245774,1.382384021365392
2025-12-16,商贸零售,-0.012800990059904696,6436.066415498699,21.505958702602108,3.645501647547689,6.3823660768323265
2025-12-17,商贸零售,-0.005078106944297739,6403.383381940193,21.668662297689444,3.615519914543963,3.918348756564336
2025-12-18,商贸零售,0.001231250851453584,6411.267553181391,21.476138222068986,3.6014084650949467,7.261350373367431
2025-12-19,商贸零售,0.005931969138362052,6449.298994444645,21.30592736886051,3.5857186285626925,6.722019864497088
2025-12-22,商贸零售,0.007596296030719065,6498.289778797065,21.370066354080578,3.5800087412528074,5.963606769966947
2025-12-23,商贸零售,0.01881448398107798,6620.551747744646,21.4247434746376,3.6240814352634754,1.7514170381753686
2025-12-24,商贸零售,0.013868934245567352,6712.371744603492,21.27773636871744,3.6167819474191663,6.338674714713494
2025-12-25,商贸零售,0.004375785429813239,6741.743643083018,21.467078744119274,3.6299483384761015,5.555579992040556
2025-12-26,商贸零售,0.02753589248827096,6927.383571222435,21.419921884203642,3.6679174424801464,1.8716082818353428
2025-12-29,商贸零售,0.00127496209626277,6936.215722702018,21.539296222908916,3.686618922310156,7.521085594171841
2025-12-30,商贸零售,0.0027431061532742925,6955.2424987314,21.240924071438926,3.7048105604510044,7.979795438089175
2025-12-31,商贸零售,-0.012678793384449787,6867.058416151241,21.5290386536678,3.6441356364897306,7.218136066076532
2026-01-01,商贸零售,0.022031142232580434,7018.347556836908,21.75559965760256,3.6420612186399866,6.881234084761028
2026-01-02,商贸零售,0.008513817140397815,7078.100484563574,21.89641134731984,3.6324802426319325,1.8026424429937224
2026-01-05,商贸零售,0.015721986957893543,7189.382288068543,21.89525864081909,3.6682342435824737,1.891632227694957
2026-01-06,商贸零售,0.012739548864084153,7280.971775029974,22.069547978881907,3.6817564950405006,2.969063568697714
2026-01-07,商贸零售,-0.005700886569336034,7239.463780825991,22.059698564391624,3.7247625302707,6.1208407777699625
2026-01-08,商贸零售,-0.02289438541308941,7073.720706843659,21.848863706917165,3.7260630277373705,4.027383717396095
2026-01-09,商贸零售,0.002297379069890798,7089.971724741815,21.691092428401465,3.7351958407468198,4.5983671870548335
2026-01-12,商贸零售,-0.0071898227982010515,7038.9960843966655,21.98330997201008,3.701240334071442,4.293254878323217
2026-01-13,商贸零售,0.009005636361017507,7102.386723479369,22.167286201383114,3.757147151190322,4.955361104032823
2026-01-14,商贸零售,0.0009065704663897003,7108.825537523754,22.596995698132208,3.745153497940177,3.892912241652083
2026-01-15,商贸零售,0.0062064799078442034,7152.946320390765,22.54357988303638,3.7723811078285276,3.761658161753834
2026-01-16,商贸零售,0.03111239845853988,7375.49163646331,22.448171007262214,3.766775748969734,2.974017985983413
2026-01-19,商贸零售,-0.016491461174815817,7253.859002495396,22.379278121408205,3.7745504041795854,7.422256578883626
2026-01-20,商贸零售,-0.007168945414919829,7201.856483258982,22.432902527561446,3.742420044301582,7.913894349327578
2026-01-21,商贸零售,-0.0024787340427133804,7184.004996423192,22.594671049375286,3.6896152795977564,6.455751379709552
2026-01-22,商贸零售,0.0021581343864253764,7199.509044638225,22.63350942881893,3.6781292092302134,5.237800936253668
2026-01-23,商贸零售,0.03014228479632388,7416.51869665542,22.532076689861064,3.679698386421091,7.439314879619283
2026-01-26,商贸零售,0.016747609081904594,7540.727652535641,22.5263050885953,3.688254906626649,1.4298211350674925
2026-01-27,商贸零售,0.005128021308709223,7579.396664621017,22.620458577444683,3.6778722573840255,7.2929373923646565
2026-01-28,商贸零售,-0.0338821248335591,7322.590600667267,22.332909189581972,3.6600694816875716,5.62510279104422
2026-01-29,商贸零售,-0.008223980145653032,7262.369760952633,21.700269479780403,3.70242604433069,2.1435481533063734
2026-01-30,商贸零售,-0.03920027133997918,6977.68289575203,21.67197991291706,3.704297507218451,2.0629041195169293
2026-02-02,商贸零售,0.0038287247648224787,7004.398523056075,21.68091798915168,3.686126036845735,2.6442311618027405
2026-02-03,商贸零售,-0.015421469047968137,6896.380408033132,21.539997254730963,3.7072971214373323,1.5458209646526804
2026-02-04,商贸零售,0.03041170585039616,7106.11110043467,21.79139199076108,3.71123871933721,1.5683621357422703
2026-02-05,商贸零售,0.003030056712649978,7127.643020075379,21.955094010455625,3.729676081025858,1.1655806116881893
2026-02-06,商贸零售,0.04134669308695618,7422.347488459822,21.985572603473475,3.7454842404615944,1.6413853914950387
2026-02-09,商贸零售,0.023433769301273045,7596.281067178272,22.246965097919823,3.6870523513298417,4.72219912130249
2026-02-10,商贸零售,0.00014963569940028165,7597.4177420086,22.17668355730421,3.6874474596861058,2.977284612292486
2026-02-11,商贸零售,0.010756938256262278,7679.142695566417,22.111419654450973,3.657676390880006,2.558011779020446
2026-02-12,商贸零售,0.03348115036296274,7936.249226815325,22.188237781092813,3.665172082313611,2.647158786527595
2026-02-13,商贸零售,0.008357099808321767,8002.573253707536,22.028550159605345,3.6471631737237065,3.6902234482086023
2026-02-16,商贸零售,-0.0245940184355944,7805.757819573659,22.102326825912918,3.6630115621156674,5.122828043330641
2026-02-17,商贸零售,0.0034980521356091842,7833.0627673844665,22.082351542864078,3.6686942550114146,5.060819231294215
2026-02-18,商贸零售,0.0011479040577534025,7842.054371919784,22.163619558025157,3.68254461524365,3.3613014378351447
2026-02-19,商贸零售,0.01865726534537528,7988.365661189552,21.92632155117954,3.72770097557313,7.063245451515367
2026-02-20,商贸零售,0.005670676598127282,8033.665099401744,22.139520790521708,3.739524041645755,3.1859990312247866
2026-02-23,商贸零售,-0.00545163204606783,7989.868513298468,21.87828318061418,3.709674972898368,5.76246534506324
2026-02-24,商贸零售,0.008705327493548399,8059.422935337123,22.103068318196293,3.696018324773703,1.2578507197231232
2026-02-25,商贸零售,0.01803925180159464,8204.808895043216,22.338853094076175,3.6997077961099185,6.5741132749629685
2026-02-26,商贸零售,0.004067924259424392,8238.185436191303,22.389219434162396,3.718987320088799,3.0310754447198223
2026-02-27,商贸零售,0.00589750182555628,8286.770149840511,22.49083167520962,3.769217801841994,7.073822140267994
2026-03-02,商贸零售,-0.00888944475921265,8213.105364361212,22.346588249039705,3.7152954477788422,1.766756234841599
2026-03-03,商贸零售,0.00759424715700454,8275.477716424692,22.288411807768924,3.754201706940101,5.661759328149233
2026-03-04,商贸零售,-0.02246386842725491,8089.578473830247,22.180408063151354,3.7703650153295745,3.1336919423010485
2026-03-05,商贸零售,-0.031004239258636778,7838.767247326096,22.03930961309567,3.80195092112872,3.4335706330830775
2026-03-06,商贸零售,-0.0006412858941801142,7833.740356462625,21.92195371380173,3.822892020131954,6.406254316584562
2026-03-09,商贸零售,-0.014283625093147583,7721.846146133852,21.903166210631298,3.802555258773712,6.24505038165106
2026-03-10,商贸零售,-0.022942332235558187,7544.688986377385,21.940459874382565,3.7852267770722685,6.012095486529905
2026-03-11,商贸零售,0.01849914798849247,7684.259304463529,22.06689967269227,3.795298894844855,7.588014630427159
2026-03-12,商贸零售,-0.018234173597078386,7544.143186340976,22.33622020797341,3.8413898028987976,6.155077494792883
2026-03-13,商贸零售,0.018805751519081322,7686.016468527675,22.151812750727824,3.8313586241742237,4.191462915902626
2026-03-16,商贸零售,0.006640260704919062,7737.053621660999,22.20196828607525,3.840795033265301,7.243492346882391
2026-03-17,商贸零售,-0.0010366893872373016,7729.032700282937,22.324015224330946,3.8062011206173225,3.4550170224451606
2026-03-18,商贸零售,0.024311068247351433,7916.933741745527,22.608195151826422,3.792566101839595,4.51008522999087
2026-03-19,商贸零售,0.008996796955004152,7988.160787126233,22.74404156440976,3.7938217677533927,4.055997863160137
2026-03-20,商贸零售,-0.0020856624590676553,7971.500180055528,22.98381410829527,3.7883733302231337,4.833255902592738
2026-03-23,商贸零售,0.005362005572420981,8014.243408441542,23.098475673157544,3.8363710367231922,1.2684433564778512
2026-03-24,商贸零售,0.005131502771615871,8055.368520704364,22.817665806842538,3.8253640618970954,7.889829060910492
2026-03-25,商贸零售,0.030533188444581288,8301.324605737576,22.91378253689105,3.7964871011545176,3.348233398988091
2026-03-26,商贸零售,-0.017367515017018553,8157.151225986284,22.867811061157774,3.8540571050379646,4.623785567710521
2026-03-27,商贸零售,0.02153892796684965,8332.847518657501,22.956884809544253,3.8577136624683663,4.942645482126259
2026-03-30,商贸零售,-0.0024318765256264433,8312.583062385253,22.733165667329825,3.894576888059168,3.8657078577151442
2026-03-31,商贸零售,0.002859458197209626,8336.352546162976,22.732970865280564,3.8472229446090678,4.552166777157997
2026-04-01,商贸零售,-0.0006309028822350356,8331.093117314274,22.83756710171977,3.872193129861932,5.26878700809722
2026-04-02,商贸零售,0.01383333554553931,8446.339923867215,22.70575948944647,3.8836212148807685,6.794622283087767
2026-04-03,商贸零售,0.0011466068223803597,8456.024554848065,22.70904727694012,3.8385582144639763,5.977777938354022
2026-04-06,商贸零售,-0.02371274019588101,8255.509041488964,22.714546258405843,3.801286975013065,3.495795002499906
2026-04-07,商贸零售,0.013154082603294317,8364.102689352952,23.122328425413492,3.8035094242322707,3.2910555049962102
2026-04-08,商贸零售,-0.0055810146474543736,8317.42250973086,23.15322782953989,3.8121900049509025,7.8984738997446
2026-04-09,商贸零售,0.005030307194828208,8359.261700023986,23.11957480214868,3.829009342421262,3.7949276881090404
2026-04-10,商贸零售,-0.00863038787037988,8287.118029242769,23.192764261138976,3.8067107276742744,4.1842051435098195
2026-04-13,商贸零售,-0.005123820305488505,8244.656325610555,22.926188068851406,3.8145884592721466,1.186421808398735
2026-04-14,商贸零售,-0.011125509938657479,8152.930319719159,23.274043281397603,3.8132274546362117,4.6173244400775975
2026-04-15,商贸零售,-0.010389777482483657,8068.223187867083,23.356893530477922,3.8339486298071015,1.5551173232737046
2026-04-16,商贸零售,-0.00967163214074149,7990.190301164632,23.166770087085204,3.830464431526657,7.890164336037749
2026-04-17,商贸零售,-0.014964954401140106,7870.617467651271,23.48166408560337,3.8336098588547487,5.780564583895423
2026-04-20,商贸零售,-0.005886047524483775,7824.290639189644,23.575480774107916,3.848715000767499,2.2005687608616995
2026-04-21,商贸零售,0.005117280737239757,7864.329730960134,23.613425804522766,3.84669630584254,6.4655149218585475
2026-04-22,商贸零售,0.007730028335998396,7925.1212226240905,23.290986824755862,3.838453930195984,3.4861633397349596
2026-04-23,商贸零售,-0.03810446523472897,7623.1387165155975,23.466351533676423,3.8019615376539755,6.449792705602823
2026-04-24,商贸零售,-0.008109020257633635,7561.322530236622,23.603276717760906,3.8289592045876617,4.181525206878214
2026-04-27,商贸零售,-0.0022099727256208227,7544.6122136751765,23.517152891371932,3.8165158735070053,4.310886366564937
2026-04-28,商贸零售,0.005705701893949518,7587.659521871858,23.569795916639503,3.8301039737352816,1.5340548031973928
2026-04-29,商贸零售,0.004383846457511651,7620.92265618762,23.538843761812924,3.850978231334185,7.451299562963112
2026-04-30,商贸零售,0.0032267766105642994,7645.513671165526,23.463944990543844,3.8329710812894486,4.900739861329818
2026-05-01,商贸零售,0.020273744461431133,7800.516861611114,23.24396188415556,3.817195243934579,2.7395162925159147
2026-05-04,商贸零售,0.004123662260981105,7832.683558609486,22.96696645174149,3.792275888821188,1.6642242266747578
2026-05-05,商贸零售,-0.01253709469769488,7734.484463098121,23.221916256811884,3.7387525394481895,5.047135404196245
2026-05-06,商贸零售,-0.030129902841220947,7501.445197698041,23.323037986945895,3.76443518035525,3.423919865341859
2026-05-07,商贸零售,0.008344778035866578,7564.043092821048,23.27664273931819,3.749196436880853,1.9615805820243195
2026-05-08,商贸零售,-0.017949475430007644,7428.272487174937,23.255267552184954,3.7041220463099456,6.171117738236821
2026-05-11,商贸零售,-0.002802018313422064,7407.4583316287835,23.26484922844611,3.6909519266033497,2.1864179244403967
2025-05-12,建筑材料,0.004497479139340038,1008.4827805768931,31.552234255130287,2.9356032983191263,3.934806688979298
2025-05-13,建筑材料,0.035598503199662644,1044.3832580680644,31.47572991189423,2.946414017214716,3.788170399093683
2025-05-14,建筑材料,0.017123501392368165,1062.2667562417587,31.29672031286102,2.9712519412975564,7.879617777935133
2025-05-15,建筑材料,0.012611972018742687,1075.6640348479204,31.381495475042772,2.9758551311814276,7.1869101292904
2025-05-16,建筑材料,-0.002947631650135779,1072.49337349389,31.38548911423895,2.976439245995258,4.046905672047589
2025-05-19,建筑材料,-0.003831189857556028,1068.3844477590642,30.831979134955436,2.9507427693183454,7.42408066363865
2025-05-20,建筑材料,0.014600587713431385,1083.9834886002363,30.7383636520257,2.9507156327580635,4.128566261555618
2025-05-21,建筑材料,0.014142933595242014,1099.3141950978484,30.933219067046675,2.9741919539742736,3.2997458161734414
2025-05-22,建筑材料,-0.004106287994831773,1094.8000944159699,30.81313900180902,2.964679456548919,2.8327509590655935
2025-05-23,建筑材料,-0.010579508950792163,1083.217647017768,30.920215133630123,2.967801035695381,5.800206126313385
2025-05-26,建筑材料,-0.008778179752540537,1073.708967801122,31.312810948386407,2.9891296541553145,7.337752630503037
2025-05-27,建筑材料,-0.006617934585861118,1066.6032320879617,31.254850695467308,2.9885873656439776,6.5477174123452935
2025-05-28,建筑材料,0.0014004063252132,1068.0969100006705,31.605299619246974,3.0021247028694367,4.788216810966738
2025-05-29,建筑材料,0.003993249156951246,1072.362087086073,31.13353622320932,3.002808441344274,3.1363568410796683
2025-05-30,建筑材料,-0.003421645906245182,1068.6928437407823,31.483399543574897,2.943619803221763,5.574207947437772
2025-06-02,建筑材料,-0.028358343011878003,1038.3864855036418,31.192830597189744,2.941415118671203,4.554620193589595
2025-06-03,建筑材料,0.01253072660558113,1051.3982226644182,31.607552947516695,2.9263859030439123,7.591237358341962
2025-06-04,建筑材料,0.007016083389821268,1058.7749202705415,31.872475210008663,2.9349347104616874,2.7262473457616494
2025-06-05,建筑材料,0.012777020781373579,1072.3029094296353,32.05460712530687,2.896842999590006,5.604573855180245
2025-06-06,建筑材料,-0.021307954789227087,1049.454327515152,32.118648657630025,2.886855987336787,1.3002073188758765
2025-06-09,建筑材料,0.008587994051613127,1058.467035037292,31.84780188844721,2.894344198492617,6.733402189685449
2025-06-10,建筑材料,0.014385936689753498,1073.6940747915294,31.7663957347999,2.906265682246012,6.9458811156452365
2025-06-11,建筑材料,-0.005326311892929645,1067.975245271599,31.436643233233113,2.9467284327097185,1.2109892240576963
2025-06-12,建筑材料,0.007310442922389597,1075.7826173446822,31.637146721841734,2.9104470175345702,3.501580754043831
2025-06-13,建筑材料,0.010078228305956675,1086.6246001698614,31.93941930221894,2.897440683171485,5.403328955109353
2025-06-16,建筑材料,-0.0060853837726044385,1080.012072461075,31.619258625180702,2.893094951257895,3.2846194372286415
2025-06-17,建筑材料,-0.009504295811770308,1069.7473182441217,31.537008273873113,2.929107126165804,5.028268221970909
2025-06-18,建筑材料,0.004352587221953617,1074.4034867522303,31.499528327082327,2.932156937390924,4.0492830047555675
2025-06-19,建筑材料,0.02411042709600897,1100.307813691268,31.749246914127234,2.957536472232359,5.560008685372117
2025-06-20,建筑材料,0.014077464393269186,1115.7973577601426,31.82051126510438,2.9437441902805603,6.0734785974207135
2025-06-23,建筑材料,0.0025488725807968652,1118.641383051063,32.32327198883971,2.9562957824758778,1.5526837885209774
2025-06-24,建筑材料,0.02002988004804105,1141.0476357703506,32.56691964591086,2.9805220774849546,6.428977034666022
2025-06-25,建筑材料,0.005396963418215219,1147.205828119044,32.346472106371024,3.004627614556471,2.6826176782202635
2025-06-26,建筑材料,-0.011701922044467367,1133.7813149494364,32.04906451873682,3.029419780272987,1.062960049722018
2025-06-27,建筑材料,-0.012505702287529194,1119.6025833655153,32.12395431594723,3.0434512188312826,7.784721539477632
2025-06-30,建筑材料,0.0034503137220798933,1123.4655635221775,32.301627122362184,3.0290773227474728,3.474872938107082
2025-07-01,建筑材料,0.00228237135712008,1126.0297291450713,32.351597793933955,3.025260346360029,3.3612247820677186
2025-07-02,建筑材料,-0.010640693025786763,1114.0479924593287,32.2402009656136,3.0583733703590017,5.792118783571587
2025-07-03,建筑材料,0.005043983222575152,1119.6672318424369,32.25813885546979,3.055617897046054,6.065047481488046
2025-07-04,建筑材料,0.01042884504826089,1131.3440679089367,32.20949697311353,3.045564182666213,3.2416102867796526
2025-07-07,建筑材料,-0.018272022556430272,1110.6721235810212,32.14660196802287,3.0971034910048223,4.481547441517024
2025-07-08,建筑材料,-0.0005376067640582919,1110.075018734733,32.015612255414005,3.1019293730271236,7.131911321951872
2025-07-09,建筑材料,0.002599824768378048,1112.9610192631974,32.168204297302985,3.0947076020809274,3.8560716204827568
2025-07-10,建筑材料,0.0036093332426819515,1116.978066467833,32.38593028682833,3.051592342331454,3.1106017466767346
2025-07-11,建筑材料,-0.020250154111079867,1094.3590884831633,32.75167679121138,3.0602838266965864,2.5070880812501226
2025-07-14,建筑材料,0.014591149952856392,1110.3270460454924,32.99502634419516,3.0495586666836876,3.7053582499122095
2025-07-15,建筑材料,0.03192577523213304,1145.7750977516991,33.129214488384385,3.017461037237835,4.3267843182562
2025-07-16,建筑材料,-0.014378474656607677,1129.3005995465041,32.94399138766006,2.9951704376569435,1.4345493882242526
2025-07-17,建筑材料,-0.015901314134183768,1111.3432359611932,32.63468576084466,2.99742557129087,6.511676977910639
2025-07-18,建筑材料,0.0074661632180331875,1119.6407059521366,32.754173514548356,3.0253653453527356,2.3368742137814205
2025-07-21,建筑材料,0.014401543190104017,1135.765259936305,32.1434332255447,3.063501452610056,7.845243005373216
2025-07-22,建筑材料,0.010733064708839187,1147.955501965253,31.98481043986921,3.084252933528311,5.967054357147855
2025-07-23,建筑材料,0.012007235748448053,1161.7392743060777,32.21563234131288,3.068176657997357,1.4097899536505456
2025-07-24,建筑材料,0.011898117926461902,1175.5617851915738,32.527563126622,3.059003524785795,1.8859551666978627
2025-07-25,建筑材料,-0.004339045351433825,1170.4609692922152,32.32152413845871,3.0686199077004064,2.697357419769322
2025-07-28,建筑材料,0.008596677421799375,1180.523044680027,31.972959965652457,3.0710558916823327,2.9689491505117758
2025-07-29,建筑材料,0.02616647540159032,1211.4131718896572,32.00311534540165,3.0641711204051343,7.486349440003456
2025-07-30,建筑材料,-0.008180773807809792,1201.5028747426265,32.17641559567316,3.0614914106578266,7.93980379086495
2025-07-31,建筑材料,-0.02724855791745093,1168.7636540722183,32.23566275612609,3.049132890906096,2.7643280177044938
2025-08-01,建筑材料,0.0066600517902605265,1176.5476805389135,32.149993847758836,3.083923113197681,2.4107655589136674
2025-08-04,建筑材料,0.019506022675717587,1199.4974462745683,32.364924851633596,3.0746066352169223,2.5489372876056327
2025-08-05,建筑材料,-0.009322586864333857,1188.315027138127,32.71316099982723,3.05951952499945,5.995956715920269
2025-08-06,建筑材料,-0.005607063649758729,1181.652069144999,32.5821300298947,3.042428466492527,3.8722088603172278
2025-08-07,建筑材料,-0.006555481216156531,1173.9057712016863,32.61367836243389,3.037423016646036,6.514045511072735
2025-08-08,建筑材料,-0.012380361168152696,1159.3723937768307,32.653286947863265,3.0531240901743657,6.8935704144974
2025-08-11,建筑材料,-0.013896824625023566,1143.2607989454202,32.139703404007,3.0639535453100573,4.349911005562468
2025-08-12,建筑材料,-0.03755845564945503,1100.321688932468,32.21961883721367,3.0665644400433525,2.689111495784748
2025-08-13,建筑材料,0.003016022229057999,1103.640283605403,32.6603074167441,3.0855827999304144,1.981094951914912
2025-08-14,建筑材料,0.011237956156429028,1116.0429447250294,32.5931878123173,3.050227513732796,1.8594935868340554
2025-08-15,建筑材料,0.005299456861353694,1121.957366166018,33.329011685512405,3.0765485844792577,3.3409011594822866
2025-08-18,建筑材料,-0.009061786165084072,1111.7904284274805,33.37879135466138,3.0802296034265053,1.4327098569111776
2025-08-19,建筑材料,-0.017003927685031478,1092.8856243815894,33.11145726136567,3.1196663325247664,3.798514232795739
2025-08-20,建筑材料,0.00015144693899525998,1093.0511385640739,33.53372166807953,3.1206901260595963,5.150337389836844
2025-08-21,建筑材料,0.026947376773754424,1122.5059994279413,33.68829676661296,3.1556394448299536,5.30930576572152
2025-08-22,建筑材料,0.017880439770788938,1142.5769003430619,33.18045781553519,3.149662819038184,3.884344581225702
2025-08-25,建筑材料,-0.010205450756330512,1130.91638805129,33.19384328049761,3.1814688169545247,6.117464613089204
2025-08-26,建筑材料,-0.00021928195372874606,1130.6683984962142,33.093293109988764,3.176770047081414,1.2206552971497904
2025-08-27,建筑材料,0.004231170791480131,1135.452449598781,33.55580224712358,3.1623078296302793,4.181244547890286
2025-08-28,建筑材料,0.030162675552383066,1169.7007334411876,33.429418347418945,3.1837854729470165,2.071794716340134
2025-08-29,建筑材料,-0.012217133191871501,1155.410343786107,33.86969271500481,3.1557656911207097,6.798583050611384
2025-09-01,建筑材料,0.010331709446518846,1167.3477077496077,34.11037275626264,3.133811399397985,2.517839523850934
2025-09-02,建筑材料,-0.0046662685323399285,1161.9005498746365,34.686596068240945,3.146917418409625,5.974601639467997
2025-09-03,建筑材料,0.01875616919748244,1183.693353178733,34.86949723342337,3.119378721793892,2.43208360505307
2025-09-04,建筑材料,-0.006992905599749894,1175.4158973009028,34.79362121516825,3.1038550753162637,5.397470540163734
2025-09-05,建筑材料,-0.008554591396377582,1165.3606945786871,34.6838164408315,3.071226936993835,6.8852230828077055
2025-09-08,建筑材料,0.003271373822350252,1169.1730250485277,34.9188648378219,3.0657627537344294,2.824739887841406
2025-09-09,建筑材料,0.0019247805256591476,1171.4234265182672,34.225652030563715,3.030564226495973,3.8234988021651257
2025-09-10,建筑材料,0.005953107034365324,1178.3970355588933,34.244758350823446,3.038030604598939,6.467684285869376
2025-09-11,建筑材料,0.023754432699824614,1206.3891886337499,33.57091269422402,3.0801777627619553,6.960297097208142
2025-09-12,建筑材料,-0.008907294494535667,1195.6435248555651,32.67499861683399,3.111814608202664,3.3820052696887783
2025-09-15,建筑材料,0.015332230325658431,1213.9754067660328,32.51370180903675,3.1345617424862318,7.557376933604717
2025-09-16,建筑材料,0.01034572579555692,1226.5348634469838,32.725913151009145,3.1409042699899157,2.1738812603860556
2025-09-17,建筑材料,0.019619499556101937,1250.5988636559252,32.88365230630006,3.164250708483485,6.449337803813658
2025-09-18,建筑材料,-0.013019406005350119,1234.3168093001593,32.748325090853285,3.187298911472057,5.771246131178164
2025-09-19,建筑材料,0.016304154428684863,1254.4413011729107,32.51799591730679,3.2469815499851147,3.910879870013982
2025-09-22,建筑材料,-0.01312707950004887,1237.974150484269,32.42396315266687,3.237124252842137,1.5429823508349414
2025-09-23,建筑材料,0.015925473284531345,1257.6894747447466,32.51605957360047,3.2806183020198096,2.1039535129836593
2025-09-24,建筑材料,-0.00430744848437711,1252.2720421229403,32.28153671476214,3.2604570854848887,3.793358530698079
2025-09-25,建筑材料,-0.00953232045327693,1240.334983722745,31.96892680940382,3.2792104531565616,1.5682719377418501
2025-09-26,建筑材料,0.02240291778858806,1268.1221063933954,31.874095096977218,3.33766315162926,7.541959022949971
2025-09-29,建筑材料,0.015422715922206214,1287.6799933949706,31.633017835784667,3.3142727310904307,7.322565374796553
2025-09-30,建筑材料,0.01109238682363344,1301.9634379867614,32.14522688211604,3.3116276690094697,2.020988912184532
2025-10-01,建筑材料,0.008397309186165998,1312.8964275246199,31.749937998525457,3.311537032379402,3.6180363956130246
2025-10-02,建筑材料,-0.030042877345337973,1273.4532411853654,31.697903499033817,3.3708788538619237,1.0322695518121772
2025-10-03,建筑材料,-0.014232025836743016,1255.3294217549312,32.16683079163276,3.352225898237061,2.5425878339654404
2025-10-06,建筑材料,-0.0038468977031091618,1250.5002978857367,32.02541392871241,3.3500539800983247,1.9717167757032463
2025-10-07,建筑材料,0.002601967291409045,1253.7540587587328,31.83107636428727,3.3498853572739296,3.5904344400898287
2025-10-08,建筑材料,-0.02030507917592323,1228.2964833285016,31.678196366039952,3.3771209420596455,4.207858376777658
2025-10-09,建筑材料,-0.007400456452590636,1219.2065286927586,32.104539833342706,3.3936423875961212,3.873703797627012
2025-10-10,建筑材料,0.01683495678685508,1239.731817917553,32.23829413825654,3.393762889663857,5.6312804755587464
2025-10-13,建筑材料,0.013634587117445942,1256.6350493912194,32.228818580036034,3.3728086841844274,7.156651148102612
2025-10-14,建筑材料,-0.0012880074875419487,1255.0164940384957,32.32773656532821,3.3491143977881377,7.844680423967364
2025-10-15,建筑材料,-0.0012545577650296318,1253.4420033506594,32.07166497128506,3.364303296543112,1.8264122983326991
2025-10-16,建筑材料,-0.010882862519637906,1239.8009663518546,31.88741000812425,3.347740365101476,4.867638462568845
2025-10-17,建筑材料,0.0006816236874691425,1240.6460440582673,32.16302923571787,3.3503053077735774,6.582646995226066
2025-10-20,建筑材料,-0.009811444310101327,1228.473514488442,32.315597989468934,3.3301435848902297,5.141762936724011
2025-10-21,建筑材料,-0.02418613873487013,1198.7614836349112,32.38370318168461,3.3350826577902466,2.6843765871057
2025-10-22,建筑材料,-0.0008013876726599398,1197.8008109594666,32.42918084504625,3.3584417114585974,1.8630752645987347
2025-10-23,建筑材料,0.009938817496568907,1209.705534616835,32.416906038965216,3.38690363293336,2.795000862561954
2025-10-24,建筑材料,-0.003360956901484649,1205.6397664515002,32.71895659966675,3.3934127367666704,7.444819088187868
2025-10-27,建筑材料,0.03383646736191407,1246.434357059262,32.65938733668391,3.3801597937806123,2.9578650934988366
2025-10-28,建筑材料,-0.003786268613317665,1241.7150217745677,32.44949408280529,3.4296580013244022,7.916381224868565
2025-10-29,建筑材料,-0.0010463200472425574,1240.4157904543226,32.13718041966764,3.416285930918651,6.018992006581832
2025-10-30,建筑材料,0.002619118907046529,1243.6645869037006,32.42191564282221,3.451969599428095,4.888454475254945
2025-10-31,建筑材料,0.013156728547502872,1260.027144277735,32.03792501841409,3.4220379262237604,5.827181032294131
2025-11-03,建筑材料,-0.003919701872994243,1255.088213520286,31.976073526157354,3.414126797122937,6.723895182933242
2025-11-04,建筑材料,0.018045127972775344,1277.7364409503816,32.34807037827152,3.3646403144820267,5.831838264297808
2025-11-05,建筑材料,-0.021233169317932656,1250.6060467559896,32.366910358813094,3.4106903576651253,7.784884710439684
2025-11-06,建筑材料,-0.00134675218982809,1248.9217903239087,32.505854884895754,3.4155056151279886,4.582291212900222
2025-11-07,建筑材料,0.019815840604642806,1273.6702254486322,32.53320140577378,3.3982191058864344,7.304045513942152
2025-11-10,建筑材料,0.010297390029414696,1286.7857045289295,32.704618013407845,3.3866694839297127,2.6324344165516504
2025-11-11,建筑材料,-0.015110015948526973,1267.3423520111608,32.90300285952628,3.3391241434404657,3.5534866935917355
2025-11-12,建筑材料,-0.028090345103024952,1231.742267979488,33.39298390829041,3.3250253640678036,7.242869201413479
2025-11-13,建筑材料,-0.003975329743287921,1226.8456863055242,33.4696178257875,3.3602776448235994,2.658024966082513
2025-11-14,建筑材料,-0.00371338404230198,1222.2899371116303,33.48597714181299,3.3391180154647566,4.7806539476840015
2025-11-17,建筑材料,0.007412236597836875,1231.3498393166567,33.50810213509476,3.3356497049471128,5.094447663073808
2025-11-18,建筑材料,0.012288514146661756,1246.4812992365892,33.53219556506474,3.3354370766288945,2.6674983698040338
2025-11-19,建筑材料,0.0049011807899577275,1252.590529435449,33.32824942532376,3.358645369562385,6.0905098161304965
2025-11-20,建筑材料,0.007044695869380363,1261.414648764188,33.472607972951344,3.340600977777002,3.892757022632934
2025-11-21,建筑材料,-0.022935709126693953,1232.483209291982,33.13095413452115,3.33970636990413,4.167290352900396
2025-11-24,建筑材料,0.04689877516847436,1290.2851622234864,33.411558798434065,3.3416353716993275,2.6154874575957265
2025-11-25,建筑材料,0.020186150876310725,1316.3310531815948,33.70358261548456,3.3576602780992855,3.2356016650678323
2025-11-26,建筑材料,-0.01420806150387064,1297.628540618536,33.81017169284049,3.3757851431054515,7.379157142137996
2025-11-27,建筑材料,-0.0037096500408268763,1292.8147928498522,34.27474514587067,3.393051955810218,6.97810790644159
2025-11-28,建筑材料,5.6847757564379236e-06,1292.8221422120441,34.43579690096505,3.3381785346537893,1.5038735593950012
2025-12-01,建筑材料,0.022333694445320556,1321.6956369083525,34.81551553563613,3.3284011515482943,6.634198485940701
2025-12-02,建筑材料,-0.014446398875373096,1302.601894545734,34.834326993455996,3.3293952804574816,4.477538809007871
2025-12-03,建筑材料,-0.0002187538595122102,1302.3169453538942,35.324969334831636,3.3070101641985623,1.9338453689474933
2025-12-04,建筑材料,-0.006847301342543748,1293.3995887855551,35.271860539050834,3.3122529257034223,6.789318437999808
2025-12-05,建筑材料,0.0011553417891104244,1294.8939073804972,35.33952518287046,3.341496857407469,4.62776617989247
2025-12-08,建筑材料,0.018639660378619607,1319.0302900404135,35.23709990084619,3.373989754760605,6.725126100295892
2025-12-09,建筑材料,-0.015606861960138179,1298.4443663825118,35.46070769174535,3.353864028223175,6.630587375057681
2025-12-10,建筑材料,-0.008654468277573954,1287.2070208034597,35.295193058052114,3.357382941071897,3.6598244712088572
2025-12-11,建筑材料,-0.0035843459255591893,1282.5932255630917,35.20382338339031,3.370863354373799,4.1726251556994916
2025-12-12,建筑材料,0.013329953511718782,1299.6901336342933,35.29461471200677,3.309216937068975,7.069105549304062
2025-12-15,建筑材料,0.006875279898627616,1308.6258670845136,35.14871229838836,3.3030449580560353,4.11529475257168
2025-12-16,建筑材料,0.02613570884288945,1342.8277317309082,35.59073350207369,3.2981384937298097,2.9518562924748735
2025-12-17,建筑材料,0.0057895795814479995,1350.6021397479396,35.021678797313385,3.2762039886090184,6.154421038825287
2025-12-18,建筑材料,0.01930311095820461,1376.6729627118827,35.217023608091274,3.2837303336520454,2.509625693825569
2025-12-19,建筑材料,-0.0004137491553197545,1376.1033654364091,35.29767854361733,3.331132924250776,6.718304162794184
2025-12-22,建筑材料,0.022625367794542352,1407.2382102027152,35.26314036492099,3.3349305196803796,6.43266000352827
2025-12-23,建筑材料,0.004158387777448709,1413.090052375981,34.69568835730035,3.359720780699371,1.3107230084484254
2025-12-24,建筑材料,-8.85263367838799e-05,1412.9649566900985,34.053000598631535,3.344806123559741,4.558915859502617
2025-12-25,建筑材料,-0.007147711346977547,1402.865491036283,33.651643713755526,3.3578273060955484,5.111726321193491
2025-12-26,建筑材料,-0.0007409181846954625,1401.8260824832923,33.90365377830156,3.425431022294236,3.9811842512552045
2025-12-29,建筑材料,-0.010064469691058009,1387.7174463640047,34.21049514885667,3.3872713763229503,1.0145705864494419
2025-12-30,建筑材料,-0.011369892123360436,1371.9392487011407,34.00195420174595,3.4118631579086407,5.7059155781731565
2025-12-31,建筑材料,0.005341760657359386,1379.2678198041397,34.11141089054983,3.4085736202974775,7.254645282123287
2026-01-01,建筑材料,0.02859554218105281,1418.7087309243177,33.64612885199884,3.440686419128992,3.1138615886775542
2026-01-02,建筑材料,-0.0023517711284683804,1415.3722526912238,33.35654104561385,3.429360876527266,2.464292149437112
2026-01-05,建筑材料,0.002412404412670015,1418.7867029591869,33.92921753172208,3.41542611232493,3.612284219045772
2026-01-06,建筑材料,-0.02089846364919601,1389.1362406214316,34.13458270316229,3.409830680994963,3.398447741397198
2026-01-07,建筑材料,0.0027499406220826152,1392.9562827991235,34.15128540526341,3.453128049579441,3.0714666774384325
2026-01-08,建筑材料,-0.014321965138785515,1373.0064114770223,34.29080812757896,3.40867145454851,7.854852186232527
2026-01-09,建筑材料,0.010851950441577132,1387.9062090103387,34.269946371050246,3.4033374901267632,3.812735849590292
2026-01-12,建筑材料,0.005137348262648315,1395.0363665619166,34.34628851329753,3.463542338386564,1.6717097090422204
2026-01-13,建筑材料,0.030687104917059938,1437.845993905716,34.051831145162126,3.4632653848857156,7.5158269107224145
2026-01-14,建筑材料,-0.01296103023979023,1419.210028498543,33.97072359282933,3.4833835633633603,4.719575046749371
2026-01-15,建筑材料,-0.015342575823816755,1397.435691026383,34.318133813076926,3.4836433217222997,5.211450150763355
2026-01-16,建筑材料,-0.010980164425746813,1382.0916173645062,34.154940462291925,3.4517312561209166,4.787358559814063
2026-01-19,建筑材料,-0.015350009742288144,1360.8764975732263,33.89403108220785,3.4691120000555125,5.375092743812321
2026-01-20,建筑材料,0.00010534454502904133,1361.0198584887037,33.74892008776412,3.5160269571882012,1.1395251698380369
2026-01-21,建筑材料,0.01960826962150518,1387.707102834173,34.135875715414855,3.513335663697564,7.407302612659553
2026-01-22,建筑材料,-0.014575557034926608,1367.4804988090407,34.0844051452947,3.4731749724573637,4.227722296403643
2026-01-23,建筑材料,0.007281238929113132,1377.437451051772,34.207651655072745,3.454408811057018,1.5042584751296406
2026-01-26,建筑材料,0.019722304163839917,1404.6036914280794,34.57284771422536,3.423534751375209,5.919226021423535
2026-01-27,建筑材料,-0.0005739383004364551,1403.7975355726344,34.71598786751877,3.441164961963255,2.0543299207926617
2026-01-28,建筑材料,0.032829003183198244,1449.8828093365141,35.32930779993541,3.388557369794733,7.65524724229581
2026-01-29,建筑材料,0.0018847753994247888,1452.6155127876007,35.3204831157537,3.345419012003988,2.3416507091106546
2026-01-30,建筑材料,0.0041206859905220045,1458.6012851807595,35.27854423892985,3.315179419278335,1.1534850085224626
2026-02-02,建筑材料,0.00410674887754277,1464.5913943714581,35.27027339119916,3.3458067738165984,1.8330377350278377
2026-02-03,建筑材料,0.011542516993847311,1481.4964654300331,34.75655212657979,3.339674844058889,7.258682695923206
2026-02-04,建筑材料,-0.0023611763250199506,1477.998391050259,34.389888558110805,3.350724380470591,6.8117046957928515
2026-02-05,建筑材料,0.039100786181740274,1535.7892901156713,34.224003343289404,3.315323530818978,6.544590076017668
2026-02-06,建筑材料,-0.036177837305159215,1480.2277550428605,34.414428844655326,3.317427076450836,6.995788544821562
2026-02-09,建筑材料,0.004870012733760709,1487.4364830587851,33.98155706109127,3.3200514854699783,1.1010947296460183
2026-02-10,建筑材料,-0.0012628483852292398,1485.5580762980233,34.571717319305115,3.338591961285973,7.915666577445953
2026-02-11,建筑材料,0.015372279418498943,1508.3944901392842,33.81349333858707,3.3489606928873865,3.007177826075065
2026-02-12,建筑材料,0.016364809443580784,1533.079078536161,33.79540330791232,3.31882330705509,2.9354327697941516
2026-02-13,建筑材料,-0.010063128622361372,1517.6515065806004,33.78576795159233,3.3017193396526983,1.4012698960508407
2026-02-16,建筑材料,-0.012313074501466995,1498.9645505128099,34.170401786014644,3.3072188183239497,7.816315150701096
2026-02-17,建筑材料,-0.020732720295593202,1467.8869377540182,34.148001725641265,3.358477647289972,6.438400094781544
2026-02-18,建筑材料,0.007789895998519807,1479.3216243367078,34.231798547736474,3.3696928677814775,3.107182609291892
2026-02-19,建筑材料,-0.004952635436500846,1471.9950836380358,34.20156504952201,3.375687625497674,7.487939802138733
2026-02-20,建筑材料,-0.004150625315041951,1465.8853835802704,33.80153456772498,3.3755470771446157,4.852866102249401
2026-02-23,建筑材料,0.0035692049983498055,1471.117429018353,33.61881387456923,3.3942907271042637,3.1209365146504826
2026-02-24,建筑材料,0.004211568200076922,1477.3131404009857,33.41845982091962,3.378854122039308,7.21679558626264
2026-02-25,建筑材料,-0.011021891739238631,1461.0303549025314,33.60956440318598,3.3286274551439634,3.7829620615242394
2026-02-26,建筑材料,-0.0028620426623464233,1456.8488236958171,33.43907455112039,3.3522676404289573,3.2711545755243767
2026-02-27,建筑材料,-0.0028937516417012854,1452.6330650205368,33.78205469578862,3.3375903967420113,6.312696558481186
2026-03-02,建筑材料,-0.0059957273325223805,1443.9234732484674,34.139151245692965,3.338547108869879,2.943998227629957
2026-03-03,建筑材料,0.020120073286572213,1472.9753193504287,33.86227078285375,3.3192234617489866,2.0149507047382738
2026-03-04,建筑材料,0.017466302904680153,1498.7027524493212,33.94173688803297,3.2990626927648927,1.9891892114591214
2026-03-05,建筑材料,0.00036738367435357677,1499.2533513732799,33.89052780811715,3.2969796203527983,3.1650536461221055
2026-03-06,建筑材料,-0.011285179269763627,1482.3340085322386,33.68003671644836,3.3184652868474034,3.709387888214606
2026-03-09,建筑材料,0.006551237831377676,1492.0451311676727,33.58500491064323,3.3404664582662975,2.379111157305135
2026-03-10,建筑材料,0.015609710089550068,1515.3355231057246,33.155008193974076,3.379074524279438,2.658551155957377
2026-03-11,建筑材料,-0.01645239465468004,1490.4046250453332,32.88978217903908,3.414686831765885,4.191078601213541
2026-03-12,建筑材料,0.028006978415371937,1532.1463552091484,33.04103064431039,3.431997887571629,6.052899248286678
2026-03-13,建筑材料,-0.007193017340078562,1521.1255999085909,32.88937084652436,3.4865675919084986,2.102691278874614
2026-03-16,建筑材料,-0.018560951746880775,1492.8920610477423,32.92198353792912,3.4331000245395282,6.039577510432221
2026-03-17,建筑材料,-0.022008681600415407,1460.0354750123547,33.05169180334884,3.4201730806548207,3.2829262891131608
2026-03-18,建筑材料,0.022710474164891963,1493.1935729474487,32.97008238255141,3.37972071211103,3.703420471821167
2026-03-19,建筑材料,0.014685199344140719,1515.121418225572,33.18196555141775,3.335210024233366,3.328371732447878
2026-03-20,建筑材料,0.00878128523831635,1528.4261315696933,33.611548760840904,3.3234365831766683,2.55013209337109
2026-03-23,建筑材料,-0.012159627376161745,1509.8410393378176,33.70673180876433,3.258852576728785,4.547340000988769
2026-03-24,建筑材料,-0.010657176968155619,1493.7503961878106,33.86655513081828,3.254798847631193,3.1017419284129697
2026-03-25,建筑材料,0.006826106422527363,1503.9468953608812,34.135224304735445,3.2704492988347487,3.6493023536955738
2026-03-26,建筑材料,0.007832523418112101,1515.726594638392,34.224609367434525,3.2837844601115154,5.685031667072302
2026-03-27,建筑材料,0.009318372638248031,1529.8506998649352,34.02822475150746,3.2807851757028863,4.226229787394017
2026-03-30,建筑材料,-0.0005744117803250078,1528.9719356007943,33.99724258308012,3.23621657632592,5.79776672136677
2026-03-31,建筑材料,0.011824024391330748,1547.0505370609983,33.913644636507435,3.2684219001464174,7.300965659051025
2026-04-01,建筑材料,-0.0075111116695079855,1535.4304677187608,34.171091352709894,3.240737492259759,6.679755986410877
2026-04-02,建筑材料,-0.016201606385778368,1510.55402764805,34.03579792203733,3.265728795939789,5.1481324321112325
2026-04-03,建筑材料,-0.0012661336119024892,1508.64146442105,33.72801445572396,3.2880740674682327,2.2464580682731246
2026-04-06,建筑材料,0.020206235729412745,1539.1254294823082,33.547731691003506,3.3135565000031075,1.9449689853144463
2026-04-07,建筑材料,-0.012416865882584357,1520.0143154479513,33.50499425627374,3.2936522201348226,6.963049221599049
2026-04-08,建筑材料,-0.02052473664689555,1488.8164219238708,33.43095883838862,3.3308453716577757,6.072025404266713
2026-04-09,建筑材料,-0.02815306984973394,1446.901669204017,33.649009304803286,3.355567072677659,5.333661095355214
2026-04-10,建筑材料,0.017330024571235232,1471.976510683484,34.06163045161989,3.382092051454739,3.6918185884977675
2026-04-13,建筑材料,-0.00472052957228309,1465.0280020350967,34.27919893298259,3.389113077608409,3.6319066834928364
2026-04-14,建筑材料,-0.014391236565201764,1443.9444374831646,34.20151048728504,3.424124804499542,5.679937678934769
2026-04-15,建筑材料,-0.014866767120767028,1422.4776517957755,34.02014107842951,3.4650828506714695,5.5986271744794625
2026-04-16,建筑材料,-0.023307999046407565,1389.3225440441836,34.07778274254201,3.4660236313416237,5.837631305466157
2026-04-17,建筑材料,-0.002340725851878652,1386.0705208487416,33.97061864345451,3.4682390014297715,4.632868774662951
2026-04-20,建筑材料,-0.016636137427022652,1363.0116611803571,34.395297170313135,3.4815077607952865,7.799307901486239
2026-04-21,建筑材料,-0.0181077392813265,1338.3306013822955,34.17318951975713,3.4864970062428995,4.872850814229114
2026-04-22,建筑材料,-0.019216352588474612,1312.612768666188,34.37721122258723,3.4597036065331332,6.130400094186537
2026-04-23,建筑材料,-0.0006960635471947667,1311.699106766337,34.30171627947974,3.461133714844246,3.43339461007296
2026-04-24,建筑材料,0.015081905581355906,1331.4820288457356,34.07068378141027,3.4387594671096937,1.6983762369556445
2026-04-27,建筑材料,-0.0006170637564656749,1330.6604195433495,34.06389616899126,3.4573019379531487,3.8669295220541064
2026-04-28,建筑材料,-0.02624224333264324,1295.7409050205758,33.79591502830705,3.4309601076922283,6.584532142043745
2026-04-29,建筑材料,-0.0004162335891142706,1295.201574133117,33.830560011089496,3.439636230557479,6.485148601921313
2026-04-30,建筑材料,0.023668626682995006,1325.8572166705012,33.98387076752453,3.4471906674967636,7.200770037326365
2026-05-01,建筑材料,-0.001701945611810588,1323.6006797987015,34.38447368420282,3.449165429617474,4.514501251238765
2026-05-04,建筑材料,-0.029129802937434873,1285.0444528283106,34.05319745381438,3.460839611802391,5.589339163114921
2026-05-05,建筑材料,0.033156791736581946,1327.6524041229889,33.83709479631335,3.4501733924368683,2.471408501167642
2026-05-06,建筑材料,-0.02273641850368501,1297.466343435425,33.82780628891048,3.479698366664461,2.5748699090166847
2026-05-07,建筑材料,0.0016219243951410662,1299.5707357497172,33.760833725221175,3.429009239351844,5.603742036548413
2026-05-08,建筑材料,0.0045619371084463485,1305.4992957141849,33.979764622076935,3.4134029993713977,3.157652356509593
2026-05-11,建筑材料,0.0004112428970266414,1306.0361730266206,33.997541426924,3.448255138071562,5.585413121384079
2025-05-12,建筑装饰,-0.012028984365393713,1755.5973114863896,18.666239934779046,1.658158633910005,3.163379694002449
2025-05-13,建筑装饰,-0.006031757245581242,1745.0079746825086,18.466685601366308,1.632439931436685,2.619238606333942
2025-05-14,建筑装饰,-0.016831662915056847,1715.6365886685664,18.676871713152522,1.6460356722095104,4.272996735766922
2025-05-15,建筑装饰,-0.0005376119504063568,1714.7142419359438,18.72805097197619,1.6335779472704721,3.253157556202844
2025-05-16,建筑装饰,0.03265212280550213,1770.7033019399798,18.715558929046786,1.6230943568276952,6.72869189451616
2025-05-19,建筑装饰,0.0009183317401282241,1772.3293949845013,18.67338329410796,1.6195257257725095,2.2827910528234354
2025-05-20,建筑装饰,0.005757530162421375,1782.5336349338704,18.56188857183476,1.6302759286989423,2.343889872924539
2025-05-21,建筑装饰,-0.020818810212996523,1745.4234054898993,18.325717457915484,1.6341516442743096,3.8417301943771256
2025-05-22,建筑装饰,0.014278937047626679,1770.3461964183437,18.415227143159402,1.6347562681208734,1.7925027362692676
2025-05-23,建筑装饰,-0.0034759763056489115,1764.192514986798,18.252864953600316,1.6366360735404037,1.5424721516321953
2025-05-26,建筑装饰,-0.0060673527821407175,1753.4885366227609,18.24943676224486,1.627464699647101,7.70450645277071
2025-05-27,建筑装饰,-0.028240028423768337,1703.9699705077821,18.108246582410334,1.6275400202084112,3.62668984823174
2025-05-28,建筑装饰,0.001551656438466295,1706.613946483474,17.930585811492175,1.6215652104352194,4.585561402132773
2025-05-29,建筑装饰,-0.024829441397511785,1664.2396755110863,17.866732770212913,1.615228832924117,4.560783293814104
2025-05-30,建筑装饰,-0.012976007160089516,1642.6444895655493,17.87560299766631,1.6236053649856401,1.444145125620265
2025-06-02,建筑装饰,-0.005507028041760017,1633.5984002988691,17.899577778627823,1.6350122391264654,5.557552830244768
2025-06-03,建筑装饰,0.01278871768085893,1654.4900290441942,17.840747819643912,1.6380406458163828,6.087463866486873
2025-06-04,建筑装饰,-0.005616413842243362,1645.1977283432168,17.71546619111649,1.638099999119096,7.771985024581097
2025-06-05,建筑装饰,0.01066081218067902,1662.7368723251636,17.70865426219764,1.6265629956295737,1.4368162419380945
2025-06-06,建筑装饰,-0.009960433430826539,1646.1752923953882,17.73831332981033,1.6194141421675998,6.241206961651383
2025-06-09,建筑装饰,-0.010892658569410789,1628.2440669899252,17.776463435826166,1.6160376878928697,1.923327571815606
2025-06-10,建筑装饰,-0.0012512410799553236,1626.206741125114,17.715536850078493,1.6194172041160793,3.185131857954957
2025-06-11,建筑装饰,-0.006017743262014757,1616.4206464660654,17.589803470598344,1.6277419709863168,4.22050395938714
2025-06-12,建筑装饰,-0.005003115878351408,1608.333506663636,17.353447804143144,1.6374604568055973,4.610406013716066
2025-06-13,建筑装饰,0.011697556505083683,1627.1470787368532,17.333620025679206,1.640853355556412,2.6821794578346316
2025-06-16,建筑装饰,0.023152580828307814,1664.819732996853,17.532703876853873,1.6424621158805994,3.6210531014431004
2025-06-17,建筑装饰,-0.007534510511204908,1652.2761312193268,17.638799815087054,1.6504442657473823,4.865076736829256
2025-06-18,建筑装饰,-0.012345077494969414,1631.878654336336,17.75581188571907,1.6573175183911695,3.086808873758724
2025-06-19,建筑装饰,-0.0003927481334734153,1631.2377370407903,17.659048122675994,1.6486698035251712,4.911605840477974
2025-06-20,建筑装饰,0.0021611578852737466,1634.7630993389523,17.73548368559092,1.6616642255150451,5.373896083184512
2025-06-23,建筑装饰,-0.02077535611690334,1600.800313783413,17.575165173913135,1.665938959527761,5.441967595414959
2025-06-24,建筑装饰,-0.004721639325403616,1593.2419120697348,17.568472938354887,1.6695435650983594,3.4481771359078848
2025-06-25,建筑装饰,0.0005297232896540364,1594.0858894166108,17.490579255168402,1.6740050546988883,2.9150010148869194
2025-06-26,建筑装饰,0.028958893017561074,1640.2488521490302,17.695415036946684,1.6814415769463102,5.155302930663925
2025-06-27,建筑装饰,0.020079634959016077,1673.1844503421278,17.681341620066316,1.6929682901879894,2.5768604508653854
2025-06-30,建筑装饰,-0.004825568380275278,1665.1103843641886,17.521067306333048,1.6728400853481282,2.1638159981097758
2025-07-01,建筑装饰,0.007590790198505376,1677.7498879492496,17.7239116219506,1.679715703463087,3.3250844151686505
2025-07-02,建筑装饰,-0.012965447702748406,1655.9971095187516,17.748129419378188,1.6771655147434001,7.982539852214509
2025-07-03,建筑装饰,0.007795452065930942,1668.9063556073252,17.75304897889651,1.6720334599159505,1.6078549430800804
2025-07-04,建筑装饰,0.0027308386601881582,1673.4638696034513,17.785740267912423,1.6730911730064955,4.655209631390366
2025-07-07,建筑装饰,0.0053691398089116505,1682.4489310845147,17.445597546188257,1.6784376916774821,4.280830470603987
2025-07-08,建筑装饰,0.009132429510829604,1697.8137773532148,17.471591829847654,1.692684832868692,7.039459379117504
2025-07-09,建筑装饰,0.004473288495729758,1705.4085881913404,17.17025708564356,1.6962893623092017,5.4770171133245675
2025-07-10,建筑装饰,-0.012049092807093752,1684.8599618382082,17.155752619584195,1.6976251918637157,6.888320935498729
2025-07-11,建筑装饰,-0.003189748050283731,1679.4856830599335,17.278716079208387,1.7235706609721622,5.952880918851303
2025-07-14,建筑装饰,-0.012585005176796647,1658.3493470442684,17.25834430359224,1.7225316616739745,5.657724660176123
2025-07-15,建筑装饰,0.007919603599717386,1671.482816502709,17.165612625632082,1.7231823999816278,7.669226206947769
2025-07-16,建筑装饰,-0.006722697028823626,1660.2459439384766,17.21844845459325,1.755643177882658,1.7471567741021827
2025-07-17,建筑装饰,-0.008578103453554019,1646.0041824730288,17.1130045421674,1.757166628750688,4.813986799835114
2025-07-18,建筑装饰,0.015902013552370194,1672.178963289973,17.13317308859741,1.7440174379517623,7.218982995314998
2025-07-21,建筑装饰,0.012808515466875075,1693.5970934046557,17.39586552367574,1.762427992360141,2.1828695845552484
2025-07-22,建筑装饰,0.011800125419670631,1713.5817515172203,17.336945380588602,1.7446767791724096,5.681604193233808
2025-07-23,建筑装饰,-0.0004241124305559089,1712.855000195628,17.17791497010202,1.758505776617789,1.1924533213929904
2025-07-24,建筑装饰,-0.006226426521333651,1702.190034395211,17.001589109898415,1.7524399203858276,3.739734650675887
2025-07-25,建筑装饰,-0.006827164760978686,1690.5689025758988,17.043781360066316,1.7507040887928613,5.519527545811129
2025-07-28,建筑装饰,-0.025674781511969006,1647.1639153713334,16.713232236745885,1.730570350573648,3.7064253454959397
2025-07-29,建筑装饰,-0.007008151384101636,1635.6203412979814,17.0151277226596,1.7616840244425436,6.332158315487626
2025-07-30,建筑装饰,0.02060442489424865,1669.3213577757613,16.89452856976558,1.7687851604152502,3.6969944822378786
2025-07-31,建筑装饰,0.0014779389495618125,1671.7885128297535,17.084091400508115,1.7864672802107695,1.5925495422448748
2025-08-01,建筑装饰,-0.028117933558335226,1624.7812745024185,17.180104406802606,1.814402805632764,7.361959645176252
2025-08-04,建筑装饰,-0.01846654071623043,1594.7771849418507,17.219861059615607,1.814037512824472,5.1496844574604985
2025-08-05,建筑装饰,-0.00566499162285458,1585.7427855488354,17.160879281131326,1.8127793812505004,4.362391033555587
2025-08-06,建筑装饰,0.0008250713320903379,1587.0511364612607,17.13128817587968,1.7963135539411141,6.249421954502036
2025-08-07,建筑装饰,-0.018358824743119416,1557.9147427885998,17.110536557518607,1.7860442044992033,1.486928284404903
2025-08-08,建筑装饰,-0.01987512737982909,1526.9509888287628,17.355877194772738,1.8061293290880946,1.4350634899279722
2025-08-11,建筑装饰,-0.02279761893043502,1492.1401420599939,17.114065442965522,1.8158227846605717,3.4217024304207824
2025-08-12,建筑装饰,-0.028762504010861244,1449.2224552392263,17.296919809670698,1.8103719584683868,2.13476548801141
2025-08-13,建筑装饰,0.0018850692309856502,1451.9543398984513,17.62789614736932,1.8261137309137194,4.858318516788036
2025-08-14,建筑装饰,-0.013767367752349017,1431.9647505414503,17.918852811758676,1.8220441546745922,6.616032155869526
2025-08-15,建筑装饰,0.0013227771832342683,1433.8589208406622,17.958062353426087,1.8004409310874547,1.6593471995819602
2025-08-18,建筑装饰,0.0025555875529515177,1437.523272851451,18.19605893250012,1.8035316162950454,3.885907657320658
2025-08-19,建筑装饰,-0.0016776238044229359,1435.1116495895035,18.497556173141685,1.7784166531147283,3.678154601507032
2025-08-20,建筑装饰,-0.007631952793386218,1424.1589452265978,18.69002697487711,1.7594033626768473,1.8121295789539769
2025-08-21,建筑装饰,0.004202392566205806,1430.1438201911135,18.588459339696207,1.7280465784164636,2.067100190855325
2025-08-22,建筑装饰,0.02236539309548229,1462.1295489127626,18.789617425439783,1.722303944632645,7.2273486505247995
2025-08-25,建筑装饰,-0.004640146974999478,1455.3450529093177,18.81194415311751,1.7063894450302197,3.2067587011848353
2025-08-26,建筑装饰,0.011598692647647254,1472.2251528742868,18.90171682967793,1.6974085692570386,5.540214858460953
2025-08-27,建筑装饰,0.02398661852069508,1507.5388559928545,19.061368024340073,1.6930079060422947,5.432776050842924
2025-08-28,建筑装饰,-0.022915496036506944,1472.9928553134698,19.244455048819354,1.7006187308933094,3.009727766816774
2025-08-29,建筑装饰,-0.004782666908961079,1465.948021127226,19.475585092823938,1.693614022983238,7.640271188536603
2025-09-01,建筑装饰,0.02987976931322755,1509.7502098236898,19.559198174297464,1.6802897545769344,5.0357450053771124
2025-09-02,建筑装饰,-0.00675695904474819,1499.5488894881112,19.622574608695714,1.6672603953265137,5.136642721061209
2025-09-03,建筑装饰,0.012859838781787949,1518.8328464523374,19.81203180526508,1.6688544681310722,6.10524523482837
2025-09-04,建筑装饰,-0.006862455647556726,1508.4099234075059,19.89783840805999,1.6637826030028962,1.4825842859545406
2025-09-05,建筑装饰,0.0019379113826299983,1511.3330881677496,20.083236612138577,1.6674151610592083,3.6595926589262002
2025-09-08,建筑装饰,0.0028312046273961705,1515.6119814005071,20.138998324656104,1.6479757045304853,1.1076293683114788
2025-09-09,建筑装饰,0.006551874977455848,1525.5420816169774,19.971983766595443,1.6578671778242915,7.007138740276503
2025-09-10,建筑装饰,0.03147544514391037,1573.5591977216393,19.606220488528788,1.6682701900623558,5.498555831563977
2025-09-11,建筑装饰,0.01089207207432293,1590.6985179164371,19.76279405660224,1.6850432534504487,1.7262512384437372
2025-09-12,建筑装饰,-0.0025497526303495588,1586.6426301862866,19.58986669948803,1.6947109528688435,6.621322885919114
2025-09-15,建筑装饰,-0.008265406370260499,1573.528384083418,19.579612848964562,1.6994123644471024,2.7522991066142257
2025-09-16,建筑装饰,-0.011783483471396957,1554.986738377797,19.740710615550395,1.7014950709848056,6.557490926644677
2025-09-17,建筑装饰,0.020935741185349098,1587.5415382791248,19.750833931806017,1.6771337278345373,4.948166555215274
2025-09-18,建筑装饰,0.013124732934847292,1608.377596992015,19.860414349525136,1.6580536438733597,2.326464781878969
2025-09-19,建筑装饰,0.008987259462011761,1622.8325037690693,19.925032778970667,1.6668317576293872,2.4924299793266433
2025-09-22,建筑装饰,-0.014386056094159319,1599.4863443384224,20.265136447866617,1.6683541628621668,2.970633647264921
2025-09-23,建筑装饰,-0.018149605716797555,1570.4562978392782,20.253003991846217,1.656148991100165,5.130759864654933
2025-09-24,建筑装饰,-0.001543258948770808,1568.0326771039843,20.165862870871784,1.6627637625977192,4.076443065346974
2025-09-25,建筑装饰,-0.0076282512055756676,1556.0713299444838,20.318890198331008,1.6542086994824043,3.5512189355775043
2025-09-26,建筑装饰,-0.004596103214012565,1548.9194655036931,20.134536474772695,1.648093209502505,5.3934926100812115
2025-09-29,建筑装饰,0.0010150348919808888,1550.4916728060477,20.32756531117489,1.6610293940610084,5.40187851991078
2025-09-30,建筑装饰,0.006081921882315239,1559.9216420392343,19.98708713790001,1.6814312695252445,5.085061303635821
2025-10-01,建筑装饰,-0.012753525395648389,1540.0271417622655,20.023438830870766,1.6724937064230145,5.810668900364611
2025-10-02,建筑装饰,0.013794216802640312,1561.2706100376847,19.97348803151841,1.6681103342184875,7.32986415940108
2025-10-03,建筑装饰,0.005389155019700998,1569.6845393828808,20.244665918265472,1.6621254848788585,6.698679048770652
2025-10-06,建筑装饰,-0.03768941922654068,1510.52404072466,20.265394571578042,1.660678054404508,2.7987905440340115
2025-10-07,建筑装饰,0.0027203840263929713,1514.6332461965299,20.419955471288876,1.6558022664543828,7.571517849491531
2025-10-08,建筑装饰,0.007147077199625602,1525.458446936216,20.361750214949275,1.6634148901463548,2.559361134918649
2025-10-09,建筑装饰,-0.009863715665271566,1510.4117585564504,20.375604874448356,1.6673160046821869,5.847622564774624
2025-10-10,建筑装饰,0.004652406628188205,1517.4388082332516,20.340837830964755,1.6786858843980759,7.695367680618589
2025-10-13,建筑装饰,0.006088217228561088,1526.6773053288243,20.397001212778868,1.6825269346602747,5.0863299461458995
2025-10-14,建筑装饰,0.0215980423160996,1559.6505463723452,20.192637753188073,1.6683885382414336,4.417016466690859
2025-10-15,建筑装饰,-0.011503910882181969,1541.7084654795312,20.178723802182134,1.64836475197855,7.6962455382450035
2025-10-16,建筑装饰,-0.007811824624193434,1529.6649093255708,20.360567641829615,1.6502182577442372,2.479566506705792
2025-10-17,建筑装饰,0.005344744510494774,1537.8405774525852,20.353669456097286,1.6570853715594278,6.984902103824402
2025-10-20,建筑装饰,0.031103211089370208,1585.6723575548922,20.28075202756699,1.6835715375020819,2.2006483163722494
2025-10-21,建筑装饰,-0.014421027728686307,1562.8053325179817,20.174027122217268,1.7008569143119159,6.722046884637191
2025-10-22,建筑装饰,0.004563067859661288,1569.9365193017018,20.069034707238995,1.7136096016471003,3.815192989296874
2025-10-23,建筑装饰,-0.00963626890958709,1554.8081888307293,20.150214924172246,1.7162486281146176,1.1443864240963504
2025-10-24,建筑装饰,-0.019984418774922203,1523.7362508704578,20.30360675525094,1.7081253674271375,2.3471192375286853
2025-10-27,建筑装饰,9.144029825696579e-05,1523.8755817677024,20.49852877925065,1.7044188072916697,4.357670280020594
2025-10-28,建筑装饰,0.015247055049583484,1547.1101966516308,20.536540064174723,1.7195849752708954,7.031670810747773
2025-10-29,建筑装饰,-0.015692778770412648,1522.8317386021272,20.444548549014264,1.703624559707788,7.858671217225486
2025-10-30,建筑装饰,-0.0017562224022566754,1520.1573073879267,20.404179016510607,1.6872609905090563,5.3316441513129655
2025-10-31,建筑装饰,-0.03102012082964067,1473.001844032692,20.35617954610129,1.6966077359989553,6.949891748494459
2025-11-03,建筑装饰,-0.010491668272413908,1457.547597320447,20.357245878777427,1.7082016698543483,2.6903812534523137
2025-11-04,建筑装饰,-0.003271783224814814,1452.778817542165,20.188413090405966,1.7229665546645772,1.3144403866949492
2025-11-05,建筑装饰,0.0185958491588288,1479.7944732943206,20.221946431846217,1.7470340199915582,7.300165183604081
2025-11-06,建筑装饰,-0.02001527199921224,1450.1759844084038,20.124805084156247,1.754975948751604,6.13368771555504
2025-11-07,建筑装饰,0.025466695091162537,1487.1071740318591,20.12689225851818,1.739713730032644,4.989366126824674
2025-11-10,建筑装饰,-4.037485620427811e-05,1487.0471322935473,20.657713687981424,1.719575381178876,7.152317175521092
2025-11-11,建筑装饰,-0.0014787502779880694,1484.8481609332869,20.81488697091048,1.7333163314196085,4.637124948339799
2025-11-12,建筑装饰,-0.04347324878980973,1420.2969874179425,20.838867670084973,1.7393363751025759,2.9421989642156077
2025-11-13,建筑装饰,0.033892820203373974,1468.4348578478925,20.931691646526442,1.7546484968450944,2.2441530823507616
2025-11-14,建筑装饰,0.027261786379466052,1508.4670152547033,20.919398174764464,1.7516844185492209,3.9926550819217748
2025-11-17,建筑装饰,0.010052990949642527,1523.6316205068931,20.877959100176593,1.732427472749995,7.561794929045028
2025-11-18,建筑装饰,-0.000972549042036898,1522.149814033952,20.87374792446456,1.7304691520382927,7.487234399416178
2025-11-19,建筑装饰,-0.01160241446102556,1504.489201019757,20.83642448417682,1.7301995246591348,2.2960618114033315
2025-11-20,建筑装饰,-0.02874223393939123,1461.2468204447594,21.04401416611896,1.728485803211091,7.108325791376291
2025-11-21,建筑装饰,0.010085389280316442,1475.9840634635696,20.781209349522456,1.7424891959998017,6.016703077980563
2025-11-24,建筑装饰,-0.005937476038209122,1467.220443453976,20.822949582386094,1.7312625807111686,1.7910883774288489
2025-11-25,建筑装饰,-0.010781631620325558,1451.4014131268445,20.73020674493879,1.736876776753527,4.94523445787913
2025-11-26,建筑装饰,-0.01687871100601574,1426.9036281209535,20.5855473662955,1.7345256050343403,1.8439831186858058
2025-11-27,建筑装饰,0.00511458855082131,1434.2016530804663,20.594996223739987,1.7429636228463676,4.108929955306188
2025-11-28,建筑装饰,0.0016615443046798773,1436.5846426689045,20.595050384241617,1.7030033242493985,5.881978207088887
2025-12-01,建筑装饰,0.014453624775756452,1457.348498052655,20.538092069406268,1.7022129250605225,4.576942949859426
2025-12-02,建筑装饰,-0.006600469814062654,1447.729313282689,20.2899655991924,1.712042458877855,3.9923597969008475
2025-12-03,建筑装饰,0.02980600164103778,1490.8803355701712,20.26346229663741,1.7222356736924367,3.3910813660270973
2025-12-04,建筑装饰,0.01303995935459819,1510.321354548576,20.135168533746157,1.7136533624351225,3.1981487540837334
2025-12-05,建筑装饰,0.017666970387683185,1537.0041571952713,20.109687175162406,1.720761772521274,2.9036998043722995
2025-12-08,建筑装饰,0.006363814908226565,1546.7853671648368,19.853710810733897,1.7302064204542136,1.763162125036452
2025-12-09,建筑装饰,-0.012272180093522357,1527.8029385729646,19.92184983390463,1.7466349806402062,6.671739110968119
2025-12-10,建筑装饰,0.020377769830194466,1558.9361552010994,19.979805313538687,1.740174217400375,7.99493568162366
2025-12-11,建筑装饰,0.0068846525673514885,1569.6688890043415,20.079105920034973,1.7279493532919268,6.113501175241216
2025-12-12,建筑装饰,0.02750870402397449,1612.8484458876028,20.210589857437522,1.7472393572380716,6.573948648084799
2025-12-15,建筑装饰,-0.015209701345764584,1588.3175027096718,20.188120090406898,1.7241610734560417,3.6910316820040516
2025-12-16,建筑装饰,0.006426087645486263,1598.524170190944,20.181836723691543,1.7219516152999637,6.661607742948182
2025-12-17,建筑装饰,-0.003581847381581145,1592.7985005775513,20.185384415462828,1.696604594291826,4.342854587780198
2025-12-18,建筑装饰,-0.003790954836430048,1586.7602733983283,20.295752490460856,1.694557912645406,1.2882410927411105
2025-12-19,建筑装饰,0.013027835800892411,1607.4323256955408,20.368373381369047,1.6864942529359488,4.4942846711856195
2025-12-22,建筑装饰,0.0008119732733571853,1608.737517782736,20.37406497847469,1.6728004267210994,4.647672482949276
2025-12-23,建筑装饰,0.0009893319502589169,1610.3290932086586,20.400167279449967,1.6596914885105245,1.8977374395154543
2025-12-24,建筑装饰,-0.011826836619265755,1591.2839941200293,20.53043735447504,1.6739433272387807,5.269139891156741
2025-12-25,建筑装饰,0.005189311771715582,1599.541662882859,20.547147029123966,1.6514350885373559,3.670643865325242
2025-12-26,建筑装饰,0.01141415367908075,1617.7990772390965,20.638359583463057,1.6407743970343915,5.954051620152077
2025-12-29,建筑装饰,-0.006797612910251758,1606.8019053454627,20.570844816671514,1.6315950010135718,2.9635315586424342
2025-12-30,建筑装饰,-0.017767806179888664,1578.2525605218086,20.839190496632256,1.6230062085562487,7.094169436083991
2025-12-31,建筑装饰,0.008607939273057691,1591.838062720328,20.68007843406671,1.6074893530022667,1.3114609877287937
2026-01-01,建筑装饰,0.0010027141147034035,1593.4342212141396,20.85678776672838,1.6192150226496531,4.224893091815518
2026-01-02,建筑装饰,0.006590375176894676,1603.935550551644,21.185603934466737,1.6356528405088204,5.6607593483891465
2026-01-05,建筑装饰,0.02574906389026017,1645.235389518658,21.076797897354755,1.6247435705160047,4.079742046553844
2026-01-06,建筑装饰,0.022640047543332886,1682.4835969573342,21.027277113288665,1.6110294137958707,2.760261793437531
2026-01-07,建筑装饰,-0.006018457948730401,1672.3576401796179,21.144968680280456,1.5999257715966433,4.292377302381874
2026-01-08,建筑装饰,-0.009794758248169385,1655.9773013895795,21.42565049009664,1.6107903785227806,4.555532870204439
2026-01-09,建筑装饰,0.00614407345379129,1666.151747567128,21.464962346868067,1.630039895027082,2.81384072989996
2026-01-12,建筑装饰,0.011959597144889226,1686.078251250284,21.415335144664272,1.6316863119031233,3.6073882275287605
2026-01-13,建筑装饰,-0.008992869920116104,1670.9155688616534,21.569797695085487,1.6282188097176742,6.976756621823586
2026-01-14,建筑装饰,-0.022856019806032954,1632.7250895255427,21.685246973037888,1.5957810215650805,3.475326204417467
2026-01-15,建筑装饰,-0.009797198904452216,1616.7289570671715,21.702977613266214,1.5837600056465349,3.112819085121385
2026-01-16,建筑装饰,-0.018897420912398485,1586.17694946421,21.899590190059428,1.5758821846154427,7.947766489338344
2026-01-19,建筑装饰,-0.0012341953511788052,1584.2192972470343,21.821594061643186,1.5759719641214107,4.788614611328009
2026-01-20,建筑装饰,0.0053457279604106475,1592.6881026397498,21.90297064928047,1.5663253178482737,5.604159552912306
2026-01-21,建筑装饰,0.006595517284603355,1603.1927045496923,21.973866891713488,1.5849684027985071,7.249243031642461
2026-01-22,建筑装饰,-0.013842256691123187,1581.0008996079794,21.83153873501636,1.5890245013703843,1.0101305436469952
2026-01-23,建筑装饰,0.014341455877284654,1603.6747542516548,21.99524542263477,1.5841342260320592,1.191236581492203
2026-01-26,建筑装饰,0.04198867870991083,1671.0109382631229,22.168008739668814,1.5693012072894708,6.706552979484828
2026-01-27,建筑装饰,-0.011309088585399734,1652.1133275351333,22.162448065392123,1.5570455184772791,5.440780816479592
2026-01-28,建筑装饰,0.0009127195214193272,1653.6212436207718,21.992166544434575,1.5765410164261024,2.64385234403273
2026-01-29,建筑装饰,0.00770499810980938,1666.3623921772105,22.09436652309633,1.5547612196497138,7.881884869871299
2026-01-30,建筑装饰,0.012681653258316909,1687.4946222375015,22.19104589847114,1.5514715893327147,1.4041539575568673
2026-02-02,建筑装饰,-0.007957023931920496,1674.0671871433706,22.21200864333191,1.5510804315810776,1.7369114354443693
2026-02-03,建筑装饰,-0.0017529329920714268,1671.1326595400826,22.214930131720696,1.5399383272800062,1.9070917598733406
2026-02-04,建筑装饰,0.009660197931468205,1687.2761318009805,22.421077966870612,1.5313454813874485,1.7462916041784755
2026-02-05,建筑装饰,0.0014455729971995519,1689.7152126159315,22.496792712194626,1.5423509076222992,2.0105519120877204
2026-02-06,建筑装饰,0.019774103060120497,1723.1278153724522,22.314726918923537,1.5455660701888845,3.8086551777418953
2026-02-09,建筑装饰,0.025652811105684223,1767.330887731152,22.669513382699705,1.5536068615641985,1.5727323319531665
2026-02-10,建筑装饰,0.013076882639585459,1790.4420663353267,22.6544007108206,1.5327165926804276,2.65521703243649
2026-02-11,建筑装饰,-0.013017295935193896,1767.1353521030198,22.705392420772622,1.5319856726875145,5.32411851448241
2026-02-12,建筑装饰,0.02940232943519171,1819.0932478821264,22.769149088537926,1.538775052345585,4.232060427166837
2026-02-13,建筑装饰,-0.00024931969189794737,1818.639712114031,22.829564559588004,1.539295153443693,3.163668420897965
2026-02-16,建筑装饰,-0.00586230858560984,1807.9782849155738,23.362952753455023,1.541470984507692,2.680671273949413
2026-02-17,建筑装饰,0.02372299535791229,1850.8689453758323,23.428036539086033,1.5325875630039623,2.8776988521484053
2026-02-18,建筑装饰,-0.021442806311010032,1811.1811210730748,23.534469239872497,1.5425078715138436,7.098375060528851
2026-02-19,建筑装饰,0.00737450588382034,1824.5376869070926,23.540795626657452,1.5472420673832654,1.2674055649242582
2026-02-20,建筑装饰,-0.0015918160188450263,1821.6333585900875,23.524146620377454,1.5234075829252696,3.6650461686483267
2026-02-23,建筑装饰,0.022990672744279295,1863.5139349974945,23.66154270950924,1.5261827333075697,4.176948439324892
2026-02-24,建筑装饰,-0.010810074914337263,1843.3692097562603,23.61223058686579,1.5371591568153213,5.7561790083494335
2026-02-25,建筑装饰,-0.011049542919589844,1823.0008225564081,23.45218312052791,1.5189331422185466,2.7771518757305236
2026-02-26,建筑装饰,-0.013855670277876438,1797.7419242427688,23.4730936868516,1.5538782027386122,4.438641981823196
2026-02-27,建筑装饰,-0.02506140594021108,1752.6879841035845,23.583741772724295,1.554266232102572,3.343204268701277
2026-03-02,建筑装饰,0.03196059224630513,1808.7049300985177,23.686810217657705,1.5640053412061503,3.755272393612354
2026-03-03,建筑装饰,-0.021938066456521178,1769.0254411417789,23.722980912189424,1.562364756367239,6.088764411227278
2026-03-04,建筑装饰,-0.004948391030570138,1760.2716115159826,23.762964081748237,1.570483464702228,7.66286982876662
2026-03-05,建筑装饰,0.006465221075258714,1771.6521566369354,23.78071315155719,1.5621985125218019,2.548530592542193
2026-03-06,建筑装饰,0.000260018903548931,1772.112819688174,23.63600240792483,1.5472359146507042,1.3052236851034884
2026-03-09,建筑装饰,0.0007283795952171623,1773.4035905064577,23.80927866528588,1.5410659824053394,1.3788082746255457
2026-03-10,建筑装饰,0.0031527788971223076,1778.9947399226876,23.988010217993516,1.5436487627318645,4.699374006716829
2026-03-11,建筑装饰,0.0029975932532510016,1784.327442552649,24.031492598831434,1.5349385290888293,3.034898695528444
2026-03-12,建筑装饰,0.02973288276807314,1837.3806412219228,23.757380960012924,1.5089430341279944,7.373865755751176
2026-03-13,建筑装饰,-0.004345627314206127,1829.3960697208352,23.65369352804963,1.5315375200818895,5.414461022714706
2026-03-16,建筑装饰,0.00551885417907024,1839.4922398653887,23.380637233583464,1.535074337861871,4.156119619815678
2026-03-17,建筑装饰,0.013220819813416652,1863.8118353168272,23.473542835256865,1.5364003941800066,4.688435571131027
2026-03-18,建筑装饰,0.007261298623216795,1877.3455296305485,23.15859382712018,1.523872166051346,5.46147910507875
2026-03-19,建筑装饰,0.035613232577194495,1944.2038726050378,23.3211416274584,1.5021969066173204,7.66977720462534
2026-03-20,建筑装饰,-0.003162494942363942,1938.0553376909997,23.345760571474734,1.4785552636358246,1.761896259792823
2026-03-23,建筑装饰,-0.0016167909718397039,1934.921907318095,23.20799847798863,1.4681846506218548,4.9364352225472405
2026-03-24,建筑装饰,0.013982069700535355,1961.9761202913094,23.068146784946155,1.4506031755686646,7.345124229316773
2026-03-25,建筑装饰,0.00098559259587494,1963.9098294287521,23.282864172438714,1.4424234968505791,7.67861147125
2026-03-26,建筑装饰,-0.008824786433336859,1946.5787446097124,23.38843379501816,1.4361142424522824,3.582791466748761
2026-03-27,建筑装饰,0.01958440620327061,1984.7013334508017,23.12725230434724,1.4476748558006831,4.943815231811193
2026-03-30,建筑装饰,0.012483624595209259,2009.477599831213,23.233702337474057,1.4524119883989708,4.4026671223651626
2026-03-31,建筑装饰,0.010683556872526482,2030.9459680530779,23.650960749731652,1.4635514985381284,3.4893178114389913
2026-04-01,建筑装饰,0.002503219646358731,2036.0298719010016,23.610243092831467,1.446733589309747,2.4565963333688563
2026-04-02,建筑装饰,0.01409101389849268,2064.7195971237047,23.609549690499946,1.458558903432641,2.1633364373085824
2026-04-03,建筑装饰,0.005263606001585201,2075.5874675867153,23.650043212687603,1.4684111722978717,1.2223185211833587
2026-04-06,建筑装饰,0.007281450365826441,2090.7007547118797,23.676384327806655,1.4701813035389537,7.408350220088003
2026-04-07,建筑装饰,-0.011335751613800595,2067.00109025768,23.27188621399703,1.466061425770166,5.392755429617632
2026-04-08,建筑装饰,-0.035304534362595424,1994.0265792391556,23.286071344895614,1.4765405149340793,7.543828019903362
2026-04-09,建筑装饰,-0.007599127561333108,1978.8737169028286,23.29807859022832,1.4892250826588904,7.189149226354381
2026-04-10,建筑装饰,-0.0022459191959046223,1974.4293264357652,23.439006836610673,1.4828884204856971,4.353643447344603
2026-04-13,建筑装饰,-0.004100594827054798,1966.3329917533974,23.455391698557182,1.490484070942318,5.672934712503201
2026-04-14,建筑装饰,0.009632207424991426,1985.2731189965702,23.446102491642346,1.5009145342352617,1.8420201539799805
2026-04-15,建筑装饰,-0.004639116592024694,1976.0632055305327,23.711276598734443,1.5206574888875848,7.019123250491879
2026-04-16,建筑装饰,0.029937695955468146,2035.221984966494,24.165072188189633,1.529943468409468,6.076114059098808
2026-04-17,建筑装饰,0.0012263796681185515,2037.7179398289645,24.215952419387698,1.5281731647661954,5.672102233273123
2026-04-20,建筑装饰,0.026146810811843647,2090.9977652895723,24.056238858334044,1.5168731901553576,6.032851230238299
2026-04-21,建筑装饰,-0.0033463890755602017,2084.0004732107864,24.163021152758944,1.5264102704908467,2.6038026742967357
2026-04-22,建筑装饰,-0.017818192283398943,2046.867352060422,24.00108219437623,1.5250003886127594,5.361803881139422
2026-04-23,建筑装饰,-0.008101468689628301,2030.284720295882,23.97420038733526,1.541802352541586,6.065930981769215
2026-04-24,建筑装饰,-0.0016330322656111509,2026.9691998392614,24.206344029055195,1.5406808972763761,3.7054719361370587
2026-04-27,建筑装饰,0.022610078715613185,2072.7991330017503,24.595922178108182,1.544359746917198,6.088174394230181
2026-04-28,建筑装饰,0.014469989091658171,2102.7925138454843,24.21990397424621,1.5361685868468202,5.73679943400054
2026-04-29,建筑装饰,-0.008630572503351547,2084.644210595236,24.14974406753437,1.535370624341414,3.428033094530989
2026-04-30,建筑装饰,0.008480124654736684,2102.3222533618587,24.259731984148363,1.4944082539156123,5.056552097040642
2026-05-01,建筑装饰,-0.00949536305724045,2082.359940302872,24.286894653071396,1.4763802756627051,1.0773245203965387
2026-05-04,建筑装饰,-0.030977796233357845,2017.8530183876624,24.226691866358774,1.4895511261315113,3.665851161279663
2026-05-05,建筑装饰,0.02134174224653251,2060.9175173974795,24.103982274712333,1.4919037963655624,1.7534969528342468
2026-05-06,建筑装饰,0.01909102704488185,2100.2625494593854,24.243592974883313,1.4905051182470561,7.61997955488561
2026-05-07,建筑装饰,-0.03017554471764616,2036.8859829793762,24.217062372296667,1.4942803994019767,6.669915125119632
2026-05-08,建筑装饰,0.005392487315821714,2047.8698648063676,24.23031275940803,1.5126707471762522,6.376959907304097
2026-05-11,建筑装饰,-0.0016805047899626283,2044.4284096893402,24.511330031141963,1.5125184057586252,2.8272823331489754
